,train_loss,test_loss
0,0.03016720898449421,0.0315699428319931
1,0.029081443324685097,0.0323566272854805
2,0.03072681650519371,0.032190658152103424
3,0.03304299712181091,0.031408533453941345
4,0.03287310153245926,0.030777184292674065
5,0.029995257034897804,0.03043423965573311
6,0.03180023655295372,0.030289122834801674
7,0.0316057913005352,0.030238375067710876
8,0.028895672410726547,0.0303086806088686
9,0.028963258489966393,0.030357712879776955
10,0.02947729267179966,0.030332263559103012
11,0.029824888333678246,0.03024156577885151
12,0.03107856772840023,0.030082127079367638
13,0.02836114540696144,0.02996024303138256
14,0.028356479480862617,0.02987794205546379
15,0.029222026467323303,0.02976030670106411
16,0.030175549909472466,0.029667038470506668
17,0.029631268233060837,0.02962389588356018
18,0.029639827087521553,0.029591763392090797
19,0.02905876748263836,0.02960338443517685
20,0.029537703841924667,0.029684187844395638
21,0.029306916519999504,0.029749901965260506
22,0.031119918450713158,0.029752051457762718
23,0.028971906751394272,0.029719820246100426
24,0.030056551098823547,0.02966359071433544
25,0.028563031926751137,0.029616190120577812
26,0.030004095286130905,0.029566552489995956
27,0.029977865517139435,0.029503321275115013
28,0.025698412209749222,0.029512083157896996
29,0.028296470642089844,0.02953302301466465
30,0.029714159667491913,0.029495958238840103
31,0.03104105219244957,0.029472554102540016
32,0.03129635006189346,0.029458845034241676
33,0.030266717076301575,0.029463013634085655
34,0.031292907893657684,0.029465870931744576
35,0.028565291315317154,0.02951248735189438
36,0.028440432623028755,0.029566019773483276
37,0.027911556884646416,0.029591582715511322
38,0.028099196031689644,0.029639285057783127
39,0.029729796573519707,0.029650820419192314
40,0.027595294639468193,0.029665613546967506
41,0.02987889014184475,0.029625991359353065
42,0.02919374220073223,0.0295732244849205
43,0.029871881008148193,0.02948836423456669
44,0.030326154083013535,0.029399201273918152
45,0.0290356557816267,0.029346400871872902
46,0.02965017966926098,0.02933395653963089
47,0.030076414346694946,0.029371783137321472
48,0.028848785907030106,0.02942548505961895
49,0.03071819432079792,0.029438747093081474
50,0.02851966768503189,0.0294693261384964
51,0.029093697667121887,0.029499834403395653
52,0.02786625549197197,0.029480157420039177
53,0.029262887313961983,0.02945215255022049
54,0.02713368460536003,0.029433099552989006
55,0.027631251141428947,0.029416970908641815
56,0.0283688735216856,0.02937311679124832
57,0.027672717347741127,0.029345981776714325
58,0.03056037798523903,0.02930702641606331
59,0.027790313586592674,0.029310816898941994
60,0.02925330214202404,0.029314624145627022
61,0.028159234672784805,0.029345765709877014
62,0.028206557035446167,0.029381578788161278
63,0.029094696044921875,0.029421018436551094
64,0.031111374497413635,0.02940666675567627
65,0.0285330917686224,0.02940613590180874
66,0.028917931020259857,0.029453052207827568
67,0.02839965745806694,0.02949593961238861
68,0.028901508077979088,0.029524045065045357
69,0.02930689975619316,0.029549987986683846
70,0.02973536029458046,0.029558971524238586
71,0.02752608060836792,0.029574325308203697
72,0.02984945848584175,0.02955702319741249
73,0.030787605792284012,0.02951323427259922
74,0.028965013101696968,0.029518820345401764
75,0.027893561869859695,0.029536526650190353
76,0.02846394293010235,0.0295278187841177
77,0.02969207987189293,0.029506517574191093
78,0.030032655224204063,0.029454100877046585
79,0.028780683875083923,0.02938617765903473
80,0.027745943516492844,0.029394662007689476
81,0.030690103769302368,0.029401032254099846
82,0.02881801687180996,0.029411857947707176
83,0.02929580956697464,0.029421061277389526
84,0.027897821739315987,0.02944161929190159
85,0.030339915305376053,0.029393907636404037
86,0.02992258407175541,0.02935914695262909
87,0.02865385264158249,0.029340578243136406
88,0.030241727828979492,0.029306109994649887
89,0.030993936583399773,0.029256539419293404
90,0.02829388901591301,0.02925964817404747
91,0.02952326089143753,0.029256397858262062
92,0.030687784776091576,0.029255520552396774
93,0.030293403193354607,0.029259799048304558
94,0.02812803164124489,0.029315434396266937
95,0.029173174872994423,0.02934192307293415
96,0.026828471571207047,0.02938964031636715
97,0.030087027698755264,0.02941126935184002
98,0.03119688667356968,0.0294342003762722
99,0.027531422674655914,0.029494758695364
100,0.030735129490494728,0.02948654815554619
101,0.03131325915455818,0.02940375544130802
102,0.028804274275898933,0.029344841837882996
103,0.02942539192736149,0.029301103204488754
104,0.029961315914988518,0.029256140813231468
105,0.02888469398021698,0.029223497956991196
106,0.02692911960184574,0.029239563271403313
107,0.029067277908325195,0.029256001114845276
108,0.02884555049240589,0.029242930933833122
109,0.02988891676068306,0.02920174039900303
110,0.02965700626373291,0.029202543199062347
111,0.02898535318672657,0.029230710119009018
112,0.03042702190577984,0.029245620593428612
113,0.028358710929751396,0.02930167317390442
114,0.028647154569625854,0.029315633699297905
115,0.026614468544721603,0.02934269793331623
116,0.029593801125884056,0.029314443469047546
117,0.03253094106912613,0.029267117381095886
118,0.028987189754843712,0.029284415766596794
119,0.02910517156124115,0.029313523322343826
120,0.029861219227313995,0.029326491057872772
121,0.029241304844617844,0.029304057359695435
122,0.03029756061732769,0.02931332215666771
123,0.029376022517681122,0.02935776673257351
124,0.02914739027619362,0.029370278120040894
125,0.03000873327255249,0.02935967780649662
126,0.03012707084417343,0.029388416558504105
127,0.02921622432768345,0.029432276263833046
128,0.02826576866209507,0.029462944716215134
129,0.0283986646682024,0.029471755027770996
130,0.028049569576978683,0.02943919599056244
131,0.029663553461432457,0.029380980879068375
132,0.0287137683480978,0.02935602329671383
133,0.028438642621040344,0.029343802481889725
134,0.02979092113673687,0.029285172000527382
135,0.02821737341582775,0.029281720519065857
136,0.030237123370170593,0.02924979291856289
137,0.030279910191893578,0.029266759753227234
138,0.02695118635892868,0.029321817681193352
139,0.029745550826191902,0.029341787099838257
140,0.028485894203186035,0.029365183785557747
141,0.028524525463581085,0.029361935332417488
142,0.02938326820731163,0.029333921149373055
143,0.027735941112041473,0.029386164620518684
144,0.029157564043998718,0.029383672401309013
145,0.02791355364024639,0.02937617339193821
146,0.028331462293863297,0.029368624091148376
147,0.029285619035363197,0.0293589998036623
148,0.028653696179389954,0.029395341873168945
149,0.027787651866674423,0.02941279672086239
150,0.030324220657348633,0.029394662007689476
151,0.02942407876253128,0.02933693304657936
152,0.027997255325317383,0.029311440885066986
153,0.030359014868736267,0.029262948781251907
154,0.029786312952637672,0.029219573363661766
155,0.02864949218928814,0.029224947094917297
156,0.02959173172712326,0.02926604636013508
157,0.030280742794275284,0.02929488942027092
158,0.028244225308299065,0.029303887858986855
159,0.02748938836157322,0.0293179489672184
160,0.02978632226586342,0.02932986617088318
161,0.030635936185717583,0.029355503618717194
162,0.02784895896911621,0.029381776228547096
163,0.030593056231737137,0.029371535405516624
164,0.030282000079751015,0.029343780130147934
165,0.0280312392860651,0.02933651953935623
166,0.028206685557961464,0.029333040118217468
167,0.02889159880578518,0.02931523136794567
168,0.030964259058237076,0.029289493337273598
169,0.02772529236972332,0.02930484525859356
170,0.027195248752832413,0.02933882735669613
171,0.02823980152606964,0.02933991141617298
172,0.027380328625440598,0.029350154101848602
173,0.0295982975512743,0.029328636825084686
174,0.02927161380648613,0.029300227761268616
175,0.030338801443576813,0.029276400804519653
176,0.028914401307702065,0.029238376766443253
177,0.03268066421151161,0.029196463525295258
178,0.029301125556230545,0.02921953797340393
179,0.028544308617711067,0.02927377261221409
180,0.030893398448824883,0.0293040219694376
181,0.030139053240418434,0.029330546036362648
182,0.028971560299396515,0.029377680271863937
183,0.028979942202568054,0.029444167390465736
184,0.028131723403930664,0.029498236253857613
185,0.030369319021701813,0.029520221054553986
186,0.02928408421576023,0.029510224238038063
187,0.029464218765497208,0.029451195150613785
188,0.03032028302550316,0.029428455978631973
189,0.028823241591453552,0.029417887330055237
190,0.028725329786539078,0.029403874650597572
191,0.02834176830947399,0.029425790533423424
192,0.027423851191997528,0.029448838904500008
193,0.0290173701941967,0.029421156272292137
194,0.029415084049105644,0.02937633916735649
195,0.03042782098054886,0.029314931482076645
196,0.030118456110358238,0.029275627806782722
197,0.028196876868605614,0.02930281311273575
198,0.02951061725616455,0.029317712411284447
199,0.029617879539728165,0.029299801215529442
200,0.02773609384894371,0.029324084520339966
201,0.029266316443681717,0.029335107654333115
202,0.031149499118328094,0.02930121310055256
203,0.029581137001514435,0.02929910644888878
204,0.031083054840564728,0.02929806523025036
205,0.030021976679563522,0.02928123064339161
206,0.028606615960597992,0.029291978105902672
207,0.02879263646900654,0.029315650463104248
208,0.028251783922314644,0.029343781992793083
209,0.03019217774271965,0.029304264113307
210,0.03167719766497612,0.029237987473607063
211,0.028411978855729103,0.029240544885396957
212,0.02949577011168003,0.029229924082756042
213,0.030259402468800545,0.02920922450721264
214,0.02961020916700363,0.029164843261241913
215,0.028141817077994347,0.02915828861296177
216,0.02907617948949337,0.02916944958269596
217,0.028480825945734978,0.029179278761148453
218,0.029674474149942398,0.029184646904468536
219,0.030213508754968643,0.029189985245466232
220,0.02935193106532097,0.029175899922847748
221,0.025931790471076965,0.02919234335422516
222,0.029257211834192276,0.029185516759753227
223,0.029690658673644066,0.029153192415833473
224,0.029916316270828247,0.029119225218892097
225,0.028731033205986023,0.029140541329979897
226,0.030314598232507706,0.029156962409615517
227,0.028397327288985252,0.02918589673936367
228,0.029964985325932503,0.029219696298241615
229,0.02878323383629322,0.02922818250954151
230,0.02988620288670063,0.02923804149031639
231,0.028420090675354004,0.029242439195513725
232,0.027543462812900543,0.029263857752084732
233,0.02716364897787571,0.02930544689297676
234,0.029058149084448814,0.02934429608285427
235,0.028750048950314522,0.02927897870540619
236,0.028927341103553772,0.029230361804366112
237,0.029397280886769295,0.029180841520428658
238,0.029803777113556862,0.02919161692261696
239,0.030399922281503677,0.029225515201687813
240,0.02976277284324169,0.02921614795923233
241,0.029531342908740044,0.029199307784438133
242,0.03078681044280529,0.029203370213508606
243,0.029765404760837555,0.029169127345085144
244,0.027592584490776062,0.029157834127545357
245,0.029177933931350708,0.029132233932614326
246,0.02929828129708767,0.029108911752700806
247,0.029419811442494392,0.029112985357642174
248,0.029627544805407524,0.029117004945874214
249,0.03217048570513725,0.029133787378668785
250,0.02943285182118416,0.029179904609918594
251,0.027916451916098595,0.029275672510266304
252,0.027885913848876953,0.02937469258904457
253,0.029274890199303627,0.029404273256659508
254,0.02946506254374981,0.029385602101683617
255,0.029854508116841316,0.029317891225218773
256,0.030661730095744133,0.02926200069487095
257,0.028511689975857735,0.029231293126940727
258,0.028669847175478935,0.029226824641227722
259,0.03149013593792915,0.029166333377361298
260,0.030087465420365334,0.029142335057258606
261,0.029154891148209572,0.029134603217244148
262,0.030098723247647285,0.02912844717502594
263,0.029063764959573746,0.02915020100772381
264,0.029707347974181175,0.029168356209993362
265,0.029242953285574913,0.029191799461841583
266,0.03020414523780346,0.029191650450229645
267,0.028268005698919296,0.02920338697731495
268,0.031151369214057922,0.029158391058444977
269,0.027043867856264114,0.029162408784031868
270,0.029748672619462013,0.029191626235842705
271,0.027437260374426842,0.029184935614466667
272,0.029939232394099236,0.029169542714953423
273,0.02810828387737274,0.02917943149805069
274,0.031149262562394142,0.02916800044476986
275,0.03029741160571575,0.029177121818065643
276,0.02876427210867405,0.02922903560101986
277,0.030461061745882034,0.029238026589155197
278,0.029153035953640938,0.029235972091555595
279,0.02857498824596405,0.0292354766279459
280,0.030238110572099686,0.029218889772892
281,0.030479831621050835,0.02921423688530922
282,0.02832755260169506,0.02921411581337452
283,0.030370088294148445,0.02920590713620186
284,0.028920385986566544,0.029188835993409157
285,0.029259875416755676,0.02920248918235302
286,0.028197696432471275,0.029217684641480446
287,0.027541201561689377,0.02922280877828598
288,0.026797976344823837,0.02921953983604908
289,0.030665036290884018,0.02918323501944542
290,0.030376628041267395,0.029132572934031487
291,0.028749963268637657,0.029144402593374252
292,0.02870885469019413,0.0291510708630085
293,0.02930247038602829,0.029202621430158615
294,0.028796497732400894,0.02928035706281662
295,0.0279323048889637,0.029339734464883804
296,0.028016408905386925,0.029357006773352623
297,0.029840616509318352,0.029346877709031105
298,0.02899002470076084,0.029308205470442772
299,0.027326861396431923,0.029305333271622658
300,0.029691126197576523,0.029283873736858368
301,0.026629259809851646,0.029260974377393723
302,0.028937313705682755,0.029186956584453583
303,0.028096891939640045,0.02911907061934471
304,0.028150668367743492,0.02906988188624382
305,0.028216717764735222,0.029038051143288612
306,0.02974083460867405,0.02903960458934307
307,0.030760271474719048,0.02905184030532837
308,0.02848067320883274,0.029104195535182953
309,0.02753727324306965,0.02918432466685772
310,0.0294625423848629,0.02923300489783287
311,0.029435668140649796,0.029217006638646126
312,0.028142645955085754,0.029212573543190956
313,0.028940031304955482,0.02917623706161976
314,0.028568319976329803,0.02916434407234192
315,0.028687696903944016,0.029157239943742752
316,0.030917169526219368,0.029124820604920387
317,0.02764175646007061,0.029113706201314926
318,0.03058430179953575,0.029118714854121208
319,0.03159642964601517,0.02911628782749176
320,0.029738008975982666,0.029133465141057968
321,0.029004188254475594,0.02915719710290432
322,0.029801156371831894,0.0291785579174757
323,0.027283303439617157,0.029204189777374268
324,0.030701758340001106,0.029169339686632156
325,0.028140364214777946,0.029139181599020958
326,0.029389290139079094,0.029100660234689713
327,0.028678806498646736,0.029071152210235596
328,0.028061896562576294,0.029085341840982437
329,0.028959691524505615,0.02908792719244957
330,0.027964593842625618,0.02911379002034664
331,0.0322917178273201,0.029100852087140083
332,0.03017975203692913,0.029070841148495674
333,0.029428886249661446,0.02904377691447735
334,0.02932754158973694,0.029030710458755493
335,0.02796383947134018,0.02904585748910904
336,0.029428420588374138,0.029044393450021744
337,0.027287714183330536,0.02905086800456047
338,0.028358327224850655,0.02901904657483101
339,0.028464997187256813,0.02900150790810585
340,0.029063111171126366,0.028989899903535843
341,0.02805551141500473,0.02898036502301693
342,0.029163111001253128,0.029010646045207977
343,0.028703588992357254,0.02904704213142395
344,0.029740141704678535,0.0290775615721941
345,0.03036564774811268,0.029067862778902054
346,0.02961580641567707,0.02906147576868534
347,0.028493978083133698,0.02905774861574173
348,0.027548519894480705,0.02907259203493595
349,0.028264736756682396,0.029071040451526642
350,0.02889549545943737,0.02906121499836445
351,0.031106632202863693,0.029049361124634743
352,0.03012191876769066,0.029062902554869652
353,0.027588700875639915,0.02908947318792343
354,0.028184738010168076,0.02909737452864647
355,0.02870180457830429,0.029109379276633263
356,0.029297273606061935,0.029113154858350754
357,0.028716370463371277,0.029120996594429016
358,0.0291091687977314,0.029104048386216164
359,0.029062403365969658,0.0290962103754282
360,0.02950461395084858,0.029087165370583534
361,0.02727106213569641,0.029089361429214478
362,0.02886003814637661,0.02907579019665718
363,0.029700560495257378,0.029053732752799988
364,0.02911783941090107,0.02904956229031086
365,0.029477043077349663,0.029058421030640602
366,0.028762999922037125,0.029077423736453056
367,0.02898707427084446,0.029078535735607147
368,0.030489236116409302,0.029068194329738617
369,0.026569880545139313,0.02909751981496811
370,0.02965160459280014,0.02910892851650715
371,0.02818273939192295,0.02910774014890194
372,0.028467891737818718,0.029077867045998573
373,0.030546842142939568,0.029041627421975136
374,0.02977376990020275,0.029003005474805832
375,0.027399858459830284,0.028991742059588432
376,0.028968598693609238,0.02896551787853241
377,0.028262242674827576,0.028956254944205284
378,0.02740180864930153,0.028952915221452713
379,0.027456961572170258,0.028963599354028702
380,0.03021722100675106,0.02895985171198845
381,0.030367447063326836,0.028940893709659576
382,0.029019298031926155,0.028947602957487106
383,0.028811369091272354,0.028982024639844894
384,0.029025118798017502,0.02901364117860794
385,0.027674537152051926,0.02900601737201214
386,0.027485985308885574,0.028990227729082108
387,0.029040947556495667,0.028971388936042786
388,0.031020697206258774,0.028957970440387726
389,0.027978073805570602,0.02895115315914154
390,0.02857271581888199,0.028938256204128265
391,0.02887009084224701,0.028930947184562683
392,0.03048696182668209,0.028903378173708916
393,0.027882244437932968,0.028918208554387093
394,0.031096026301383972,0.028936509042978287
395,0.028876153752207756,0.02896745502948761
396,0.027800461277365685,0.02899578958749771
397,0.028770994395017624,0.029026051983237267
398,0.02801932953298092,0.02902587503194809
399,0.029063327237963676,0.02900747023522854
400,0.02917972207069397,0.028971564024686813
401,0.027285687625408173,0.028955003246665
402,0.029209408909082413,0.02895195782184601
403,0.028813963755965233,0.02893809601664543
404,0.029173795133829117,0.028936874121427536
405,0.03007730096578598,0.02894541062414646
406,0.03292519226670265,0.028949042782187462
407,0.028443969786167145,0.028969187289476395
408,0.02726423181593418,0.02899988368153572
409,0.03102620504796505,0.029004542157053947
410,0.028430119156837463,0.028977328911423683
411,0.02807801030576229,0.028946157544851303
412,0.028588810935616493,0.028910605236887932
413,0.028966723009943962,0.02886809967458248
414,0.02806970663368702,0.028863495215773582
415,0.028325123712420464,0.028874745592474937
416,0.029880465939641,0.02889939583837986
417,0.027585234493017197,0.028910299763083458
418,0.029090484604239464,0.028915924951434135
419,0.029735757037997246,0.02891719900071621
420,0.030738621950149536,0.028931662440299988
421,0.028339020907878876,0.02896961383521557
422,0.02726580761373043,0.02901308797299862
423,0.02886010892689228,0.02903023548424244
424,0.028968626633286476,0.029030395671725273
425,0.028647208586335182,0.029030727222561836
426,0.02868609130382538,0.02900952659547329
427,0.029204560443758965,0.029003050178289413
428,0.028963293880224228,0.028967449441552162
429,0.030414622277021408,0.02891582064330578
430,0.02883647382259369,0.028895074501633644
431,0.02858716994524002,0.028906911611557007
432,0.027580738067626953,0.028926709666848183
433,0.029350854456424713,0.02892325446009636
434,0.02796337939798832,0.02889605425298214
435,0.02634185552597046,0.028913041576743126
436,0.027981193736195564,0.028941702097654343
437,0.02922680228948593,0.028953013941645622
438,0.02907845936715603,0.02895311266183853
439,0.02990221045911312,0.028944874182343483
440,0.030321814119815826,0.028931913897395134
441,0.028738172724843025,0.02894582785665989
442,0.0290093831717968,0.028956014662981033
443,0.026683731004595757,0.0289929062128067
444,0.02552955411374569,0.02904234640300274
445,0.029345115646719933,0.02906711772084236
446,0.02882406860589981,0.029079243540763855
447,0.028013000264763832,0.029086755588650703
448,0.02974781207740307,0.02905729040503502
449,0.028798850253224373,0.029028557240962982
450,0.02856610156595707,0.028996694833040237
451,0.030418533831834793,0.028966082260012627
452,0.026576828211545944,0.028947582468390465
453,0.029214460402727127,0.028932904824614525
454,0.02594548463821411,0.028946200385689735
455,0.029004527255892754,0.028947943821549416
456,0.026447119191288948,0.028944531455636024
457,0.02973797358572483,0.028930598869919777
458,0.028803005814552307,0.028900694102048874
459,0.028159091249108315,0.028874637559056282
460,0.026776546612381935,0.028850475326180458
461,0.029560787603259087,0.028821146115660667
462,0.029058262705802917,0.02880031242966652
463,0.029074152931571007,0.028819065541028976
464,0.029184844344854355,0.028824981302022934
465,0.02925894409418106,0.02884603478014469
466,0.029013773426413536,0.028857236728072166
467,0.027856554836034775,0.028862470760941505
468,0.027562979608774185,0.028860408812761307
469,0.029396647587418556,0.02885729819536209
470,0.030483325943350792,0.028845634311437607
471,0.028675850480794907,0.028834521770477295
472,0.02876502461731434,0.028819002211093903
473,0.02689209021627903,0.028816118836402893
474,0.027734197676181793,0.028823023661971092
475,0.03030925616621971,0.028819628059864044
476,0.02951168082654476,0.02881249412894249
477,0.028635218739509583,0.028810227289795876
478,0.0278543122112751,0.02882748655974865
479,0.027974676340818405,0.02881699986755848
480,0.029467236250638962,0.028788883239030838
481,0.029339805245399475,0.028781617060303688
482,0.02905896119773388,0.02880137786269188
483,0.02833964116871357,0.028827153146266937
484,0.028730252757668495,0.028856897726655006
485,0.028087960556149483,0.028897888958454132
486,0.02901880443096161,0.02893606759607792
487,0.029347116127610207,0.028963197022676468
488,0.030801977962255478,0.028956230729818344
489,0.02957320027053356,0.02895837277173996
490,0.029797399416565895,0.028937052935361862
491,0.029154550284147263,0.028911907225847244
492,0.02669629268348217,0.02890481986105442
493,0.029014892876148224,0.02888072468340397
494,0.029432430863380432,0.02885945327579975
495,0.027166279032826424,0.028852781280875206
496,0.030069874599575996,0.02885550819337368
497,0.029990041628479958,0.028858181089162827
498,0.02850808948278427,0.028856594115495682
499,0.027626166120171547,0.0288588497787714
500,0.02837125025689602,0.028848707675933838
501,0.028409060090780258,0.028850089758634567
502,0.028850743547081947,0.028854185715317726
503,0.02738235332071781,0.028867879882454872
504,0.02770547941327095,0.02888016775250435
505,0.028730027377605438,0.02886289171874523
506,0.027669714763760567,0.028835397213697433
507,0.028478233143687248,0.028839750215411186
508,0.02951994352042675,0.028842058032751083
509,0.027159348130226135,0.028882285580039024
510,0.02809818834066391,0.028917722404003143
511,0.029651666060090065,0.0289063211530447
512,0.02734902687370777,0.0289063211530447
513,0.027047034353017807,0.028885377570986748
514,0.026686755940318108,0.028855206444859505
515,0.02921721711754799,0.02880583330988884
516,0.028908750042319298,0.028780654072761536
517,0.02781960926949978,0.028778130188584328
518,0.0287589393556118,0.028776925057172775
519,0.027508025988936424,0.028785109519958496
520,0.028542375192046165,0.028793225064873695
521,0.030337730422616005,0.028778988867998123
522,0.02841087430715561,0.02878866158425808
523,0.029799485579133034,0.028788119554519653
524,0.029657527804374695,0.028771912679076195
525,0.02868173085153103,0.028756428509950638
526,0.029530353844165802,0.028752371668815613
527,0.028213832527399063,0.028754962608218193
528,0.029164763167500496,0.028774309903383255
529,0.02787221223115921,0.028796765953302383
530,0.030285967513918877,0.028825875371694565
531,0.02951192483305931,0.02885090559720993
532,0.027682732790708542,0.028863515704870224
533,0.02640543133020401,0.02887672930955887
534,0.02895634062588215,0.02887163683772087
535,0.028692137449979782,0.028868481516838074
536,0.027318255975842476,0.028881577774882317
537,0.028606191277503967,0.02887619659304619
538,0.028506631031632423,0.028866484761238098
539,0.027606450021266937,0.028838062658905983
540,0.02936566062271595,0.02881665900349617
541,0.028652284294366837,0.028819268569350243
542,0.02876957133412361,0.02884187176823616
543,0.02948669157922268,0.02887263335287571
544,0.02977611869573593,0.028903331607580185
545,0.027267152443528175,0.028950119391083717
546,0.026812585070729256,0.0289872158318758
547,0.028699016198515892,0.028989069163799286
548,0.02994479238986969,0.028953714296221733
549,0.029215365648269653,0.028914541006088257
550,0.02791300043463707,0.02890126407146454
551,0.029551906511187553,0.02887651138007641
552,0.026981797069311142,0.028866712003946304
553,0.02936168573796749,0.028861530125141144
554,0.02926744520664215,0.028844406828284264
555,0.029853250831365585,0.028834540396928787
556,0.028373729437589645,0.028831234201788902
557,0.028962770476937294,0.028816774487495422
558,0.02936444617807865,0.028804948553442955
559,0.029476888477802277,0.028792578727006912
560,0.028678903356194496,0.02877824939787388
561,0.030626069754362106,0.028766149654984474
562,0.029181992635130882,0.028780192136764526
563,0.02957165241241455,0.02878197655081749
564,0.026606528088450432,0.028788672760128975
565,0.0310205165296793,0.02876676619052887
566,0.028307273983955383,0.028739336878061295
567,0.028388643637299538,0.028724780306220055
568,0.02791687846183777,0.028732843697071075
569,0.028821472078561783,0.02873859740793705
570,0.02774488925933838,0.02875482477247715
571,0.027396582067012787,0.02876434102654457
572,0.02846308797597885,0.028772028163075447
573,0.02993595041334629,0.028766140341758728
574,0.028887858614325523,0.028751952573657036
575,0.028523296117782593,0.02875281311571598
576,0.029787061735987663,0.028775488957762718
577,0.026421476155519485,0.028808249160647392
578,0.026674052700400352,0.028833506628870964
579,0.028783684596419334,0.028837068006396294
580,0.029334822669625282,0.028834940865635872
581,0.030089011415839195,0.028846949338912964
582,0.031494781374931335,0.02884402684867382
583,0.028690092265605927,0.028845423832535744
584,0.027521420270204544,0.02887561358511448
585,0.029212919995188713,0.028886424377560616
586,0.02919657528400421,0.028883403167128563
587,0.027829304337501526,0.02888137474656105
588,0.029334833845496178,0.028867987915873528
589,0.02847268432378769,0.028866030275821686
590,0.029434682801365852,0.02886037714779377
591,0.028672676533460617,0.028835806995630264
592,0.02936273068189621,0.02881026826798916
593,0.029218371957540512,0.028779994696378708
594,0.029329530894756317,0.028767332434654236
595,0.027750229462981224,0.02875570021569729
596,0.028042973950505257,0.028752285987138748
597,0.026738926768302917,0.028755972161889076
598,0.027819417417049408,0.02875112183392048
599,0.029432184994220734,0.028756234794855118
600,0.02790689654648304,0.02874881960451603
601,0.02929750084877014,0.028738223016262054
602,0.028384150937199593,0.028732920065522194
603,0.02753184549510479,0.02873482182621956
604,0.026997515931725502,0.028752414509654045
605,0.028102699667215347,0.028769604861736298
606,0.030036011710762978,0.028774049133062363
607,0.028687380254268646,0.028761843219399452
608,0.03013092651963234,0.028741508722305298
609,0.028436481952667236,0.028734304010868073
610,0.027610672637820244,0.028716785833239555
611,0.029350413009524345,0.028691083192825317
612,0.02885623462498188,0.028681963682174683
613,0.028332700952887535,0.028685759752988815
614,0.026853647083044052,0.02870366722345352
615,0.02857290394604206,0.028719034045934677
616,0.0278353001922369,0.02873579040169716
617,0.02878156676888466,0.028726208955049515
618,0.02909955382347107,0.028715893626213074
619,0.028983313590288162,0.028681162744760513
620,0.028792012482881546,0.028642524033784866
621,0.027051815763115883,0.02861122414469719
622,0.02773735113441944,0.028603078797459602
623,0.029941020533442497,0.028606262058019638
624,0.029088333249092102,0.0286258514970541
625,0.02739102393388748,0.028646504506468773
626,0.027669299393892288,0.028668226674199104
627,0.02837975323200226,0.028674179688096046
628,0.02833789773285389,0.028664011508226395
629,0.027959849685430527,0.028660837560892105
630,0.028952322900295258,0.028643934056162834
631,0.03013182058930397,0.028621980920433998
632,0.028585506603121758,0.028615126386284828
633,0.029027367010712624,0.02861992083489895
634,0.027741601690649986,0.028642239049077034
635,0.02819085493683815,0.028655217960476875
636,0.03054914064705372,0.02863343432545662
637,0.028807999566197395,0.028614861890673637
638,0.029024522751569748,0.028600716963410378
639,0.0305210929363966,0.028580984100699425
640,0.02899559587240219,0.028585216030478477
641,0.028279587626457214,0.028607672080397606
642,0.027422623708844185,0.028635121881961823
643,0.02733149193227291,0.02865883708000183
644,0.02827697992324829,0.028675420209765434
645,0.026865655556321144,0.028690427541732788
646,0.027984939515590668,0.028689134865999222
647,0.02826344594359398,0.028686733916401863
648,0.030887991189956665,0.028666777536273003
649,0.028661955147981644,0.028651969507336617
650,0.02937663346529007,0.028636720031499863
651,0.028685852885246277,0.028616363182663918
652,0.02825743891298771,0.028591742739081383
653,0.027943413704633713,0.028572354465723038
654,0.02669493667781353,0.0285906121134758
655,0.028398355469107628,0.028608040884137154
656,0.029346494004130363,0.02862762287259102
657,0.027933504432439804,0.028643833473324776
658,0.03050929121673107,0.028653165325522423
659,0.030383409932255745,0.028639530763030052
660,0.028508683666586876,0.028634997084736824
661,0.029202871024608612,0.028627783060073853
662,0.031422488391399384,0.02862362191081047
663,0.03127781301736832,0.028625041246414185
664,0.027418915182352066,0.02863668091595173
665,0.028438294306397438,0.028663313016295433
666,0.02746833860874176,0.028685448691248894
667,0.02837449498474598,0.028711922466754913
668,0.02895248495042324,0.02872680127620697
669,0.02832341007888317,0.028734195977449417
670,0.03042464889585972,0.02871377393603325
671,0.02857779711484909,0.028709962964057922
672,0.029822643846273422,0.02869563363492489
673,0.030367352068424225,0.028685035184025764
674,0.026621107012033463,0.028685299679636955
675,0.02861194871366024,0.0286776851862669
676,0.026212256401777267,0.028689933940768242
677,0.02957875095307827,0.028696905821561813
678,0.027680562809109688,0.028690921142697334
679,0.029920516535639763,0.028674142435193062
680,0.027404500171542168,0.028674853965640068
681,0.026794349774718285,0.028675459325313568
682,0.029187558218836784,0.028660651296377182
683,0.02793729491531849,0.028650889173150063
684,0.029107114300131798,0.028639011085033417
685,0.028292883187532425,0.028631512075662613
686,0.02910473383963108,0.028629058972001076
687,0.028241947293281555,0.028635945171117783
688,0.029707051813602448,0.028642278164625168
689,0.026983054354786873,0.028646541759371758
690,0.027266139164566994,0.02863427996635437
691,0.027707060799002647,0.028615986928343773
692,0.02904936671257019,0.028593096882104874
693,0.02770954556763172,0.028576351702213287
694,0.02859753742814064,0.028577232733368874
695,0.027830682694911957,0.02856983058154583
696,0.027126053348183632,0.028569497168064117
697,0.028277814388275146,0.028571654111146927
698,0.028450319543480873,0.028573479503393173
699,0.029327932745218277,0.0285751111805439
700,0.02812126837670803,0.02859429270029068
701,0.02854347974061966,0.028608698397874832
702,0.02732657454907894,0.02862481400370598
703,0.029704255983233452,0.028630929067730904
704,0.028524452820420265,0.028638431802392006
705,0.029306184500455856,0.02864733524620533
706,0.028802964836359024,0.028662385419011116
707,0.029277916997671127,0.028662703931331635
708,0.030916014686226845,0.028646621853113174
709,0.029021983966231346,0.028648246079683304
710,0.02687983214855194,0.02864772081375122
711,0.02959524095058441,0.028635475784540176
712,0.02836490422487259,0.028642790392041206
713,0.02870296686887741,0.028641125187277794
714,0.027064792811870575,0.02863968163728714
715,0.02752159722149372,0.028627796098589897
716,0.02979169227182865,0.028621556237339973
717,0.0290996003895998,0.02861109748482704
718,0.025614306330680847,0.028607463464140892
719,0.02698325924575329,0.028599362820386887
720,0.028353476896882057,0.028595708310604095
721,0.026800498366355896,0.028602154925465584
722,0.030427956953644753,0.0285956971347332
723,0.027691632509231567,0.028585391119122505
724,0.02665199153125286,0.028581155464053154
725,0.02837114781141281,0.028576532378792763
726,0.02813321352005005,0.02859296277165413
727,0.027637111023068428,0.028620492666959763
728,0.02701099030673504,0.02866625227034092
729,0.02750517800450325,0.02870831824839115
730,0.029231376945972443,0.028713611885905266
731,0.02742987871170044,0.028707534074783325
732,0.031334251165390015,0.028670689091086388
733,0.0289273913949728,0.02864413894712925
734,0.027426816523075104,0.02862801030278206
735,0.027983754873275757,0.02862733229994774
736,0.028574183583259583,0.028633074834942818
737,0.029843421652913094,0.0286322683095932
738,0.029433606192469597,0.02861931547522545
739,0.030244335532188416,0.028606968000531197
740,0.028308019042015076,0.028617553412914276
741,0.02827112376689911,0.028643779456615448
742,0.026434049010276794,0.028669824823737144
743,0.03049366921186447,0.028688406571745872
744,0.02874939888715744,0.028674539178609848
745,0.02773488312959671,0.028659427538514137
746,0.02999648079276085,0.028630031272768974
747,0.028175044804811478,0.02860276773571968
748,0.026293572038412094,0.028594162315130234
749,0.028884541243314743,0.02859678491950035
750,0.027621453627943993,0.028614060953259468
751,0.02920045517385006,0.02863306738436222
752,0.029528051614761353,0.02865164540708065
753,0.026533963158726692,0.028668582439422607
754,0.029104551300406456,0.02866705134510994
755,0.031338147819042206,0.02864103764295578
756,0.02744477242231369,0.028607307001948357
757,0.028061360120773315,0.028592903167009354
758,0.02930286154150963,0.028589680790901184
759,0.027545258402824402,0.028594069182872772
760,0.02790099009871483,0.028598131611943245
761,0.02921692654490471,0.028587430715560913
762,0.028676657006144524,0.028569793328642845
763,0.028314560651779175,0.028551574796438217
764,0.029323939234018326,0.028546269983053207
765,0.02880009077489376,0.028556009754538536
766,0.028479134663939476,0.02857002429664135
767,0.026817670091986656,0.02859429270029068
768,0.029345979914069176,0.028617149218916893
769,0.02987896464765072,0.028628353029489517
770,0.028940565884113312,0.02862267568707466
771,0.027310041710734367,0.028608718886971474
772,0.02895507961511612,0.028593041002750397
773,0.028032898902893066,0.028572332113981247
774,0.027790745720267296,0.02855885773897171
775,0.02956010401248932,0.02855553664267063
776,0.029431361705064774,0.028546346351504326
777,0.02731345407664776,0.02854728512465954
778,0.029667450115084648,0.0285349078476429
779,0.029137717559933662,0.028513481840491295
780,0.02851555310189724,0.028495995327830315
781,0.027295373380184174,0.028482874855399132
782,0.028491297736763954,0.028473416343331337
783,0.02944018691778183,0.028479265049099922
784,0.027036651968955994,0.028494536876678467
785,0.028057897463440895,0.028518229722976685
786,0.027311600744724274,0.02854207530617714
787,0.028474224731326103,0.02856244333088398
788,0.028707416728138924,0.02857271209359169
789,0.028143417090177536,0.028582938015460968
790,0.02769310586154461,0.028591739013791084
791,0.027917318046092987,0.02860136330127716
792,0.02882440574467182,0.028596289455890656
793,0.027283789590001106,0.028585832566022873
794,0.027793889865279198,0.028578275814652443
795,0.02688337303698063,0.02857869118452072
796,0.02592131868004799,0.028586257249116898
797,0.02971765026450157,0.028593197464942932
798,0.02938368171453476,0.028604449704289436
799,0.029063595458865166,0.02860543318092823
800,0.028037454932928085,0.028584429994225502
801,0.028477424755692482,0.028556186705827713
802,0.028560884296894073,0.02853972464799881
803,0.030110595747828484,0.028533227741718292
804,0.02808496356010437,0.028544919565320015
805,0.029372230172157288,0.028554435819387436
806,0.030409660190343857,0.02856176719069481
807,0.030824759975075722,0.028568513691425323
808,0.02779490128159523,0.02857191301882267
809,0.02981826476752758,0.028593357652425766
810,0.028305578976869583,0.028613602742552757
811,0.02960183471441269,0.02862776257097721
812,0.027415571734309196,0.028639907017350197
813,0.028415312990546227,0.028642330318689346
814,0.027966303750872612,0.028635742142796516
815,0.028839897364377975,0.028621867299079895
816,0.029384704306721687,0.028602801263332367
817,0.027988774701952934,0.02858889289200306
818,0.027670126408338547,0.028588445857167244
819,0.030541516840457916,0.028575735166668892
820,0.02735801972448826,0.02856895700097084
821,0.027424203231930733,0.028569985181093216
822,0.02676038071513176,0.02858077548444271
823,0.02820604108273983,0.028587663546204567
824,0.029277797788381577,0.028588658198714256
825,0.027807964012026787,0.02859012596309185
826,0.02796177752315998,0.028598597273230553
827,0.029513204470276833,0.02859295904636383
828,0.03090229257941246,0.028575945645570755
829,0.029214534908533096,0.028544297441840172
830,0.027462447062134743,0.028534118086099625
831,0.026668298989534378,0.028531929478049278
832,0.029785463586449623,0.02853727713227272
833,0.028442716225981712,0.02854151651263237
834,0.02707514725625515,0.0285493116825819
835,0.02813628688454628,0.02854551002383232
836,0.028783805668354034,0.02853270247578621
837,0.02870016358792782,0.028521131724119186
838,0.02634115144610405,0.028508396819233894
839,0.027911420911550522,0.028505295515060425
840,0.027608826756477356,0.02850973606109619
841,0.026959441602230072,0.028512420132756233
842,0.02722395770251751,0.02850157953798771
843,0.028019916266202927,0.028484323993325233
844,0.02857612445950508,0.028463082388043404
845,0.029114052653312683,0.02844878099858761
846,0.028071535751223564,0.028449131175875664
847,0.027820594608783722,0.028465701267123222
848,0.029993994161486626,0.028466593474149704
849,0.028894124552607536,0.028467994183301926
850,0.02909078449010849,0.02846626006066799
851,0.029571734368801117,0.028487112373113632
852,0.02952198125422001,0.02852192148566246
853,0.02823319099843502,0.028556572273373604
854,0.02679828740656376,0.028590479865670204
855,0.02936876192688942,0.028612161055207253
856,0.028599416837096214,0.028616324067115784
857,0.030187679454684258,0.02860221639275551
858,0.027906697243452072,0.028595002368092537
859,0.029654599726200104,0.028584184125065804
860,0.028122369199991226,0.02857428789138794
861,0.02738027647137642,0.028568465262651443
862,0.029353823512792587,0.02854657545685768
863,0.02736065350472927,0.028528446331620216
864,0.02776644006371498,0.028516219928860664
865,0.028022276237607002,0.028510408475995064
866,0.026613982394337654,0.028510916978120804
867,0.02856157347559929,0.028514547273516655
868,0.02795625664293766,0.028512267395853996
869,0.02873876877129078,0.028509298339486122
870,0.02831374667584896,0.028513750061392784
871,0.02692265249788761,0.028521258383989334
872,0.026952503249049187,0.028532737866044044
873,0.030753741040825844,0.028526246547698975
874,0.028762077912688255,0.02851201221346855
875,0.02731763944029808,0.028510425239801407
876,0.028346356004476547,0.028513258323073387
877,0.025705015286803246,0.028513824567198753
878,0.03013436123728752,0.028508031740784645
879,0.030281320214271545,0.028495561331510544
880,0.027923613786697388,0.02847621589899063
881,0.02978654019534588,0.02846120111644268
882,0.028534315526485443,0.028451867401599884
883,0.02898556925356388,0.02844577468931675
884,0.02723916992545128,0.028452260419726372
885,0.028954606503248215,0.028466811403632164
886,0.02859286032617092,0.0284888818860054
887,0.030601203441619873,0.028503544628620148
888,0.02948165126144886,0.028518959879875183
889,0.028371933847665787,0.028524426743388176
890,0.027802566066384315,0.02853950299322605
891,0.029356850311160088,0.028553802520036697
892,0.026960747316479683,0.028579356148838997
893,0.027309931814670563,0.02859175205230713
894,0.02768627181649208,0.02859945222735405
895,0.0284441951662302,0.028614867478609085
896,0.02661161683499813,0.02862817980349064
897,0.027964774519205093,0.02863949164748192
898,0.02904718741774559,0.02863691747188568
899,0.02704772911965847,0.028633303940296173
900,0.029472339898347855,0.028630029410123825
901,0.028041277080774307,0.028627909719944
902,0.02830607257783413,0.0286061093211174
903,0.028034210205078125,0.02857886627316475
904,0.02881677821278572,0.02855815552175045
905,0.02814522199332714,0.028533922508358955
906,0.02912059985101223,0.02852015756070614
907,0.026938384398818016,0.02851443737745285
908,0.027689537033438683,0.028509603813290596
909,0.028745990246534348,0.0285108033567667
910,0.03074382059276104,0.02850225940346718
911,0.028543751686811447,0.028488846495747566
912,0.028107143938541412,0.02848019078373909
913,0.029294908046722412,0.02846900187432766
914,0.028269033879041672,0.02845977060496807
915,0.028067661449313164,0.02845849096775055
916,0.027556290850043297,0.028462441638112068
917,0.026383787393569946,0.028464991599321365
918,0.02778429538011551,0.028468869626522064
919,0.029605204239487648,0.028466220945119858
920,0.027705224230885506,0.028464844450354576
921,0.027176562696695328,0.02846553921699524
922,0.028329815715551376,0.02848125621676445
923,0.028325868770480156,0.0284823440015316
924,0.028535807505249977,0.028468986973166466
925,0.028500225394964218,0.028452638536691666
926,0.027139125391840935,0.028449004516005516
927,0.027745818719267845,0.028453310951590538
928,0.029254456982016563,0.028466377407312393
929,0.027546925470232964,0.028485262766480446
930,0.028980078175663948,0.02851250022649765
931,0.027305489405989647,0.02853463590145111
932,0.025984227657318115,0.028553342446684837
933,0.027595898136496544,0.028558654710650444
934,0.027618922293186188,0.02855265885591507
935,0.029872508719563484,0.028537005186080933
936,0.026775173842906952,0.028519796207547188
937,0.02840847335755825,0.02850380353629589
938,0.028833139687776566,0.02848847396671772
939,0.02797619439661503,0.028482358902692795
940,0.028472313657402992,0.028476206585764885
941,0.029174864292144775,0.028474777936935425
942,0.026569483801722527,0.028488552197813988
943,0.026971694082021713,0.028487898409366608
944,0.02899451181292534,0.02848000079393387
945,0.0272882841527462,0.028469132259488106
946,0.026883916929364204,0.028446316719055176
947,0.02811437100172043,0.028408607468008995
948,0.028258297592401505,0.02837713435292244
949,0.028469715267419815,0.028364159166812897
950,0.029234427958726883,0.028366193175315857
951,0.028651656582951546,0.028392773121595383
952,0.030002344399690628,0.02841653674840927
953,0.02821965701878071,0.02844490110874176
954,0.029441509395837784,0.028471801429986954
955,0.027741003781557083,0.02849934995174408
956,0.028443867340683937,0.02851550653576851
957,0.029761211946606636,0.028520528227090836
958,0.028757328167557716,0.02851267345249653
959,0.02932196669280529,0.028516843914985657
960,0.027943186461925507,0.028524423018097878
961,0.030025344341993332,0.028531936928629875
962,0.027948323637247086,0.028539961203932762
963,0.030010290443897247,0.028547415509819984
964,0.027773916721343994,0.02854645997285843
965,0.02737661451101303,0.0285493154078722
966,0.027877310290932655,0.02855469286441803
967,0.027465790510177612,0.02857210673391819
968,0.03026406280696392,0.028575735166668892
969,0.02965935319662094,0.028560273349285126
970,0.027979468926787376,0.02854948490858078
971,0.030482029542326927,0.02853928878903389
972,0.02734166383743286,0.02853062003850937
973,0.028381144627928734,0.028530307114124298
974,0.029195593670010567,0.028530895709991455
975,0.03005271777510643,0.028542669489979744
976,0.027439406141638756,0.028548210859298706
977,0.02801905944943428,0.0285498034209013
978,0.02732599899172783,0.028554359450936317
979,0.029086099937558174,0.028558094054460526
980,0.029409898445010185,0.028559500351548195
981,0.030038533732295036,0.028546471148729324
982,0.029350165277719498,0.02853967435657978
983,0.02886568196117878,0.028535962104797363
984,0.027012377977371216,0.02853609062731266
985,0.029631461948156357,0.028535021468997
986,0.030437933281064034,0.028529644012451172
987,0.028205115348100662,0.02853040210902691
988,0.02924273908138275,0.028516970574855804
989,0.02726707234978676,0.028498290106654167
990,0.029438504949212074,0.02848217822611332
991,0.02793789841234684,0.028478365391492844
992,0.027795232832431793,0.028480777516961098
993,0.026777779683470726,0.028485001996159554
994,0.028310531750321388,0.02847917750477791
995,0.02912198007106781,0.028464650735259056
996,0.028304530307650566,0.028445925563573837
997,0.028062164783477783,0.0284302718937397
998,0.027980871498584747,0.028421062976121902
999,0.02773430570960045,0.028413716703653336
1000,0.027873288840055466,0.028408830985426903
1001,0.028795411810278893,0.028420977294445038
1002,0.027557725086808205,0.028441164642572403
1003,0.028408698737621307,0.028460154309868813
1004,0.02765006758272648,0.028488021343946457
1005,0.028372205793857574,0.028516843914985657
1006,0.02944176271557808,0.028534358367323875
1007,0.030268460512161255,0.02853698842227459
1008,0.030124632641673088,0.028527764603495598
1009,0.02745349518954754,0.02851255238056183
1010,0.02790731191635132,0.028489498421549797
1011,0.02850312553346157,0.02848666161298752
1012,0.027457373216748238,0.02848297730088234
1013,0.02958071045577526,0.028468705713748932
1014,0.028982488438487053,0.028458289802074432
1015,0.028577812016010284,0.028450435027480125
1016,0.027590449899435043,0.028451457619667053
1017,0.027831697836518288,0.02845369465649128
1018,0.028301050886511803,0.028454924002289772
1019,0.027428172528743744,0.028453398495912552
1020,0.029075555503368378,0.028453152626752853
1021,0.028730951249599457,0.028457989916205406
1022,0.02762700989842415,0.028457829728722572
1023,0.028311530128121376,0.02845940552651882
1024,0.02851996012032032,0.028453778475522995
1025,0.02869672141969204,0.02845064364373684
1026,0.03051786497235298,0.02844231203198433
1027,0.028401553630828857,0.028446689248085022
1028,0.028460552915930748,0.028455253690481186
1029,0.028239751234650612,0.028462789952754974
1030,0.03073052689433098,0.028462624177336693
1031,0.028045032173395157,0.02846965566277504
1032,0.027518093585968018,0.028479579836130142
1033,0.028017573058605194,0.028483910486102104
1034,0.02797364443540573,0.02848198637366295
1035,0.02688588574528694,0.028488973155617714
1036,0.0267941951751709,0.02849571965634823
1037,0.027950497344136238,0.02850351482629776
1038,0.029378825798630714,0.028504690155386925
1039,0.02648397907614708,0.028510648757219315
1040,0.029494285583496094,0.02851213328540325
1041,0.029155883938074112,0.028518587350845337
1042,0.028516855090856552,0.028533663600683212
1043,0.029060279950499535,0.02854650653898716
1044,0.029432250186800957,0.028549594804644585
1045,0.02887123078107834,0.028533944860100746
1046,0.03008752502501011,0.02852483280003071
1047,0.028175711631774902,0.028515007346868515
1048,0.028426801785826683,0.028497440740466118
1049,0.029389500617980957,0.028486670926213264
1050,0.028717635199427605,0.028491802513599396
1051,0.02826356329023838,0.02850324474275112
1052,0.027182849124073982,0.02850942499935627
1053,0.028457878157496452,0.02851923555135727
1054,0.028614932671189308,0.028520969673991203
1055,0.029136864468455315,0.028516747057437897
1056,0.028874818235635757,0.028513871133327484
1057,0.026820342987775803,0.028523026034235954
1058,0.029041601344943047,0.028528988361358643
1059,0.028134962543845177,0.02853158302605152
1060,0.030277082696557045,0.02851622924208641
1061,0.02882056124508381,0.028500687330961227
1062,0.02863970212638378,0.028490224853157997
1063,0.028500547632575035,0.02847774140536785
1064,0.027300773188471794,0.028464987874031067
1065,0.02839660458266735,0.028450926765799522
1066,0.027547519654035568,0.028447942808270454
1067,0.02842801623046398,0.028444165363907814
1068,0.02775321900844574,0.02843223698437214
1069,0.028332483023405075,0.02840915136039257
1070,0.029020462185144424,0.02837909385561943
1071,0.027409039437770844,0.028351785615086555
1072,0.02896539494395256,0.028346477076411247
1073,0.028412973508238792,0.028352076187729836
1074,0.028329459950327873,0.02836696244776249
1075,0.027298051863908768,0.0283904280513525
1076,0.027322040870785713,0.028405820950865746
1077,0.029145823791623116,0.028405945748090744
1078,0.02685714140534401,0.028399189934134483
1079,0.027718961238861084,0.028390582650899887
1080,0.028413504362106323,0.028372377157211304
1081,0.029485393315553665,0.028356945142149925
1082,0.02922428771853447,0.028337810188531876
1083,0.02933088317513466,0.028336232528090477
1084,0.02947486750781536,0.02834172174334526
1085,0.0268984567373991,0.028359923511743546
1086,0.027198052033782005,0.028376195579767227
1087,0.027411412447690964,0.028395451605319977
1088,0.026749219745397568,0.028421562165021896
1089,0.029054615646600723,0.028441740199923515
1090,0.030710797756910324,0.02846301533281803
1091,0.028822025284171104,0.028483739122748375
1092,0.02784567140042782,0.028494080528616905
1093,0.027331676334142685,0.02849358692765236
1094,0.027877291664481163,0.028487322852015495
1095,0.028821300715208054,0.02847464010119438
1096,0.026758192107081413,0.028450222685933113
1097,0.028375273570418358,0.0284279678016901
1098,0.026744872331619263,0.028408313170075417
1099,0.026462286710739136,0.02839740552008152
1100,0.028880923986434937,0.02839832752943039
1101,0.026958748698234558,0.02840561978518963
1102,0.02846568636596203,0.02840591035783291
1103,0.02811027131974697,0.0284164659678936
1104,0.02973221242427826,0.02842528000473976
1105,0.028041496872901917,0.028431955724954605
1106,0.02879158779978752,0.028442833572626114
1107,0.029271185398101807,0.028453169390559196
1108,0.02830669656395912,0.028468279168009758
1109,0.029485519975423813,0.028473403304815292
1110,0.026797540485858917,0.028468290343880653
1111,0.029453013092279434,0.028448041528463364
1112,0.02761055715382099,0.02843121811747551
1113,0.028616975992918015,0.028412917628884315
1114,0.027074752375483513,0.028398703783750534
1115,0.027697140350937843,0.02838752418756485
1116,0.02689231187105179,0.028381304815411568
1117,0.027096867561340332,0.028384212404489517
1118,0.02957466058433056,0.02838078700006008
1119,0.026479631662368774,0.02839149348437786
1120,0.027627939358353615,0.028406690806150436
1121,0.027439899742603302,0.0284280888736248
1122,0.024701032787561417,0.02845069207251072
1123,0.027374476194381714,0.028456589207053185
1124,0.02748606540262699,0.02845858223736286
1125,0.029802795499563217,0.028451774269342422
1126,0.027816439047455788,0.028444766998291016
1127,0.02860744297504425,0.0284437108784914
1128,0.027774302288889885,0.02844306454062462
1129,0.027749257162213326,0.028454860672354698
1130,0.02903032675385475,0.02846365049481392
1131,0.028484215959906578,0.028467439115047455
1132,0.028726279735565186,0.02846236526966095
1133,0.02863932028412819,0.028463216498494148
1134,0.029196130111813545,0.028467396274209023
1135,0.029851019382476807,0.028468945994973183
1136,0.028533346951007843,0.02847166359424591
1137,0.026794198900461197,0.028468569740653038
1138,0.028025975450873375,0.02847614884376526
1139,0.029263339936733246,0.028478913009166718
1140,0.02763976901769638,0.02848268486559391
1141,0.02729608118534088,0.02848970517516136
1142,0.028491878882050514,0.028491495177149773
1143,0.026140596717596054,0.028482899069786072
1144,0.027831880375742912,0.028480244800448418
1145,0.027606425806879997,0.028482647612690926
1146,0.02797967754304409,0.028483251109719276
1147,0.02829577587544918,0.028478041291236877
1148,0.026905840262770653,0.028482872992753983
1149,0.029369888827204704,0.028480345383286476
1150,0.026784194633364677,0.028473595157265663
1151,0.028795426711440086,0.02845575474202633
1152,0.026516027748584747,0.02844727411866188
1153,0.029156645759940147,0.02844279445707798
1154,0.02947619929909706,0.02844277024269104
1155,0.027646133676171303,0.028447400778532028
1156,0.028635244816541672,0.028453432023525238
1157,0.026969807222485542,0.028466014191508293
1158,0.02866659127175808,0.028475454077124596
1159,0.02920876257121563,0.02848019450902939
1160,0.02939174883067608,0.028472157195210457
1161,0.0319768488407135,0.0284521896392107
1162,0.02882293239235878,0.028436532244086266
1163,0.02669667638838291,0.02844039723277092
1164,0.02922392636537552,0.028444040566682816
1165,0.02651449479162693,0.02845855988562107
1166,0.02725914493203163,0.02846675179898739
1167,0.026861093938350677,0.02847471833229065
1168,0.028037456795573235,0.028478996828198433
1169,0.02854585461318493,0.028461916372179985
1170,0.02956964261829853,0.02843404747545719
1171,0.029215630143880844,0.028409605845808983
1172,0.027540527284145355,0.02840123511850834
1173,0.029353344812989235,0.028401803225278854
1174,0.028167949989438057,0.02840304933488369
1175,0.027155553922057152,0.028420576825737953
1176,0.02851860225200653,0.028440827503800392
1177,0.027282562106847763,0.028457075357437134
1178,0.027565428987145424,0.028466545045375824
1179,0.027244048193097115,0.028475962579250336
1180,0.02933204360306263,0.02848205715417862
1181,0.02834969200193882,0.028492433950304985
1182,0.027987603098154068,0.028498061001300812
1183,0.028108898550271988,0.02849312499165535
1184,0.029743146151304245,0.02848428674042225
1185,0.029092907905578613,0.028485532850027084
1186,0.026507247239351273,0.028484255075454712
1187,0.02834564447402954,0.028476092964410782
1188,0.027477087453007698,0.028463056311011314
1189,0.029583867639303207,0.028450259938836098
1190,0.026957208290696144,0.028435712680220604
1191,0.02752172015607357,0.028426695615053177
1192,0.02892995811998844,0.02840295433998108
1193,0.02865784615278244,0.028373640030622482
1194,0.027315989136695862,0.02835523895919323
1195,0.027665259316563606,0.02833942510187626
1196,0.029751185327768326,0.02833092398941517
1197,0.028227243572473526,0.028331244364380836
1198,0.029225433245301247,0.028331182897090912
1199,0.029920775443315506,0.028333907946944237
1200,0.028261451050639153,0.028333881869912148
1201,0.027738915756344795,0.028330355882644653
1202,0.028665581718087196,0.028329581022262573
1203,0.02704339660704136,0.0283341147005558
1204,0.02846343070268631,0.028346888720989227
1205,0.02870539017021656,0.028353821486234665
1206,0.02927241101861,0.028360672295093536
1207,0.028564821928739548,0.028378069400787354
1208,0.02794668637216091,0.02840152382850647
1209,0.02747357077896595,0.02841474674642086
1210,0.026132991537451744,0.028422333300113678
1211,0.02761298231780529,0.028418932110071182
1212,0.028628820553421974,0.02841353975236416
1213,0.029518399387598038,0.028403334319591522
1214,0.02778727188706398,0.02839212864637375
1215,0.027821950614452362,0.02838698960840702
1216,0.028613584116101265,0.028388485312461853
1217,0.029382597655057907,0.02838534489274025
1218,0.027859585359692574,0.028382256627082825
1219,0.028240401297807693,0.028385093435645103
1220,0.029367951676249504,0.028381913900375366
1221,0.028879249468445778,0.02838190272450447
1222,0.027480244636535645,0.028375813737511635
1223,0.027942519634962082,0.02837657742202282
1224,0.0264078751206398,0.028382593765854836
1225,0.02760446071624756,0.028392495587468147
1226,0.02816728502511978,0.028406359255313873
1227,0.027172300964593887,0.02841329388320446
1228,0.027527395635843277,0.028414811939001083
1229,0.02842622436583042,0.02841467224061489
1230,0.027858024463057518,0.028423234820365906
1231,0.029781470075249672,0.028422052040696144
1232,0.02909448742866516,0.028418181464076042
1233,0.026669014245271683,0.028421077877283096
1234,0.028206966817378998,0.028418703004717827
1235,0.0277062077075243,0.028417060151696205
1236,0.02850869856774807,0.0284141656011343
1237,0.027646079659461975,0.02841082401573658
1238,0.028528669849038124,0.02840610034763813
1239,0.029918814077973366,0.02838890813291073
1240,0.029433000832796097,0.02837955392897129
1241,0.028426896780729294,0.028374014422297478
1242,0.027249911800026894,0.02836902253329754
1243,0.02780195325613022,0.028366737067699432
1244,0.025584444403648376,0.02837882749736309
1245,0.028453342616558075,0.028395909816026688
1246,0.02802443318068981,0.028416691347956657
1247,0.02825743705034256,0.02844115160405636
1248,0.029049724340438843,0.028455259278416634
1249,0.030044836923480034,0.028451964259147644
1250,0.028580371290445328,0.028449546545743942
1251,0.02847972884774208,0.02844269387423992
1252,0.027063069865107536,0.02844621241092682
1253,0.02733605168759823,0.02844267338514328
1254,0.02847137302160263,0.028438450768589973
1255,0.027756931260228157,0.028435442596673965
1256,0.02633109875023365,0.028434470295906067
1257,0.028523869812488556,0.028417984023690224
1258,0.028559479862451553,0.028392529115080833
1259,0.02642294578254223,0.02837427146732807
1260,0.029922466725111008,0.028363142162561417
1261,0.02912943996489048,0.028354419395327568
1262,0.026675723493099213,0.028355948626995087
1263,0.02798682637512684,0.028358446434140205
1264,0.025623787194490433,0.028364719823002815
1265,0.028123363852500916,0.028382131829857826
1266,0.027945686131715775,0.028402673080563545
1267,0.0273781418800354,0.0284317284822464
1268,0.028809862211346626,0.02845815010368824
1269,0.027669930830597878,0.02847777120769024
1270,0.02824541926383972,0.028486717492341995
1271,0.027964748442173004,0.028481675311923027
1272,0.02817407250404358,0.02847583219408989
1273,0.02818666584789753,0.028465185314416885
1274,0.03048492968082428,0.02843404933810234
1275,0.02868368662893772,0.028403587639331818
1276,0.02975497953593731,0.028383363038301468
1277,0.027323566377162933,0.02836954966187477
1278,0.029245270416140556,0.028363071382045746
1279,0.028258617967367172,0.028358913958072662
1280,0.028239650651812553,0.028363868594169617
1281,0.026855600997805595,0.028368454426527023
1282,0.027142690494656563,0.028378630056977272
1283,0.028370864689350128,0.028367968276143074
1284,0.02903500571846962,0.02835734374821186
1285,0.02883257530629635,0.028353434056043625
1286,0.029126252979040146,0.028355926275253296
1287,0.02872314490377903,0.028351636603474617
1288,0.028165820986032486,0.028356697410345078
1289,0.02751152776181698,0.02836480736732483
1290,0.028147846460342407,0.02837231196463108
1291,0.027049480006098747,0.028382455930113792
1292,0.027956802397966385,0.028384627774357796
1293,0.02662741020321846,0.028383316472172737
1294,0.02810661308467388,0.02837659791111946
1295,0.027404285967350006,0.028372377157211304
1296,0.02688802033662796,0.028373315930366516
1297,0.028928766027092934,0.02837829478085041
1298,0.02848675101995468,0.02838238514959812
1299,0.029325811192393303,0.02838883176445961
1300,0.0296666007488966,0.028385234996676445
1301,0.029695747420191765,0.028382016345858574
1302,0.02996048890054226,0.028372010216116905
1303,0.0265948548913002,0.028373776003718376
1304,0.027774693444371223,0.02838010899722576
1305,0.030547475442290306,0.028366845101118088
1306,0.029231296852231026,0.02836218848824501
1307,0.028015680611133575,0.028355248272418976
1308,0.028165869414806366,0.028356654569506645
1309,0.028988929465413094,0.02835531160235405
1310,0.02857239544391632,0.02836131677031517
1311,0.029214026406407356,0.028366919606924057
1312,0.02904668264091015,0.028378687798976898
1313,0.026434622704982758,0.028399113565683365
1314,0.02673649601638317,0.028425712138414383
1315,0.027272704988718033,0.028452016413211823
1316,0.028744777664542198,0.028467677533626556
1317,0.029512137174606323,0.028461340814828873
1318,0.029841449111700058,0.028452668339014053
1319,0.029365569353103638,0.028447847813367844
1320,0.02913341112434864,0.02844708040356636
1321,0.02960614673793316,0.028446784242987633
1322,0.029193861410021782,0.028454409912228584
1323,0.028260711580514908,0.028467675670981407
1324,0.028850996866822243,0.02846458926796913
1325,0.031889840960502625,0.02846600115299225
1326,0.027571309357881546,0.028471656143665314
1327,0.028474384918808937,0.02846582606434822
1328,0.028369823470711708,0.028451653197407722
1329,0.026737159118056297,0.028434257954359055
1330,0.02541598491370678,0.02841349132359028
1331,0.02785337343811989,0.028389817103743553
1332,0.02777181938290596,0.02836095541715622
1333,0.028414815664291382,0.028333628550171852
1334,0.028225218877196312,0.028317105025053024
1335,0.02781343087553978,0.02829820290207863
1336,0.029240574687719345,0.02827838808298111
1337,0.028047891333699226,0.028270486742258072
1338,0.028744826093316078,0.02827700786292553
1339,0.028907788917422295,0.028287362307310104
1340,0.02824992686510086,0.028299719095230103
1341,0.027952607721090317,0.0283108651638031
1342,0.02724834717810154,0.028316449373960495
1343,0.02799752540886402,0.02831535041332245
1344,0.02742808125913143,0.028323184698820114
1345,0.028745127841830254,0.028327444568276405
1346,0.029113242402672768,0.02833366021513939
1347,0.029140528291463852,0.028348902240395546
1348,0.025942929089069366,0.02837713062763214
1349,0.026703204959630966,0.02840445563197136
1350,0.029815491288900375,0.02841505967080593
1351,0.029912766069173813,0.028406618162989616
1352,0.03056633658707142,0.028387796133756638
1353,0.027934623882174492,0.028373677283525467
1354,0.02844911627471447,0.02837011218070984
1355,0.027505913749337196,0.028363699093461037
1356,0.02975841797888279,0.028349371626973152
1357,0.02955341339111328,0.028342293575406075
1358,0.02796209417283535,0.02834293618798256
1359,0.028914280235767365,0.028346100822091103
1360,0.028054362162947655,0.028348688036203384
1361,0.02892790362238884,0.028345493599772453
1362,0.028622685000300407,0.028344308957457542
1363,0.02842007204890251,0.028337059542536736
1364,0.029152026399970055,0.028327425941824913
1365,0.027876179665327072,0.028315771371126175
1366,0.026942094787955284,0.02831302396953106
1367,0.02962099201977253,0.028298908844590187
1368,0.02817949838936329,0.02829187549650669
1369,0.026670904830098152,0.028293324634432793
1370,0.029275568202137947,0.028296876698732376
1371,0.02881809137761593,0.028309551998972893
1372,0.0250440314412117,0.02832731232047081
1373,0.028945378959178925,0.028336141258478165
1374,0.028584787622094154,0.028346862643957138
1375,0.027826936915516853,0.028353778645396233
1376,0.030979452654719353,0.02834909036755562
1377,0.02793732099235058,0.028339093551039696
1378,0.02646162547171116,0.028326870873570442
1379,0.029320264235138893,0.02831069752573967
1380,0.027911895886063576,0.028300512582063675
1381,0.027474233880639076,0.028294462710618973
1382,0.02735474519431591,0.028295138850808144
1383,0.028105201199650764,0.028287485241889954
1384,0.02713056653738022,0.02828228287398815
1385,0.027129510417580605,0.028273550793528557
1386,0.028963491320610046,0.028270121663808823
1387,0.02873505838215351,0.028264807537198067
1388,0.029541926458477974,0.02825806476175785
1389,0.027690671384334564,0.028255801647901535
1390,0.028914276510477066,0.028256714344024658
1391,0.027138447389006615,0.028259918093681335
1392,0.028910236433148384,0.028255127370357513
1393,0.02784956619143486,0.028261203318834305
1394,0.026040535420179367,0.028259415179491043
1395,0.02914504148066044,0.0282638818025589
1396,0.0285772867500782,0.028276173397898674
1397,0.02816179394721985,0.028283264487981796
1398,0.028867734596133232,0.028286246582865715
1399,0.0284714475274086,0.028283322229981422
1400,0.02719278447329998,0.028275877237319946
1401,0.028201935812830925,0.02825562283396721
1402,0.028496235609054565,0.028242506086826324
1403,0.026942316442728043,0.028237052261829376
1404,0.02935515157878399,0.028233176097273827
1405,0.027678905054926872,0.028238335624337196
1406,0.02823334001004696,0.02823524922132492
1407,0.03009129874408245,0.02823553793132305
1408,0.027167148888111115,0.028236892074346542
1409,0.02937118522822857,0.02824905328452587
1410,0.027256956323981285,0.028262540698051453
1411,0.02598218433558941,0.028274040669202805
1412,0.028392929583787918,0.028286248445510864
1413,0.029228849336504936,0.028290165588259697
1414,0.02792740985751152,0.028292592614889145
1415,0.028963033109903336,0.028290746733546257
1416,0.02688146010041237,0.0282943993806839
1417,0.027582552284002304,0.02829846739768982
1418,0.029510963708162308,0.02830386720597744
1419,0.027227995917201042,0.028310788795351982
1420,0.02932240441441536,0.028316807001829147
1421,0.02807544730603695,0.02832164615392685
1422,0.03111380524933338,0.02832295000553131
1423,0.02997449040412903,0.02832411788403988
1424,0.027688154950737953,0.028329189866781235
1425,0.028707122430205345,0.028331324458122253
1426,0.028116371482610703,0.028339529410004616
1427,0.03155932575464249,0.028334394097328186
1428,0.029775625094771385,0.02833026461303234
1429,0.027268199250102043,0.028335049748420715
1430,0.027300339192152023,0.028334643691778183
1431,0.02825629897415638,0.028335655108094215
1432,0.028237439692020416,0.028335612267255783
1433,0.02858547680079937,0.028345312923192978
1434,0.029626045376062393,0.028359798714518547
1435,0.026231205090880394,0.028373608365654945
1436,0.029466019943356514,0.028390446677803993
1437,0.026793621480464935,0.02840823493897915
1438,0.028857767581939697,0.028413968160748482
1439,0.027190782129764557,0.02841586247086525
1440,0.02613198012113571,0.028412627056241035
1441,0.027357792481780052,0.02840534597635269
1442,0.02803342044353485,0.028399905189871788
1443,0.028458688408136368,0.028381990268826485
1444,0.0285966619849205,0.028365813195705414
1445,0.026041487231850624,0.028355684131383896
1446,0.02854004129767418,0.02834474667906761
1447,0.028357842937111855,0.02833770401775837
1448,0.02734135463833809,0.028339354321360588
1449,0.029243145138025284,0.028331683948636055
1450,0.028735756874084473,0.02832661382853985
1451,0.027329452335834503,0.028324926272034645
1452,0.026799045503139496,0.02832780033349991
1453,0.028364082798361778,0.028336096554994583
1454,0.026768088340759277,0.028341826051473618
1455,0.028046129271388054,0.02835206128656864
1456,0.027978532016277313,0.028356682509183884
1457,0.028987202793359756,0.02835080772638321
1458,0.02680881880223751,0.02834528684616089
1459,0.028953716158866882,0.028333846479654312
1460,0.026631951332092285,0.02832605317234993
1461,0.02830638736486435,0.028322627767920494
1462,0.027341829612851143,0.028326107189059258
1463,0.02979365363717079,0.02833280898630619
1464,0.028460171073675156,0.02833106368780136
1465,0.028666114434599876,0.028327085077762604
1466,0.028627688065171242,0.028323937207460403
1467,0.027297334745526314,0.028316373005509377
1468,0.02801748923957348,0.028312072157859802
1469,0.028206901624798775,0.028305400162935257
1470,0.029632916674017906,0.028292857110500336
1471,0.02827504277229309,0.028285736218094826
1472,0.028322050347924232,0.028282539919018745
1473,0.026867538690567017,0.028290051966905594
1474,0.029835324734449387,0.02830692008137703
1475,0.028045019134879112,0.02832801640033722
1476,0.027412764728069305,0.028348997235298157
1477,0.029207905754446983,0.028358861804008484
1478,0.02880178578197956,0.028369229286909103
1479,0.027802376076579094,0.028376977890729904
1480,0.0270393006503582,0.028388384729623795
1481,0.029222996905446053,0.028391199186444283
1482,0.029040833935141563,0.028385188430547714
1483,0.029793256893754005,0.028370080515742302
1484,0.029456038028001785,0.028351696208119392
1485,0.02750363200902939,0.028344977647066116
1486,0.02821226418018341,0.02834503725171089
1487,0.026160752400755882,0.02835097722709179
1488,0.02705332636833191,0.02835921384394169
1489,0.026969142258167267,0.028371520340442657
1490,0.02844388410449028,0.028383225202560425
1491,0.03067069686949253,0.028385866433382034
1492,0.02982807345688343,0.028380129486322403
1493,0.028003470972180367,0.02837059274315834
1494,0.027934018522500992,0.02836034819483757
1495,0.028666242957115173,0.028350619599223137
1496,0.027941543608903885,0.028341634199023247
1497,0.02799730934202671,0.028337595984339714
1498,0.026832686737179756,0.028334837406873703
1499,0.027527937665581703,0.028332192450761795
1500,0.026841653510928154,0.0283285453915596
1501,0.02772318571805954,0.02832568809390068
1502,0.027712862938642502,0.028310593217611313
1503,0.028925403952598572,0.028297031298279762
1504,0.027784127742052078,0.028284277766942978
1505,0.027263633906841278,0.028272151947021484
1506,0.03078891523182392,0.02826220914721489
1507,0.02851843275129795,0.028258899226784706
1508,0.02644096501171589,0.028265193104743958
1509,0.028361821547150612,0.028276747092604637
1510,0.027718668803572655,0.028294585645198822
1511,0.028131550177931786,0.028315695002675056
1512,0.028769351541996002,0.028330400586128235
1513,0.029721328988671303,0.02832130342721939
1514,0.029220212250947952,0.028307298198342323
1515,0.027476515620946884,0.028290772810578346
1516,0.026379236951470375,0.028284728527069092
1517,0.027658581733703613,0.02828313037753105
1518,0.03048865497112274,0.028278550133109093
1519,0.027137525379657745,0.028284624218940735
1520,0.02976832538843155,0.028299612924456596
1521,0.02913438156247139,0.02831396274268627
1522,0.025960754603147507,0.028330156579613686
1523,0.028998374938964844,0.02834293805062771
1524,0.028671612963080406,0.02834528125822544
1525,0.02864282764494419,0.02834913320839405
1526,0.028093921020627022,0.028341449797153473
1527,0.027813252061605453,0.028333790600299835
1528,0.02803957276046276,0.02833600901067257
1529,0.02867421694099903,0.028345169499516487
1530,0.027669651433825493,0.02835247665643692
1531,0.027179261669516563,0.02835456281900406
1532,0.026400869712233543,0.028359681367874146
1533,0.02808561362326145,0.02835567109286785
1534,0.02737007476389408,0.02834738790988922
1535,0.02706214226782322,0.028340401127934456
1536,0.028970148414373398,0.028327489271759987
1537,0.02832891047000885,0.028308624401688576
1538,0.028299907222390175,0.028288114815950394
1539,0.028826354071497917,0.028267493471503258
1540,0.02661222591996193,0.02825469896197319
1541,0.027767708525061607,0.028243452310562134
1542,0.028230933472514153,0.028247041627764702
1543,0.028026949614286423,0.028256135061383247
1544,0.030108364298939705,0.028266848996281624
1545,0.030678369104862213,0.028272703289985657
1546,0.03065912052989006,0.02827524021267891
1547,0.02792854607105255,0.028275663033127785
1548,0.027408163994550705,0.02827117033302784
1549,0.030165350064635277,0.028262563049793243
1550,0.028334064409136772,0.02826361544430256
1551,0.028082411736249924,0.028273092582821846
1552,0.028378181159496307,0.02828233875334263
1553,0.02800195850431919,0.0282929427921772
1554,0.026568545028567314,0.028305746614933014
1555,0.028964592143893242,0.028311163187026978
1556,0.028088485822081566,0.028311682865023613
1557,0.02958938479423523,0.02831200323998928
1558,0.027558445930480957,0.028309011831879616
1559,0.02887515351176262,0.02830212563276291
1560,0.027842698618769646,0.028304148465394974
1561,0.02634197287261486,0.02830428257584572
1562,0.027719072997570038,0.02830066904425621
1563,0.028827322646975517,0.028298845514655113
1564,0.027582697570323944,0.02829662524163723
1565,0.025419747456908226,0.02829764038324356
1566,0.028765089809894562,0.028298616409301758
1567,0.02509133704006672,0.028302257880568504
1568,0.02867823839187622,0.028298672288656235
1569,0.027034757658839226,0.028295651078224182
1570,0.028072450309991837,0.028293101117014885
1571,0.028774896636605263,0.028294667601585388
1572,0.028583955019712448,0.028302792459726334
1573,0.028578558936715126,0.02830980159342289
1574,0.027179615572094917,0.02832089550793171
1575,0.02770112082362175,0.0283310916274786
1576,0.027447408065199852,0.028332851827144623
1577,0.028969496488571167,0.028333062306046486
1578,0.02821270190179348,0.02833402156829834
1579,0.027933672070503235,0.028332451358437538
1580,0.02812195010483265,0.02833438105881214
1581,0.02621007151901722,0.028339698910713196
1582,0.02848832681775093,0.028331657871603966
1583,0.027011338621377945,0.02831694483757019
1584,0.029212385416030884,0.028300372883677483
1585,0.0274455975741148,0.02828975021839142
1586,0.027749238535761833,0.02827593870460987
1587,0.028099993243813515,0.02826959267258644
1588,0.029377229511737823,0.02826385572552681
1589,0.028519313782453537,0.02826537750661373
1590,0.029373230412602425,0.02826274000108242
1591,0.02840203046798706,0.028261251747608185
1592,0.02861902490258217,0.028268083930015564
1593,0.029537487775087357,0.028278302401304245
1594,0.02872549742460251,0.028285959735512733
1595,0.029474185779690742,0.02829066477715969
1596,0.02798803150653839,0.028301794081926346
1597,0.02741607278585434,0.028311965987086296
1598,0.029157759621739388,0.028311245143413544
1599,0.02814788557589054,0.028310157358646393
1600,0.028371106833219528,0.028306517750024796
1601,0.030757877975702286,0.028294915333390236
1602,0.026325184851884842,0.028294043615460396
1603,0.02870837412774563,0.028296219184994698
1604,0.027439355850219727,0.028299055993556976
1605,0.028943857178092003,0.02830553613603115
1606,0.02683846652507782,0.028317337855696678
1607,0.027895545586943626,0.028330134227871895
1608,0.027109606191515923,0.028336873278021812
1609,0.028424784541130066,0.028331957757472992
1610,0.02942975051701069,0.028325524181127548
1611,0.029036225751042366,0.02831324003636837
1612,0.027577145025134087,0.02830277569591999
1613,0.027795234695076942,0.028295546770095825
1614,0.029267512261867523,0.028293855488300323
1615,0.027522794902324677,0.028297657147049904
1616,0.028255611658096313,0.02830839343369007
1617,0.028833268210291862,0.028325501829385757
1618,0.027411077171564102,0.028331514447927475
1619,0.026730332523584366,0.028338126838207245
1620,0.02819770574569702,0.028341401368379593
1621,0.027735566720366478,0.02834339253604412
1622,0.027183810248970985,0.028337156400084496
1623,0.026591740548610687,0.028330424800515175
1624,0.026756109669804573,0.0283245537430048
1625,0.026240337640047073,0.028321627527475357
1626,0.027820900082588196,0.028320152312517166
1627,0.027521846815943718,0.028318310156464577
1628,0.028486471623182297,0.028314553201198578
1629,0.028981292620301247,0.02830156870186329
1630,0.027789058163762093,0.02829732559621334
1631,0.028445154428482056,0.028299648314714432
1632,0.028480054810643196,0.02829321287572384
1633,0.02782411314547062,0.028286626562476158
1634,0.02992383949458599,0.028280267491936684
1635,0.02640731818974018,0.028278157114982605
1636,0.028084032237529755,0.028278294950723648
1637,0.02933717705309391,0.028273167088627815
1638,0.026700802147388458,0.02827582322061062
1639,0.027489550411701202,0.028275545686483383
1640,0.029487626627087593,0.028274493291974068
1641,0.02855667844414711,0.028278423473238945
1642,0.02831665426492691,0.028281105682253838
1643,0.028198856860399246,0.02828207053244114
1644,0.027338530868291855,0.028285818174481392
1645,0.030991224572062492,0.028281407430768013
1646,0.02814573049545288,0.02828214503824711
1647,0.027371132746338844,0.02829265408217907
1648,0.026481540873646736,0.028308410197496414
1649,0.028325872495770454,0.028317615389823914
1650,0.02567526325583458,0.028328094631433487
1651,0.028512589633464813,0.0283335093408823
1652,0.02924375608563423,0.02832682617008686
1653,0.028020530939102173,0.028315164148807526
1654,0.025210611522197723,0.028306040912866592
1655,0.03023933619260788,0.02829127572476864
1656,0.027971912175416946,0.028278175741434097
1657,0.029630396515130997,0.028261026367545128
1658,0.028382444754242897,0.028248440474271774
1659,0.027763130143284798,0.02823759987950325
1660,0.028940537944436073,0.0282343290746212
1661,0.028927868232131004,0.02823273092508316
1662,0.028036830946803093,0.028238248080015182
1663,0.028788626194000244,0.028244925662875175
1664,0.02859668619930744,0.02825685404241085
1665,0.027216870337724686,0.028268469497561455
1666,0.02707522362470627,0.028271684423089027
1667,0.029771601781249046,0.02827196754515171
1668,0.027388179674744606,0.028268912807106972
1669,0.027812615036964417,0.028263363987207413
1670,0.02769184485077858,0.028252126649022102
1671,0.028978519141674042,0.02824295312166214
1672,0.028017845004796982,0.028231792151927948
1673,0.02908731810748577,0.028230249881744385
1674,0.02696540765464306,0.028232283890247345
1675,0.024243628606200218,0.028237031772732735
1676,0.02831384353339672,0.028237968683242798
1677,0.028331799432635307,0.02823798358440399
1678,0.026812724769115448,0.028246717527508736
1679,0.026830997318029404,0.02825658768415451
1680,0.029386786743998528,0.028258778154850006
1681,0.02779996208846569,0.028257958590984344
1682,0.02812672033905983,0.028252722695469856
1683,0.03051137737929821,0.028245797380805016
1684,0.02733582817018032,0.028251679614186287
1685,0.026087502017617226,0.028262469917535782
1686,0.02869763970375061,0.028267957270145416
1687,0.0277467779815197,0.028272567316889763
1688,0.027427034452557564,0.0282728411257267
1689,0.028318118304014206,0.02827279642224312
1690,0.02901124581694603,0.028265859931707382
1691,0.027758175507187843,0.028256256133317947
1692,0.0287941824644804,0.028254007920622826
1693,0.02883528359234333,0.028242826461791992
1694,0.026867421343922615,0.028242049738764763
1695,0.028012771159410477,0.028243640437722206
1696,0.02672894112765789,0.02825264073908329
1697,0.028347181156277657,0.028261348605155945
1698,0.029475286602973938,0.028259532526135445
1699,0.029667899012565613,0.028260618448257446
1700,0.028917495161294937,0.028261184692382812
1701,0.026755981147289276,0.028267962858080864
1702,0.02804909460246563,0.028280090540647507
1703,0.027381785213947296,0.028292454779148102
1704,0.027490265667438507,0.02830544114112854
1705,0.02792579121887684,0.028316762298345566
1706,0.028284601867198944,0.028323305770754814
1707,0.02676328271627426,0.028330983594059944
1708,0.026259208098053932,0.02834497205913067
1709,0.027973579242825508,0.028357570990920067
1710,0.027397986501455307,0.028362294659018517
1711,0.030212638899683952,0.02836339734494686
1712,0.027643848210573196,0.028363902121782303
1713,0.028108904138207436,0.0283553097397089
1714,0.027127787470817566,0.028350001201033592
1715,0.02769402600824833,0.028344575315713882
1716,0.02679009921848774,0.028341159224510193
1717,0.027304725721478462,0.028331957757472992
1718,0.028745757415890694,0.028320444747805595
1719,0.02755984105169773,0.028305601328611374
1720,0.0277692973613739,0.028292490169405937
1721,0.028772125020623207,0.0282874945551157
1722,0.027433108538389206,0.028292423114180565
1723,0.029423866420984268,0.028299059718847275
1724,0.029730986803770065,0.0283077210187912
1725,0.02808367647230625,0.02831413969397545
1726,0.027786144986748695,0.02832063101232052
1727,0.029082516208291054,0.02832038700580597
1728,0.028305580839514732,0.028320003300905228
1729,0.029762638732790947,0.028313832357525826
1730,0.027140390127897263,0.02830999530851841
1731,0.026523485779762268,0.02831038273870945
1732,0.026709437370300293,0.028313834220170975
1733,0.028151847422122955,0.028309214860200882
1734,0.028352098539471626,0.028294919058680534
1735,0.029260825365781784,0.028277218341827393
1736,0.02630666084587574,0.028269318863749504
1737,0.02788107469677925,0.028261985629796982
1738,0.02861390821635723,0.02825278602540493
1739,0.028989315032958984,0.028246445581316948
1740,0.0278207715600729,0.028248485177755356
1741,0.027374135330319405,0.0282466858625412
1742,0.02815921977162361,0.028251701965928078
1743,0.025616265833377838,0.028262360021471977
1744,0.02769460156559944,0.028272394090890884
1745,0.029331905767321587,0.02828323282301426
1746,0.0282171331346035,0.028293054550886154
1747,0.02838982827961445,0.02830136939883232
1748,0.03002268634736538,0.028299234807491302
1749,0.02595110796391964,0.02829684503376484
1750,0.02666725032031536,0.028295565396547318
1751,0.028573153540492058,0.028298409655690193
1752,0.02696988731622696,0.02829979918897152
1753,0.02705169841647148,0.028291456401348114
1754,0.02973826974630356,0.02826845832169056
1755,0.025976670905947685,0.028252318501472473
1756,0.03022626042366028,0.028234731405973434
1757,0.027603574097156525,0.028227461501955986
1758,0.02922479249536991,0.02821889892220497
1759,0.027960799634456635,0.028208907693624496
1760,0.027278099209070206,0.0282001793384552
1761,0.02731134369969368,0.028191696852445602
1762,0.029379233717918396,0.028183015063405037
1763,0.02918131835758686,0.02817436493933201
1764,0.02812855690717697,0.02816900983452797
1765,0.026598675176501274,0.02817419543862343
1766,0.026979677379131317,0.02818087674677372
1767,0.028113707900047302,0.028185661882162094
1768,0.026657834649086,0.0281935203820467
1769,0.02855214662849903,0.028198828920722008
1770,0.028206445276737213,0.028199339285492897
1771,0.027213770896196365,0.02819426730275154
1772,0.026952052488923073,0.028189243748784065
1773,0.026675600558519363,0.028185445815324783
1774,0.028815925121307373,0.028175724670290947
1775,0.02819700352847576,0.02817072905600071
1776,0.02958201803267002,0.02817114256322384
1777,0.027952570468187332,0.02817464992403984
1778,0.0307441595941782,0.02817716635763645
1779,0.02714383974671364,0.028184305876493454
1780,0.02715316414833069,0.0281932782381773
1781,0.028833596035838127,0.02820952609181404
1782,0.029625535011291504,0.02822056971490383
1783,0.02852851152420044,0.028226526454091072
1784,0.028344353660941124,0.028236187994480133
1785,0.027121203020215034,0.02824488840997219
1786,0.028548140078783035,0.028250649571418762
1787,0.03010801039636135,0.028255227953195572
1788,0.028046462684869766,0.02826477214694023
1789,0.0255228690803051,0.028278738260269165
1790,0.030167993158102036,0.028290878981351852
1791,0.02640233188867569,0.028304817155003548
1792,0.030616939067840576,0.0283102635294199
1793,0.02924296259880066,0.02831129916012287
1794,0.028315166011452675,0.028303688392043114
1795,0.02976103685796261,0.028297794982790947
1796,0.028924131765961647,0.028287574648857117
1797,0.0290596392005682,0.02827327512204647
1798,0.028678787872195244,0.028261234983801842
1799,0.030200360342860222,0.028250783681869507
1800,0.02695421129465103,0.028248514980077744
1801,0.02853243052959442,0.028250785544514656
1802,0.02812817692756653,0.028254136443138123
1803,0.02814437448978424,0.028254985809326172
1804,0.027187461033463478,0.028264064341783524
1805,0.02907235361635685,0.028270551934838295
1806,0.02969394065439701,0.02827499248087406
1807,0.027117859572172165,0.028283478692173958
1808,0.028333578258752823,0.028286540880799294
1809,0.027819450944662094,0.028283650055527687
1810,0.028129372745752335,0.028277451172471046
1811,0.028194034472107887,0.028274238109588623
1812,0.029086658731102943,0.028268711641430855
1813,0.028680594637989998,0.02826198935508728
1814,0.03026256151497364,0.028249040246009827
1815,0.028503835201263428,0.0282378438860178
1816,0.026984505355358124,0.02823173813521862
1817,0.02913948893547058,0.028230471536517143
1818,0.028999406844377518,0.028233619406819344
1819,0.028019506484270096,0.028233017772436142
1820,0.02781701646745205,0.02823190949857235
1821,0.028134552761912346,0.02823048271238804
1822,0.02778223529458046,0.028228797018527985
1823,0.02768995240330696,0.0282283965498209
1824,0.028369151055812836,0.02822721004486084
1825,0.028206877410411835,0.028222959488630295
1826,0.02810494415462017,0.02821475639939308
1827,0.0287917573004961,0.028212256729602814
1828,0.02726668305695057,0.028215177357196808
1829,0.027569692581892014,0.028217863291502
1830,0.026905924081802368,0.0282224602997303
1831,0.029011592268943787,0.028221070766448975
1832,0.028452880680561066,0.028220225125551224
1833,0.02893889881670475,0.028214436024427414
1834,0.02681131288409233,0.028209805488586426
1835,0.029263507574796677,0.028200900182127953
1836,0.02695198729634285,0.028197551146149635
1837,0.029236581176519394,0.028198037296533585
1838,0.028637565672397614,0.028200656175613403
1839,0.02832818776369095,0.028201697394251823
1840,0.029061323031783104,0.028208330273628235
1841,0.027429891750216484,0.028218628838658333
1842,0.027629654854536057,0.028227882459759712
1843,0.029657335951924324,0.028232010081410408
1844,0.029970161616802216,0.028235532343387604
1845,0.028492750599980354,0.02824399061501026
1846,0.02863389067351818,0.02824854478240013
1847,0.029372790828347206,0.028248824179172516
1848,0.028818421065807343,0.028251219540834427
1849,0.028337974101305008,0.0282595232129097
1850,0.028729591518640518,0.028258001431822777
1851,0.03030562400817871,0.028252150863409042
1852,0.028712060302495956,0.02824254333972931
1853,0.028167778626084328,0.02823578752577305
1854,0.028572294861078262,0.028234083205461502
1855,0.027363603934645653,0.028231678530573845
1856,0.026644298806786537,0.028233744204044342
1857,0.028602052479982376,0.02823587879538536
1858,0.028375208377838135,0.028233686462044716
1859,0.02901388145983219,0.02822708524763584
1860,0.028751153498888016,0.028222408145666122
1861,0.02717517502605915,0.028220539912581444
1862,0.02646760269999504,0.028217479586601257
1863,0.029553232714533806,0.028216956183314323
1864,0.028192929923534393,0.02821826934814453
1865,0.028559980913996696,0.028220102190971375
1866,0.02779926359653473,0.028223060071468353
1867,0.027388151735067368,0.028228215873241425
1868,0.025658560916781425,0.028234412893652916
1869,0.028340071439743042,0.02824036404490471
1870,0.027721071615815163,0.02824416384100914
1871,0.026593316346406937,0.028247011825442314
1872,0.027625717222690582,0.02824873849749565
1873,0.028805403038859367,0.02824343740940094
1874,0.029734773561358452,0.028234079480171204
1875,0.027211928740143776,0.028229448944330215
1876,0.028470272198319435,0.02822498232126236
1877,0.028178241103887558,0.028222069144248962
1878,0.02803865820169449,0.02822321467101574
1879,0.0266269464045763,0.028226949274539948
1880,0.027288544923067093,0.028234826400876045
1881,0.027158290147781372,0.028245750814676285
1882,0.03023424744606018,0.02825496345758438
1883,0.027303550392389297,0.028264297172427177
1884,0.027567332610487938,0.028269631788134575
1885,0.026599017903208733,0.028279660269618034
1886,0.02595563977956772,0.02828611060976982
1887,0.028574679046869278,0.028281990438699722
1888,0.028398944064974785,0.028277602046728134
1889,0.030085507780313492,0.028265301138162613
1890,0.02662832848727703,0.02825893834233284
1891,0.030670415610074997,0.028246229514479637
1892,0.027891628444194794,0.02823166362941265
1893,0.02920883148908615,0.02822522446513176
1894,0.028276344761252403,0.02822246588766575
1895,0.02982037328183651,0.028215112164616585
1896,0.026416756212711334,0.02821202762424946
1897,0.028371496126055717,0.028210220858454704
1898,0.029689107090234756,0.028209924697875977
1899,0.02808382175862789,0.028213033452630043
1900,0.027653152123093605,0.028214093297719955
1901,0.02922201342880726,0.028210598975419998
1902,0.028804056346416473,0.028204280883073807
1903,0.02708001621067524,0.02820942923426628
1904,0.03010674938559532,0.028211869299411774
1905,0.029479339718818665,0.0282154381275177
1906,0.029257427901029587,0.02822001278400421
1907,0.027184806764125824,0.028226928785443306
1908,0.028996918350458145,0.02823137678205967
1909,0.02739175595343113,0.02823539264500141
1910,0.027242416515946388,0.02824198640882969
1911,0.028299909085035324,0.02824617736041546
1912,0.026906078681349754,0.028246799483895302
1913,0.028870586305856705,0.028251197189092636
1914,0.028576167300343513,0.028254304081201553
1915,0.02703418768942356,0.028253480792045593
1916,0.02854072116315365,0.028254104778170586
1917,0.02664274536073208,0.02825411781668663
1918,0.028066664934158325,0.028245342895388603
1919,0.027659757062792778,0.028237104415893555
1920,0.028956696391105652,0.028237076476216316
1921,0.028025683015584946,0.028239114210009575
1922,0.027095867320895195,0.028240369632840157
1923,0.02571515180170536,0.028251230716705322
1924,0.028159987181425095,0.02825917862355709
1925,0.029638277366757393,0.02825882099568844
1926,0.027513189241290092,0.028253376483917236
1927,0.026964496821165085,0.028240330517292023
1928,0.02796960435807705,0.02822551131248474
1929,0.027427922934293747,0.028206929564476013
1930,0.029934747144579887,0.028191769495606422
1931,0.026795396581292152,0.028182465583086014
1932,0.027382604777812958,0.02817816659808159
1933,0.027083035558462143,0.02818281389772892
1934,0.02653719112277031,0.028188509866595268
1935,0.027760734781622887,0.028199821710586548
1936,0.02815942093729973,0.028214547783136368
1937,0.02912112884223461,0.02822316810488701
1938,0.02786269225180149,0.028228759765625
1939,0.027351075783371925,0.02823389507830143
1940,0.02981351874768734,0.028233995661139488
1941,0.028218191117048264,0.0282336063683033
1942,0.030004559084773064,0.02822735160589218
1943,0.02817794308066368,0.02822255529463291
1944,0.025734545662999153,0.028219113126397133
1945,0.029376428574323654,0.028213681653141975
1946,0.027062220498919487,0.02821306325495243
1947,0.029203440994024277,0.028213026002049446
1948,0.028002673760056496,0.028215795755386353
1949,0.028450798243284225,0.02822195366024971
1950,0.027285968884825706,0.028235822916030884
1951,0.028106041252613068,0.028247706592082977
1952,0.02678808569908142,0.028259988874197006
1953,0.026748361065983772,0.02826375886797905
1954,0.02541847713291645,0.0282671507447958
1955,0.02981681562960148,0.028267718851566315
1956,0.02848322130739689,0.028266390785574913
1957,0.027727661654353142,0.028265079483389854
1958,0.02815418876707554,0.02826068364083767
1959,0.026911895722150803,0.028256429359316826
1960,0.026691075414419174,0.028252189978957176
1961,0.02724306285381317,0.028246775269508362
1962,0.02733239345252514,0.02824629470705986
1963,0.027528302744030952,0.02824932336807251
1964,0.02602468989789486,0.028252560645341873
1965,0.026902761310338974,0.028250234201550484
1966,0.02671210654079914,0.02825215645134449
1967,0.028088344261050224,0.02825627662241459
1968,0.029411766678094864,0.028262412175536156
1969,0.02671647258102894,0.028263051062822342
1970,0.027870075777173042,0.028260475024580956
1971,0.027568109333515167,0.02825283817946911
1972,0.028418058529496193,0.028242412954568863
1973,0.029010551050305367,0.02822362631559372
1974,0.027420129626989365,0.028205404058098793
1975,0.028832603245973587,0.028192885220050812
1976,0.029777996242046356,0.028178522363305092
1977,0.029153581708669662,0.028170336037874222
1978,0.03059985488653183,0.028170213103294373
1979,0.02771848626434803,0.028174355626106262
1980,0.028343208134174347,0.028179427608847618
1981,0.027685489505529404,0.02818969637155533
1982,0.02761622704565525,0.028201796114444733
1983,0.029243266209959984,0.02821008302271366
1984,0.027801455929875374,0.02821572683751583
1985,0.026828793808817863,0.028217226266860962
1986,0.027627892792224884,0.02821771614253521
1987,0.02935710921883583,0.02821420133113861
1988,0.02966991998255253,0.02820255607366562
1989,0.02829408273100853,0.02819220907986164
1990,0.026629267260432243,0.028188079595565796
1991,0.02807256206870079,0.02818433754146099
1992,0.029533760622143745,0.02818526141345501
1993,0.02734500914812088,0.02818753384053707
1994,0.025693407282233238,0.028197990730404854
1995,0.026246627792716026,0.028209883719682693
1996,0.02980678156018257,0.028218405321240425
1997,0.02911086566746235,0.02822340652346611
1998,0.027989640831947327,0.028224462643265724
1999,0.027737891301512718,0.028225203976035118
2000,0.02617361582815647,0.028234215453267097
2001,0.027976416051387787,0.02824185974895954
2002,0.029693931341171265,0.028250621631741524
2003,0.03041536547243595,0.02824467234313488
2004,0.028886964544653893,0.028233354911208153
2005,0.028948131948709488,0.028214916586875916
2006,0.028257567435503006,0.0281984843313694
2007,0.031149718910455704,0.02818758599460125
2008,0.026263324543833733,0.02818983420729637
2009,0.027130508795380592,0.028199944645166397
2010,0.02794293686747551,0.028219282627105713
2011,0.02842913754284382,0.02824447676539421
2012,0.028879636898636818,0.028264131397008896
2013,0.02699119970202446,0.02827470749616623
2014,0.027743233367800713,0.028284547850489616
2015,0.029405413195490837,0.028283048421144485
2016,0.027876613661646843,0.028278961777687073
2017,0.02666550874710083,0.028268415480852127
2018,0.029231466352939606,0.028251737356185913
2019,0.028891291469335556,0.02823539264500141
2020,0.027814583852887154,0.0282242801040411
2021,0.029055297374725342,0.02821567840874195
2022,0.028953032568097115,0.028212513774633408
2023,0.028406236320734024,0.028206834569573402
2024,0.03098314255475998,0.02819543145596981
2025,0.02764175459742546,0.02818950079381466
2026,0.029373470693826675,0.028187591582536697
2027,0.027803197503089905,0.028190849348902702
2028,0.027322087436914444,0.028197305276989937
2029,0.027073614299297333,0.02820306457579136
2030,0.027228200808167458,0.028201553970575333
2031,0.0278189554810524,0.028194766491651535
2032,0.02823128178715706,0.02818734012544155
2033,0.02942407689988613,0.028178932145237923
2034,0.02685055509209633,0.02817549742758274
2035,0.029837602749466896,0.028171410784125328
2036,0.029824653640389442,0.028165586292743683
2037,0.027619030326604843,0.02816775254905224
2038,0.029579076915979385,0.028174854815006256
2039,0.026088282465934753,0.028184790164232254
2040,0.02603207901120186,0.02819811925292015
2041,0.027484379708766937,0.028213579207658768
2042,0.02819513902068138,0.028223928064107895
2043,0.026110801845788956,0.028228070586919785
2044,0.029341304674744606,0.028220927342772484
2045,0.027797698974609375,0.02821280248463154
2046,0.02858445607125759,0.028206927701830864
2047,0.027168871834874153,0.028199637308716774
2048,0.027747346088290215,0.028190862387418747
2049,0.028406932950019836,0.028183292597532272
2050,0.028573770076036453,0.028177322819828987
2051,0.029212458059191704,0.028169309720396996
2052,0.026783378794789314,0.02816816046833992
2053,0.0277077779173851,0.028173692524433136
2054,0.028684917837381363,0.02818364091217518
2055,0.03157105669379234,0.02818719670176506
2056,0.028424400836229324,0.02819291315972805
2057,0.026164956390857697,0.028196776285767555
2058,0.0283966027200222,0.028199918568134308
2059,0.028806347399950027,0.02820243127644062
2060,0.027492346242070198,0.028201021254062653
2061,0.027415916323661804,0.028199706226587296
2062,0.02866063080728054,0.028196869418025017
2063,0.02731243334710598,0.028193026781082153
2064,0.027769260108470917,0.028192946687340736
2065,0.026909708976745605,0.028194459155201912
2066,0.02673875354230404,0.02819531410932541
2067,0.028187580406665802,0.028192950412631035
2068,0.026588045060634613,0.028187943622469902
2069,0.02741030417382717,0.028183648362755775
2070,0.029053833335638046,0.02818063646554947
2071,0.028207406401634216,0.028174061328172684
2072,0.02809925004839897,0.0281707514077425
2073,0.028653310611844063,0.028168950229883194
2074,0.02628793567419052,0.028167983517050743
2075,0.026522602885961533,0.028175054118037224
2076,0.028696900233626366,0.02818129025399685
2077,0.028286060318350792,0.028184181079268456
2078,0.02776356041431427,0.028182443231344223
2079,0.028682896867394447,0.028179161250591278
2080,0.027093706652522087,0.028176328167319298
2081,0.02664831653237343,0.028174949809908867
2082,0.0269695483148098,0.028175771236419678
2083,0.026934828609228134,0.02818174846470356
2084,0.02929377742111683,0.02818160504102707
2085,0.027168581262230873,0.028180480003356934
2086,0.028343986719846725,0.028182215988636017
2087,0.027884073555469513,0.028187748044729233
2088,0.026775049045681953,0.028194300830364227
2089,0.02710052952170372,0.028200292959809303
2090,0.028591783717274666,0.028208516538143158
2091,0.02689356543123722,0.028213253244757652
2092,0.028073005378246307,0.02822309359908104
2093,0.028819642961025238,0.02822779305279255
2094,0.028547612950205803,0.028230194002389908
2095,0.02878553979098797,0.028231460601091385
2096,0.026912027969956398,0.02823369950056076
2097,0.029097741469740868,0.028231676667928696
2098,0.028815075755119324,0.0282323956489563
2099,0.027668824419379234,0.028233636170625687
2100,0.028574831783771515,0.02823535166680813
2101,0.025951925665140152,0.028237899765372276
2102,0.02849339321255684,0.0282323956489563
2103,0.029700012877583504,0.028216157108545303
2104,0.027802301570773125,0.02820185199379921
2105,0.027394218370318413,0.028192799538373947
2106,0.028941843658685684,0.02818271331489086
2107,0.026991134509444237,0.028176993131637573
2108,0.02933601848781109,0.02817070484161377
2109,0.027456171810626984,0.02816779352724552
2110,0.02746571972966194,0.02816358208656311
2111,0.029603056609630585,0.02816060557961464
2112,0.0284661203622818,0.02816011756658554
2113,0.02932453714311123,0.028163153678178787
2114,0.029265133664011955,0.028167899698019028
2115,0.027558451518416405,0.02818010374903679
2116,0.0276425089687109,0.028192805126309395
2117,0.028545480221509933,0.028199754655361176
2118,0.02896496094763279,0.028204550966620445
2119,0.026926400139927864,0.028216568753123283
2120,0.026825904846191406,0.028224021196365356
2121,0.028200794011354446,0.028227809816598892
2122,0.02840123511850834,0.028233276680111885
2123,0.029970617964863777,0.02823980152606964
2124,0.026406269520521164,0.028247728943824768
2125,0.02813084051012993,0.028253300115466118
2126,0.02813582308590412,0.028262151405215263
2127,0.027730846777558327,0.028266506269574165
2128,0.0264124758541584,0.02827076055109501
2129,0.028299879282712936,0.028277577832341194
2130,0.026942862197756767,0.0282871276140213
2131,0.03010275773704052,0.02828562632203102
2132,0.029183246195316315,0.028282228857278824
2133,0.028054723516106606,0.028276193886995316
2134,0.027393890544772148,0.028268907219171524
2135,0.026425711810588837,0.028260737657546997
2136,0.02909006178379059,0.028246760368347168
2137,0.029504379257559776,0.028234215453267097
2138,0.025077782571315765,0.028220323845744133
2139,0.0279019046574831,0.028210802003741264
2140,0.028517132624983788,0.028203502297401428
2141,0.027574243023991585,0.02820129320025444
2142,0.02840036153793335,0.028200145810842514
2143,0.02774263545870781,0.028205053880810738
2144,0.026988623663783073,0.028211597353219986
2145,0.02822951041162014,0.02821650728583336
2146,0.028350627049803734,0.02821691706776619
2147,0.028185583651065826,0.02822377346456051
2148,0.026947371661663055,0.028230609372258186
2149,0.02893078699707985,0.028239648789167404
2150,0.02775599993765354,0.028247913345694542
2151,0.02871941216289997,0.02825060486793518
2152,0.029207514598965645,0.028250616043806076
2153,0.028307344764471054,0.028257593512535095
2154,0.028163457289338112,0.02825489267706871
2155,0.02877786010503769,0.02824067324399948
2156,0.028371501713991165,0.028223909437656403
2157,0.026846788823604584,0.028211986646056175
2158,0.02686135843396187,0.028205644339323044
2159,0.02754986472427845,0.028203221037983894
2160,0.028896983712911606,0.028194377198815346
2161,0.029358763247728348,0.02818785421550274
2162,0.02801436558365822,0.02817980758845806
2163,0.028571167960762978,0.02817334607243538
2164,0.028147511184215546,0.02816891111433506
2165,0.02758890576660633,0.02817387320101261
2166,0.028182867914438248,0.028183430433273315
2167,0.030400216579437256,0.028193263337016106
2168,0.026737092062830925,0.02820824645459652
2169,0.02847829833626747,0.028216956183314323
2170,0.02874450385570526,0.02822883613407612
2171,0.028708796948194504,0.0282374806702137
2172,0.028721127659082413,0.028244346380233765
2173,0.029112523421645164,0.02825111895799637
2174,0.028074122965335846,0.028251005336642265
2175,0.0270074512809515,0.028254108503460884
2176,0.027301648631691933,0.02825702540576458
2177,0.027719737961888313,0.028263280168175697
2178,0.027484331279993057,0.028268996626138687
2179,0.028095539659261703,0.028275396674871445
2180,0.030153192579746246,0.028275225311517715
2181,0.02852698601782322,0.028274251148104668
2182,0.029056962579488754,0.028263529762625694
2183,0.03118779882788658,0.028245434165000916
2184,0.028264133259654045,0.028223108500242233
2185,0.025534717366099358,0.02821054868400097
2186,0.02887156791985035,0.028198853135108948
2187,0.027265097945928574,0.02818603813648224
2188,0.028180010616779327,0.028177672997117043
2189,0.028103064745664597,0.028171250596642494
2190,0.028230849653482437,0.02816796489059925
2191,0.027910033240914345,0.028164997696876526
2192,0.028077218681573868,0.028163883835077286
2193,0.02733664959669113,0.02816122956573963
2194,0.029271332547068596,0.0281593706458807
2195,0.028921332210302353,0.02816009894013405
2196,0.02690746821463108,0.02815873548388481
2197,0.026377364993095398,0.02816108427941799
2198,0.027959125116467476,0.028166696429252625
2199,0.0250864177942276,0.02816607989370823
2200,0.029019519686698914,0.02815818600356579
2201,0.02931126579642296,0.028148740530014038
2202,0.029309257864952087,0.028142331168055534
2203,0.02552885189652443,0.02814214862883091
2204,0.027858052402734756,0.02814650908112526
2205,0.028361227363348007,0.02815125696361065
2206,0.02763957530260086,0.028154406696558
2207,0.027328841388225555,0.028161052614450455
2208,0.028776055201888084,0.028165599331259727
2209,0.02662610076367855,0.02816985920071602
2210,0.029295876622200012,0.028171729296445847
2211,0.027504825964570045,0.028179626911878586
2212,0.028375418856739998,0.028191015124320984
2213,0.028265416622161865,0.02820190228521824
2214,0.02847902663052082,0.02820982038974762
2215,0.028584154322743416,0.02821473218500614
2216,0.02775675244629383,0.02821946144104004
2217,0.028612224385142326,0.028219344094395638
2218,0.02935701049864292,0.02820565737783909
2219,0.0280026625841856,0.02819078601896763
2220,0.029641129076480865,0.02817249670624733
2221,0.028750095516443253,0.02815132401883602
2222,0.02767954207956791,0.02813929133117199
2223,0.028941260650753975,0.028133288025856018
2224,0.025882495567202568,0.028134899213910103
2225,0.028700057417154312,0.028139449656009674
2226,0.028727682307362556,0.02814422734081745
2227,0.02672640047967434,0.02815224975347519
2228,0.027906229719519615,0.028160899877548218
2229,0.029168615117669106,0.028167828917503357
2230,0.029029767960309982,0.02817685715854168
2231,0.027279458940029144,0.028185317292809486
2232,0.028090953826904297,0.028194578364491463
2233,0.028128433972597122,0.028199056163430214
2234,0.028423607349395752,0.028200089931488037
2235,0.028592167422175407,0.028198517858982086
2236,0.027513327077031136,0.028196170926094055
2237,0.02815340645611286,0.02819388173520565
2238,0.027860082685947418,0.028195694088935852
2239,0.02666744776070118,0.02819211594760418
2240,0.02791403792798519,0.028185628354549408
2241,0.026562104001641273,0.028184590861201286
2242,0.028414202854037285,0.028188427910208702
2243,0.028522785753011703,0.028197018429636955
2244,0.027317428961396217,0.028205208480358124
2245,0.02826635167002678,0.02821505255997181
2246,0.02792578749358654,0.028220534324645996
2247,0.02619391307234764,0.02822330966591835
2248,0.027450453490018845,0.02822207100689411
2249,0.027228403836488724,0.028220564126968384
2250,0.028738297522068024,0.028217708691954613
2251,0.029326973482966423,0.028209131211042404
2252,0.028674660250544548,0.02819688804447651
2253,0.02736012078821659,0.02818513847887516
2254,0.02674158103764057,0.028178853914141655
2255,0.03023873083293438,0.02817140333354473
2256,0.02747364155948162,0.028163444250822067
2257,0.026824552565813065,0.028159236535429955
2258,0.028989747166633606,0.028159460052847862
2259,0.029191048815846443,0.028161978349089622
2260,0.025729399174451828,0.028170404955744743
2261,0.03027375228703022,0.028179015964269638
2262,0.02466202713549137,0.028185108676552773
2263,0.028796514496207237,0.02818397618830204
2264,0.02978919818997383,0.02818082831799984
2265,0.02634180523455143,0.028176339343190193
2266,0.02815607748925686,0.028165142983198166
2267,0.029120000079274178,0.02815195359289646
2268,0.02842886559665203,0.02813553251326084
2269,0.028471678495407104,0.02812301181256771
2270,0.028747832402586937,0.02811027504503727
2271,0.02656598947942257,0.028102627024054527
2272,0.0271495021879673,0.02809412032365799
2273,0.027813849970698357,0.02809065207839012
2274,0.029763611033558846,0.028088316321372986
2275,0.028547337278723717,0.028089400380849838
2276,0.029645545408129692,0.028091534972190857
2277,0.028596166521310806,0.028099358081817627
2278,0.028722887858748436,0.02811252325773239
2279,0.02882559224963188,0.02812979929149151
2280,0.029116544872522354,0.028148962184786797
2281,0.027866305783391,0.028164535760879517
2282,0.028484785929322243,0.02817433886229992
2283,0.025124086067080498,0.028181590139865875
2284,0.03001422993838787,0.028177708387374878
2285,0.027082500979304314,0.028168395161628723
2286,0.02847319468855858,0.02815895900130272
2287,0.027389585971832275,0.02815438248217106
2288,0.028944049030542374,0.02814408205449581
2289,0.026925113052129745,0.028145384043455124
2290,0.029385652393102646,0.028140779584646225
2291,0.02751522697508335,0.028135396540164948
2292,0.028359264135360718,0.02813085727393627
2293,0.02668829634785652,0.028132284060120583
2294,0.02807331643998623,0.02813439816236496
2295,0.027880119159817696,0.028140729293227196
2296,0.027281835675239563,0.028145967051386833
2297,0.027391407638788223,0.02814808301627636
2298,0.027438709512352943,0.028146833181381226
2299,0.02763589285314083,0.028145892545580864
2300,0.029919786378741264,0.028139358386397362
2301,0.028854187577962875,0.028134912252426147
2302,0.027259772643446922,0.028133422136306763
2303,0.028230562806129456,0.028131559491157532
2304,0.02860768511891365,0.028133461251854897
2305,0.02829810604453087,0.028138548135757446
2306,0.026305345818400383,0.028144612908363342
2307,0.02811339683830738,0.028152726590633392
2308,0.028012339025735855,0.028166864067316055
2309,0.027994630858302116,0.028178934007883072
2310,0.02821563556790352,0.028188806027173996
2311,0.02788815274834633,0.028195250779390335
2312,0.02837679721415043,0.02819983661174774
2313,0.027676833793520927,0.02820643223822117
2314,0.026778945699334145,0.028210919350385666
2315,0.029517581686377525,0.028210647404193878
2316,0.02736007049679756,0.028206713497638702
2317,0.028888039290905,0.028207052499055862
2318,0.02675027772784233,0.028209349140524864
2319,0.027110449969768524,0.028207823634147644
2320,0.029485369101166725,0.028201283887028694
2321,0.02887900359928608,0.02819611132144928
2322,0.031044377014040947,0.02818470261991024
2323,0.02940625511109829,0.02817561663687229
2324,0.02897600457072258,0.028165796771645546
2325,0.026408065110445023,0.028162140399217606
2326,0.02862616814672947,0.02815886028110981
2327,0.027605146169662476,0.028156248852610588
2328,0.028804710134863853,0.028147906064987183
2329,0.026344453915953636,0.02813717909157276
2330,0.027434926480054855,0.028127584606409073
2331,0.02784540317952633,0.028119400143623352
2332,0.030417244881391525,0.028111547231674194
2333,0.02652091532945633,0.028109068050980568
2334,0.028600698336958885,0.028105564415454865
2335,0.030026832595467567,0.02810261957347393
2336,0.02775263600051403,0.028107047080993652
2337,0.030757877975702286,0.028111157938838005
2338,0.029189880937337875,0.028123024851083755
2339,0.027715880423784256,0.0281352698802948
2340,0.02799656055867672,0.028148462995886803
2341,0.02590673230588436,0.028160665184259415
2342,0.027966393157839775,0.02816934883594513
2343,0.028039641678333282,0.028174303472042084
2344,0.02756466343998909,0.02817290835082531
2345,0.027544602751731873,0.02816462516784668
2346,0.028376692906022072,0.02815273404121399
2347,0.029019273817539215,0.02814258635044098
2348,0.027132822200655937,0.028139080852270126
2349,0.02765813283622265,0.028143296018242836
2350,0.027361886575818062,0.028150908648967743
2351,0.026284407824277878,0.028155798092484474
2352,0.026317158713936806,0.02816167287528515
2353,0.029138825833797455,0.028162769973278046
2354,0.027714967727661133,0.028165725991129875
2355,0.029210517182946205,0.02816515602171421
2356,0.028871001675724983,0.028157245367765427
2357,0.02948428876698017,0.028150679543614388
2358,0.028500845655798912,0.028148895129561424
2359,0.02876785583794117,0.02814670093357563
2360,0.02712928131222725,0.028151284903287888
2361,0.028138741850852966,0.028158558532595634
2362,0.027635781094431877,0.028159521520137787
2363,0.0275677889585495,0.028162656351923943
2364,0.028593404218554497,0.028165113180875778
2365,0.027840984985232353,0.028166992589831352
2366,0.026231570169329643,0.02817302756011486
2367,0.02984263002872467,0.028179321438074112
2368,0.028773123398423195,0.028187202289700508
2369,0.027006670832633972,0.028190307319164276
2370,0.027512170374393463,0.028192326426506042
2371,0.026980094611644745,0.02819116972386837
2372,0.02819208987057209,0.02818368561565876
2373,0.0286647267639637,0.02817215584218502
2374,0.02818351425230503,0.028157323598861694
2375,0.029088255017995834,0.02814573422074318
2376,0.02783539704978466,0.028138134628534317
2377,0.028895072638988495,0.028128350153565407
2378,0.026282567530870438,0.02812127023935318
2379,0.026857776567339897,0.02811785787343979
2380,0.02719924971461296,0.028110822662711143
2381,0.02828008495271206,0.028101010248064995
2382,0.02664061076939106,0.028095819056034088
2383,0.027965564280748367,0.028093161061406136
2384,0.027232162654399872,0.028091808781027794
2385,0.02845866046845913,0.028090963140130043
2386,0.028963977470993996,0.028094755485653877
2387,0.028451556339859962,0.02809753827750683
2388,0.028134388849139214,0.0281039010733366
2389,0.027286944910883904,0.028115954250097275
2390,0.027718981727957726,0.028131190687417984
2391,0.027099907398223877,0.02814762480556965
2392,0.028057768940925598,0.028159912675619125
2393,0.027712497860193253,0.028170060366392136
2394,0.028677962720394135,0.02817855030298233
2395,0.028426630422472954,0.02818840742111206
2396,0.027602866291999817,0.028193604201078415
2397,0.026902828365564346,0.028193414211273193
2398,0.029517022892832756,0.028196822851896286
2399,0.028626926243305206,0.028194235637784004
2400,0.026502838358283043,0.028190776705741882
2401,0.02814050391316414,0.028187554329633713
2402,0.028232745826244354,0.028185078874230385
2403,0.02800898812711239,0.028184719383716583
2404,0.02817431278526783,0.028184687718749046
2405,0.02966194413602352,0.028178706765174866
2406,0.028424490243196487,0.028173286467790604
2407,0.028839949518442154,0.028169332072138786
2408,0.027461010962724686,0.028168270364403725
2409,0.02975158952176571,0.028169285506010056
2410,0.029231959953904152,0.028164522722363472
2411,0.027545085176825523,0.028165340423583984
2412,0.02698189578950405,0.02816980518400669
2413,0.029252642765641212,0.028175372630357742
2414,0.026027964428067207,0.02818261831998825
2415,0.02838965505361557,0.028187856078147888
2416,0.02871696464717388,0.02819051966071129
2417,0.02738461084663868,0.02819156087934971
2418,0.02912592515349388,0.02819066308438778
2419,0.026956042274832726,0.028189728036522865
2420,0.0285774115473032,0.02818603813648224
2421,0.02753898687660694,0.02817862667143345
2422,0.028539910912513733,0.028169676661491394
2423,0.02911822684109211,0.028161218389868736
2424,0.027623727917671204,0.02815227396786213
2425,0.028993137180805206,0.028142115101218224
2426,0.027579251676797867,0.028137197718024254
2427,0.02691168338060379,0.028131477534770966
2428,0.028759242966771126,0.028126399964094162
2429,0.028810419142246246,0.028125105425715446
2430,0.029087625443935394,0.02812284044921398
2431,0.02884725295007229,0.02812189795076847
2432,0.029254864901304245,0.02811768837273121
2433,0.02831277996301651,0.028113793581724167
2434,0.029119938611984253,0.028114214539527893
2435,0.028430156409740448,0.02811291255056858
2436,0.027155421674251556,0.028118502348661423
2437,0.027637507766485214,0.02812558226287365
2438,0.029399357736110687,0.02813662216067314
2439,0.02730095013976097,0.028154749423265457
2440,0.028537176549434662,0.02816210314631462
2441,0.027749240398406982,0.028172241523861885
2442,0.028632644563913345,0.02817898616194725
2443,0.03039548732340336,0.02818317525088787
2444,0.02738606557250023,0.028185958042740822
2445,0.029766680672764778,0.02818184532225132
2446,0.028777332976460457,0.028177903965115547
2447,0.028760749846696854,0.028172431513667107
2448,0.02817109413444996,0.028160443529486656
2449,0.025874773040413857,0.028154566884040833
2450,0.02838585153222084,0.028149954974651337
2451,0.02819089964032173,0.028144067153334618
2452,0.0265048835426569,0.02814057469367981
2453,0.0296050813049078,0.028134865686297417
2454,0.030721986666321754,0.028130752965807915
2455,0.025405481457710266,0.02813165821135044
2456,0.02872270904481411,0.028131287544965744
2457,0.03070155903697014,0.028134774416685104
2458,0.02992650493979454,0.0281368400901556
2459,0.028398344293236732,0.028140868991613388
2460,0.027199318632483482,0.028147192671895027
2461,0.02881978079676628,0.028155071660876274
2462,0.028022881597280502,0.028160834684967995
2463,0.026716340333223343,0.028165439143776894
2464,0.02616659365594387,0.02816634438931942
2465,0.0280010849237442,0.028161630034446716
2466,0.028692374005913734,0.02815328910946846
2467,0.028494179248809814,0.028144823387265205
2468,0.02865688130259514,0.028138941153883934
2469,0.027219457551836967,0.028134189546108246
2470,0.027126632630825043,0.02813352830708027
2471,0.026927955448627472,0.028131799772381783
2472,0.027460645884275436,0.028126928955316544
2473,0.028541145846247673,0.02812126651406288
2474,0.027477039024233818,0.028115220367908478
2475,0.02755424752831459,0.02811545506119728
2476,0.02837420627474785,0.028116725385189056
2477,0.027154894545674324,0.028115838766098022
2478,0.028717786073684692,0.0281192809343338
2479,0.02795206755399704,0.028122976422309875
2480,0.026738861575722694,0.028126690536737442
2481,0.028541870415210724,0.028129098936915398
2482,0.027929117903113365,0.028129633516073227
2483,0.02715565450489521,0.02812768891453743
2484,0.02715592458844185,0.028132399544119835
2485,0.02926352247595787,0.028132539242506027
2486,0.02742042765021324,0.028132067993283272
2487,0.027114104479551315,0.02813623659312725
2488,0.02754613757133484,0.028140749782323837
2489,0.026241391897201538,0.028143521398305893
2490,0.026533273980021477,0.028143012896180153
2491,0.029558895155787468,0.028139648959040642
2492,0.02652212418615818,0.02813894674181938
2493,0.028214840218424797,0.028141332790255547
2494,0.027513904497027397,0.02814842015504837
2495,0.027821099385619164,0.028153039515018463
2496,0.028880560770630836,0.028155144304037094
2497,0.02618711069226265,0.02815983071923256
2498,0.028299681842327118,0.028159743174910545
2499,0.027765966951847076,0.02815445512533188
2500,0.028311442583799362,0.028147749602794647
2501,0.025982266291975975,0.028144236654043198
2502,0.026225656270980835,0.028145726770162582
2503,0.028359292075037956,0.02814948558807373
2504,0.02702372893691063,0.02815506048500538
2505,0.028752489015460014,0.028157610446214676
2506,0.028721602633595467,0.028157196938991547
2507,0.02831890434026718,0.028154058381915092
2508,0.027074534446001053,0.028149519115686417
2509,0.02787874825298786,0.028145497664809227
2510,0.02873501367866993,0.028142757713794708
2511,0.028605807572603226,0.028141412883996964
2512,0.025865811854600906,0.028143106028437614
2513,0.028163420036435127,0.02814626134932041
2514,0.02851882390677929,0.028150642290711403
2515,0.028480861335992813,0.02814953215420246
2516,0.026629574596881866,0.028147423639893532
2517,0.029812054708600044,0.028146883472800255
2518,0.028793947771191597,0.02814626321196556
2519,0.028322692960500717,0.02814435586333275
2520,0.028398407623171806,0.028144733980298042
2521,0.027703741565346718,0.028148332610726357
2522,0.02816336788237095,0.02815243788063526
2523,0.02833218313753605,0.028154807165265083
2524,0.02818622812628746,0.02815772220492363
2525,0.02768617682158947,0.02816297858953476
2526,0.027048153802752495,0.028168823570013046
2527,0.028926324099302292,0.028177369385957718
2528,0.02744966745376587,0.028183896094560623
2529,0.02725747786462307,0.028187554329633713
2530,0.02852758951485157,0.02818262204527855
2531,0.02670169062912464,0.02817816101014614
2532,0.025934971868991852,0.028171395882964134
2533,0.026795612648129463,0.028157517313957214
2534,0.02749723382294178,0.028143761679530144
2535,0.02765222080051899,0.028129685670137405
2536,0.026599787175655365,0.02811555191874504
2537,0.027803832665085793,0.028103921562433243
2538,0.02838466502726078,0.028093231841921806
2539,0.026981277391314507,0.02808481641113758
2540,0.02823137305676937,0.02808303013443947
2541,0.026789620518684387,0.02808639034628868
2542,0.028027968481183052,0.028089918196201324
2543,0.027148541063070297,0.028094766661524773
2544,0.028292791917920113,0.028099412098526955
2545,0.028183713555336,0.02810610830783844
2546,0.026782987639307976,0.028116988018155098
2547,0.028824595734477043,0.0281276423484087
2548,0.026996154338121414,0.028136922046542168
2549,0.026268240064382553,0.02815105766057968
2550,0.027279097586870193,0.028157683089375496
2551,0.02643514983355999,0.02815735898911953
2552,0.026520105078816414,0.028152907267212868
2553,0.028827153146266937,0.028150534257292747
2554,0.026600457727909088,0.028151459991931915
2555,0.027410637587308884,0.028152473270893097
2556,0.028723062947392464,0.028149232268333435
2557,0.02622988447546959,0.028150230646133423
2558,0.027831437066197395,0.028149845078587532
2559,0.027399839833378792,0.028142612427473068
2560,0.026748869568109512,0.028133351355791092
2561,0.029926849529147148,0.02811928652226925
2562,0.027352070435881615,0.028106199577450752
2563,0.028271464630961418,0.02809702232480049
2564,0.02759432978928089,0.028096985071897507
2565,0.028587356209754944,0.028096038848161697
2566,0.026692014187574387,0.028091901913285255
2567,0.029200732707977295,0.028089234605431557
2568,0.02893383800983429,0.028090890496969223
2569,0.028434675186872482,0.028093932196497917
2570,0.027882365509867668,0.02810412272810936
2571,0.028862692415714264,0.028116527944803238
2572,0.029985079541802406,0.02812882326543331
2573,0.027860743924975395,0.028135797008872032
2574,0.029670048505067825,0.028141913935542107
2575,0.026909107342362404,0.028146471828222275
2576,0.029146626591682434,0.028149401769042015
2577,0.028910622000694275,0.028146374970674515
2578,0.028108051046729088,0.028138572350144386
2579,0.02734125219285488,0.02812654711306095
2580,0.02870010770857334,0.028111794963479042
2581,0.028850505128502846,0.028100261464715004
2582,0.029045745730400085,0.02809007279574871
2583,0.027075380086898804,0.028087245300412178
2584,0.026976242661476135,0.028085071593523026
2585,0.027939947322010994,0.02808157168328762
2586,0.028794366866350174,0.028076909482479095
2587,0.027265004813671112,0.028074003756046295
2588,0.028434623032808304,0.02807025983929634
2589,0.028528349474072456,0.028073912486433983
2590,0.02713811956346035,0.02808132953941822
2591,0.027414893731474876,0.028092145919799805
2592,0.02728264406323433,0.028106970712542534
2593,0.0279903132468462,0.02811605855822563
2594,0.028444040566682816,0.028121551498770714
2595,0.02687157317996025,0.028130963444709778
2596,0.028055483475327492,0.028141599148511887
2597,0.02886688895523548,0.02814706601202488
2598,0.027670633047819138,0.028151115402579308
2599,0.027173878625035286,0.028151294216513634
2600,0.029956424608826637,0.028152987360954285
2601,0.028574250638484955,0.028152938932180405
2602,0.02800808846950531,0.028153156861662865
2603,0.029222028329968452,0.028150131925940514
2604,0.02730308659374714,0.02815183438360691
2605,0.029099974781274796,0.028154684230685234
2606,0.028179271146655083,0.028158152475953102
2607,0.02818242274224758,0.028157273307442665
2608,0.02858666144311428,0.02815466932952404
2609,0.02632281556725502,0.028151819482445717
2610,0.026551557704806328,0.028149111196398735
2611,0.028848901391029358,0.028142157942056656
2612,0.027419939637184143,0.028133640065789223
2613,0.028118642047047615,0.028128445148468018
2614,0.02728082612156868,0.028122490271925926
2615,0.02688116766512394,0.02812179923057556
2616,0.02723531611263752,0.02811875194311142
2617,0.02920234017074108,0.028121963143348694
2618,0.025740602985024452,0.028128422796726227
2619,0.02835703268647194,0.028138959780335426
2620,0.02862526848912239,0.028147419914603233
2621,0.02735990844666958,0.028149161487817764
2622,0.02751801162958145,0.02815110608935356
2623,0.028350284323096275,0.02815527841448784
2624,0.028840312734246254,0.028152458369731903
2625,0.028699146583676338,0.028150996193289757
2626,0.029227104038000107,0.028149446472525597
2627,0.028560006991028786,0.02815203368663788
2628,0.028413455933332443,0.028152380138635635
2629,0.029086360707879066,0.02815370075404644
2630,0.027851209044456482,0.028152279555797577
2631,0.026655685156583786,0.02815074846148491
2632,0.028364432975649834,0.028144877403974533
2633,0.028419140726327896,0.02813331037759781
2634,0.028237685561180115,0.0281208585947752
2635,0.028769006952643394,0.028110668063163757
2636,0.028251737356185913,0.028098827227950096
2637,0.028777124360203743,0.028085531666874886
2638,0.02853502333164215,0.028076935559511185
2639,0.027772637084126472,0.02807178534567356
2640,0.02763759158551693,0.028073180466890335
2641,0.028039444237947464,0.02807805687189102
2642,0.027975058183073997,0.028088005259633064
2643,0.02891501411795616,0.028098464012145996
2644,0.027257973328232765,0.028106316924095154
2645,0.028373295441269875,0.02811567299067974
2646,0.026448789983987808,0.02812674641609192
2647,0.029830792918801308,0.028135115280747414
2648,0.030251216143369675,0.028139518573880196
2649,0.02850160375237465,0.028142694383859634
2650,0.02748671919107437,0.028145039454102516
2651,0.028635410591959953,0.028147442266345024
2652,0.027891820296645164,0.02815273590385914
2653,0.024924607947468758,0.02816293202340603
2654,0.02635054476559162,0.028168682008981705
2655,0.02804754674434662,0.02817586250603199
2656,0.0291120745241642,0.028178324922919273
2657,0.027624057605862617,0.02817692421376705
2658,0.02894710563123226,0.02816915139555931
2659,0.02876819670200348,0.028158050030469894
2660,0.030156508088111877,0.02814534120261669
2661,0.02794346958398819,0.028134245425462723
2662,0.027665335685014725,0.028126606717705727
2663,0.029221687465906143,0.028113584965467453
2664,0.027653129771351814,0.028107205405831337
2665,0.027118366211652756,0.028102530166506767
2666,0.02880081534385681,0.02809525839984417
2667,0.030434122309088707,0.028090208768844604
2668,0.028676988556981087,0.028090069070458412
2669,0.027133503928780556,0.028093013912439346
2670,0.02773619443178177,0.028100764378905296
2671,0.029210271313786507,0.028112169355154037
2672,0.02836352400481701,0.02811799757182598
2673,0.027884984388947487,0.028123490512371063
2674,0.029155420139431953,0.028130175545811653
2675,0.02911284752190113,0.028134597465395927
2676,0.027753591537475586,0.02813628502190113
2677,0.027078256011009216,0.028133079409599304
2678,0.028608107939362526,0.02812761440873146
2679,0.028371891006827354,0.02812318503856659
2680,0.028595590963959694,0.02811962366104126
2681,0.027388347312808037,0.028118479996919632
2682,0.024731822311878204,0.028117859736084938
2683,0.02862047217786312,0.02811243198812008
2684,0.029666118323802948,0.028107985854148865
2685,0.026816898956894875,0.028106486424803734
2686,0.028999237343668938,0.028104353696107864
2687,0.030377836897969246,0.028104959055781364
2688,0.028466949239373207,0.028105750679969788
2689,0.02917890064418316,0.028107700869441032
2690,0.028127310797572136,0.028111908584833145
2691,0.02853846177458763,0.02811235375702381
2692,0.02805461548268795,0.028115687891840935
2693,0.029339946806430817,0.02811732143163681
2694,0.0249885655939579,0.02812071517109871
2695,0.02617863565683365,0.028125111013650894
2696,0.027539577335119247,0.02812940627336502
2697,0.027517864480614662,0.02813097834587097
2698,0.02804507687687874,0.028132310137152672
2699,0.028435194864869118,0.028129082173109055
2700,0.02984314225614071,0.028124259784817696
2701,0.028047317638993263,0.02811606600880623
2702,0.02684827893972397,0.028108831495046616
2703,0.025528404861688614,0.028099287301301956
2704,0.028608979657292366,0.0280942153185606
2705,0.027579575777053833,0.028096143156290054
2706,0.029165534302592278,0.028099853545427322
2707,0.026803068816661835,0.028107400983572006
2708,0.027651086449623108,0.028116773813962936
2709,0.02782042883336544,0.028123967349529266
2710,0.029270252212882042,0.0281295794993639
2711,0.027086762711405754,0.028134094551205635
2712,0.028525155037641525,0.028138158842921257
2713,0.02806766703724861,0.02814355306327343
2714,0.027295393869280815,0.028141314163804054
2715,0.028399279341101646,0.028140757232904434
2716,0.028403084725141525,0.028134802356362343
2717,0.02763580158352852,0.02812904119491577
2718,0.028043128550052643,0.028127243742346764
2719,0.026369573548436165,0.02813331037759781
2720,0.028059663251042366,0.028138337656855583
2721,0.028371566906571388,0.02814132533967495
2722,0.02900659292936325,0.02813837118446827
2723,0.027737319469451904,0.028137171640992165
2724,0.027461005374789238,0.028129177168011665
2725,0.028348790481686592,0.02812374383211136
2726,0.029626978561282158,0.028118088841438293
2727,0.02677014097571373,0.02812034636735916
2728,0.02942953072488308,0.02812356688082218
2729,0.026949206367135048,0.028129398822784424
2730,0.02718576416373253,0.028135618194937706
2731,0.027996370568871498,0.02813693694770336
2732,0.028422603383660316,0.028137648478150368
2733,0.028390053659677505,0.02813401259481907
2734,0.027055887505412102,0.0281288530677557
2735,0.02794083207845688,0.028123624622821808
2736,0.02766440622508526,0.028120970353484154
2737,0.02808457985520363,0.028120214119553566
2738,0.02850327268242836,0.028117984533309937
2739,0.0290920902043581,0.02811833657324314
2740,0.02833208069205284,0.02812071703374386
2741,0.027101153507828712,0.028123509138822556
2742,0.02753792516887188,0.028129592537879944
2743,0.02970154397189617,0.028132382780313492
2744,0.028193581849336624,0.02813398465514183
2745,0.029046939685940742,0.028137899935245514
2746,0.027083860710263252,0.0281436275690794
2747,0.02558980882167816,0.028146523982286453
2748,0.027432987466454506,0.02814752236008644
2749,0.02735200896859169,0.02814193069934845
2750,0.03013179823756218,0.028135890141129494
2751,0.029172122478485107,0.02813042141497135
2752,0.027827905490994453,0.028125621378421783
2753,0.026410069316625595,0.02812187559902668
2754,0.02783019095659256,0.028117142617702484
2755,0.02880031429231167,0.028110971674323082
2756,0.02710803784430027,0.02810373529791832
2757,0.02781410701572895,0.028094783425331116
2758,0.026485685259103775,0.02808733657002449
2759,0.028419645503163338,0.028083225712180138
2760,0.028858980163931847,0.02808104082942009
2761,0.026385165750980377,0.028080061078071594
2762,0.02781539596617222,0.028081970289349556
2763,0.026352595537900925,0.028083400800824165
2764,0.027412988245487213,0.02808540128171444
2765,0.026777179911732674,0.028088493272662163
2766,0.0295124351978302,0.0280894972383976
2767,0.029273314401507378,0.02808764949440956
2768,0.028812222182750702,0.028086917474865913
2769,0.02851291373372078,0.02808508649468422
2770,0.026675201952457428,0.02808612771332264
2771,0.028575265780091286,0.02808954007923603
2772,0.027945533394813538,0.028093965724110603
2773,0.028339216485619545,0.02810165472328663
2774,0.027758749201893806,0.02810966782271862
2775,0.027047010138630867,0.028120333328843117
2776,0.02654523402452469,0.028133239597082138
2777,0.028682446107268333,0.02813606709241867
2778,0.028192024677991867,0.028134319931268692
2779,0.028040356934070587,0.028131935745477676
2780,0.028696304187178612,0.028128528967499733
2781,0.028026001527905464,0.028123823925852776
2782,0.028207847848534584,0.028115594759583473
2783,0.027775179594755173,0.02810549922287464
2784,0.026339342817664146,0.02809731476008892
2785,0.026835471391677856,0.028091980144381523
2786,0.026515664532780647,0.028088059276342392
2787,0.028885923326015472,0.028086185455322266
2788,0.0280728992074728,0.028091175481677055
2789,0.025554461404681206,0.028103258460760117
2790,0.027632465586066246,0.028117820620536804
2791,0.027511755004525185,0.028126956894993782
2792,0.028740931302309036,0.028129883110523224
2793,0.028894810006022453,0.028130384162068367
2794,0.02766251377761364,0.028129521757364273
2795,0.029009085148572922,0.028129199519753456
2796,0.03142683207988739,0.02813027612864971
2797,0.028689811006188393,0.02812904492020607
2798,0.025418661534786224,0.028132364153862
2799,0.02865307778120041,0.028138531371951103
2800,0.028732867911458015,0.02814503014087677
2801,0.028535841032862663,0.028153806924819946
2802,0.02909448929131031,0.02815856970846653
2803,0.028626352548599243,0.02815963514149189
2804,0.02803875505924225,0.028157442808151245
2805,0.029092146083712578,0.02815212309360504
2806,0.029661403968930244,0.028150318190455437
2807,0.028270013630390167,0.02814958244562149
2808,0.03063572570681572,0.028149213641881943
2809,0.027381667867302895,0.028150981292128563
2810,0.02978312037885189,0.02814876288175583
2811,0.02716657891869545,0.028149297460913658
2812,0.02991338260471821,0.02814270183444023
2813,0.027704855427145958,0.028134776279330254
2814,0.028051454573869705,0.02812229096889496
2815,0.027964912354946136,0.028106126934289932
2816,0.027989214286208153,0.028090322390198708
2817,0.02919412963092327,0.028080014511942863
2818,0.027978042140603065,0.02807549387216568
2819,0.028661582618951797,0.028075234964489937
2820,0.02810283936560154,0.028078394010663033
2821,0.02836066670715809,0.02808006852865219
2822,0.02757888287305832,0.028087206184864044
2823,0.028032248839735985,0.02809355966746807
2824,0.027351755648851395,0.02809860371053219
2825,0.028181472793221474,0.028098253533244133
2826,0.028994284570217133,0.028097432106733322
2827,0.02751147747039795,0.02809779904782772
2828,0.028027430176734924,0.028100555762648582
2829,0.02743281051516533,0.02810235694050789
2830,0.028176752850413322,0.028100058436393738
2831,0.027450360357761383,0.028103645890951157
2832,0.029267465695738792,0.028107229620218277
2833,0.030198058113455772,0.028111133724451065
2834,0.026942521333694458,0.028114385902881622
2835,0.02741849422454834,0.02812216430902481
2836,0.025326348841190338,0.02813003398478031
2837,0.027297474443912506,0.028135737404227257
2838,0.027790475636720657,0.028136342763900757
2839,0.028749503195285797,0.02813180349767208
2840,0.027584394440054893,0.02812577597796917
2841,0.02619844488799572,0.028123464435338974
2842,0.02874438837170601,0.028117390349507332
2843,0.028815777972340584,0.028106708079576492
2844,0.027899665758013725,0.02809867635369301
2845,0.02835465408861637,0.02809015102684498
2846,0.027831891551613808,0.02808625064790249
2847,0.026601236313581467,0.02808854542672634
2848,0.026970816776156425,0.028094496577978134
2849,0.02780061960220337,0.028103303164243698
2850,0.028144512325525284,0.028111368417739868
2851,0.02835569903254509,0.02811611257493496
2852,0.027685871347784996,0.02811885066330433
2853,0.02727525494992733,0.028119701892137527
2854,0.026843858882784843,0.02811947651207447
2855,0.02819472923874855,0.028116418048739433
2856,0.02801823988556862,0.028111938387155533
2857,0.028875423595309258,0.02810238115489483
2858,0.026552477851510048,0.02809491939842701
2859,0.027065731585025787,0.028091439977288246
2860,0.028209738433361053,0.028084514662623405
2861,0.027850337326526642,0.028080647811293602
2862,0.0294516421854496,0.028074953705072403
2863,0.02793325111269951,0.028073372319340706
2864,0.026762710884213448,0.028070228174328804
2865,0.026853878051042557,0.028068283572793007
2866,0.029222100973129272,0.028065942227840424
2867,0.027827363461256027,0.02807060442864895
2868,0.027390753850340843,0.028081320226192474
2869,0.02605808526277542,0.028092043474316597
2870,0.025592146441340446,0.028099481016397476
2871,0.027156177908182144,0.02810458466410637
2872,0.02929653227329254,0.028106970712542534
2873,0.027904286980628967,0.028108568862080574
2874,0.027951937168836594,0.028107507154345512
2875,0.027810458093881607,0.02810746803879738
2876,0.027755992487072945,0.028109055012464523
2877,0.026638951152563095,0.028114737942814827
2878,0.02911612018942833,0.02811865136027336
2879,0.028308628126978874,0.02812313660979271
2880,0.02836475521326065,0.028130602091550827
2881,0.02951323613524437,0.028137031942605972
2882,0.028456363826990128,0.028141744434833527
2883,0.027798695489764214,0.02815224416553974
2884,0.026568681001663208,0.028162648901343346
2885,0.027899060398340225,0.028170477598905563
2886,0.027938658371567726,0.028175804764032364
2887,0.027627719566226006,0.028177224099636078
2888,0.02747962437570095,0.02817734144628048
2889,0.028376171365380287,0.02817046083509922
2890,0.028316590934991837,0.028164392337203026
2891,0.028675131499767303,0.028157394379377365
2892,0.028875069692730904,0.028149954974651337
2893,0.02742915228009224,0.02813979983329773
2894,0.030841995030641556,0.028132030740380287
2895,0.028384320437908173,0.028129305690526962
2896,0.026668524369597435,0.028126627206802368
2897,0.02844485454261303,0.02812081389129162
2898,0.027171103283762932,0.028117703273892403
2899,0.026909708976745605,0.028114020824432373
2900,0.03040476143360138,0.028112486004829407
2901,0.026193449273705482,0.028110867366194725
2902,0.029398372396826744,0.02810448408126831
2903,0.026484748348593712,0.02809872291982174
2904,0.0276513509452343,0.02808963693678379
2905,0.027424538508057594,0.028082918375730515
2906,0.028167549520730972,0.02807847410440445
2907,0.02763998694717884,0.028074176982045174
2908,0.027588797733187675,0.028072843328118324
2909,0.028190042823553085,0.02807099185883999
2910,0.028685487806797028,0.0280669666826725
2911,0.028679464012384415,0.028062399476766586
2912,0.027266791090369225,0.028059659525752068
2913,0.026701485738158226,0.02806014195084572
2914,0.02758217602968216,0.02806147001683712
2915,0.02852598950266838,0.02806331403553486
2916,0.026494262740015984,0.028062595054507256
2917,0.02858717367053032,0.02805927023291588
2918,0.027359383180737495,0.028062138706445694
2919,0.027733422815799713,0.028065506368875504
2920,0.030019786208868027,0.028068700805306435
2921,0.02864803560078144,0.028069669380784035
2922,0.029597625136375427,0.0280679389834404
2923,0.028364958241581917,0.028063472360372543
2924,0.026237940415740013,0.028059644624590874
2925,0.029682161286473274,0.02805839665234089
2926,0.028220288455486298,0.02805747091770172
2927,0.028328213840723038,0.02805650234222412
2928,0.028738481923937798,0.028055774047970772
2929,0.02728932723402977,0.028057388961315155
2930,0.029128044843673706,0.028058452531695366
2931,0.02679242379963398,0.028058435767889023
2932,0.028585046529769897,0.028055163100361824
2933,0.029761014506220818,0.028048861771821976
2934,0.028334029018878937,0.028041789308190346
2935,0.028780102729797363,0.02803560346364975
2936,0.028977710753679276,0.02803129144012928
2937,0.027303166687488556,0.028028834611177444
2938,0.02807862125337124,0.02802736684679985
2939,0.027565577998757362,0.028033189475536346
2940,0.02681843191385269,0.028042733669281006
2941,0.028147082775831223,0.02805093303322792
2942,0.027632195502519608,0.02805672213435173
2943,0.029480449855327606,0.02806330844759941
2944,0.02953086793422699,0.028065908700227737
2945,0.02632247842848301,0.028064055368304253
2946,0.02738838456571102,0.028061315417289734
2947,0.027713842689990997,0.02805841714143753
2948,0.02700648456811905,0.028055520728230476
2949,0.02837834507226944,0.02805650793015957
2950,0.0275972131639719,0.02805931121110916
2951,0.028139809146523476,0.028063813224434853
2952,0.027062764391303062,0.028066689148545265
2953,0.028297415003180504,0.02807055599987507
2954,0.027409110218286514,0.02807796001434326
2955,0.026015780866146088,0.028085162863135338
2956,0.028503835201263428,0.02809015102684498
2957,0.026216678321361542,0.02809152379631996
2958,0.030372146517038345,0.028085879981517792
2959,0.028807207942008972,0.028077807277441025
2960,0.02811403200030327,0.02807055599987507
2961,0.02799314819276333,0.02806551195681095
2962,0.028502315282821655,0.028059018775820732
2963,0.02794746123254299,0.028054561465978622
2964,0.02878369763493538,0.028050603345036507
2965,0.028597818687558174,0.02804812602698803
2966,0.02733825147151947,0.028044795617461205
2967,0.028824524953961372,0.028041452169418335
2968,0.027023741975426674,0.028043121099472046
2969,0.02821321040391922,0.028043044731020927
2970,0.026734307408332825,0.028046539053320885
2971,0.028031345456838608,0.028052743524312973
2972,0.027329258620738983,0.028059517964720726
2973,0.02665073238313198,0.028068916872143745
2974,0.02748817391693592,0.028080252930521965
2975,0.027292350307106972,0.02808893471956253
2976,0.0288739912211895,0.028095033019781113
2977,0.027312636375427246,0.028098873794078827
2978,0.026046283543109894,0.028103655204176903
2979,0.028850886970758438,0.028103210031986237
2980,0.02678261511027813,0.028104430064558983
2981,0.02663286216557026,0.028104135766625404
2982,0.027882499620318413,0.02810366451740265
2983,0.028283802792429924,0.02810630016028881
2984,0.0275377556681633,0.028109276667237282
2985,0.02902095578610897,0.02810339629650116
2986,0.025441471487283707,0.028096454218029976
2987,0.02557651698589325,0.028093770146369934
2988,0.02898610197007656,0.028096191585063934
2989,0.029463768005371094,0.028096878901124
2990,0.025956112891435623,0.028099821880459785
2991,0.02844327688217163,0.028097977861762047
2992,0.028870176523923874,0.028094477951526642
2993,0.02810029871761799,0.028090273961424828
2994,0.02781662903726101,0.028089826926589012
2995,0.027698908001184464,0.028085103258490562
2996,0.028495140373706818,0.028079956769943237
2997,0.02903676964342594,0.0280742309987545
2998,0.027244532480835915,0.02807517722249031
2999,0.029047483578324318,0.028079168871045113
3000,0.026817748323082924,0.028083352372050285
3001,0.0266520194709301,0.02808634750545025
3002,0.026981690898537636,0.028091568499803543
3003,0.027902239933609962,0.028096649795770645
3004,0.026933418586850166,0.02810562402009964
3005,0.027433529496192932,0.028106659650802612
3006,0.029751868918538094,0.028104843571782112
3007,0.02804570272564888,0.028101032599806786
3008,0.027274109423160553,0.028096187859773636
3009,0.02639339677989483,0.028095494955778122
3010,0.027184931561350822,0.028093764558434486
3011,0.02943512238562107,0.028094738721847534
3012,0.02795955166220665,0.028097471222281456
3013,0.027812883257865906,0.028105176985263824
3014,0.02913323976099491,0.028112191706895828
3015,0.029083747416734695,0.028115371242165565
3016,0.027894292026758194,0.0281181950122118
3017,0.02728172391653061,0.028118828311562538
3018,0.028035394847393036,0.028116129338741302
3019,0.026347247883677483,0.028116775676608086
3020,0.029032448306679726,0.028118425980210304
3021,0.028125176206231117,0.028119530528783798
3022,0.02720796689391136,0.02811918593943119
3023,0.02688208781182766,0.028118066489696503
3024,0.02683972753584385,0.028117233887314796
3025,0.029084503650665283,0.028112586587667465
3026,0.02842632867395878,0.02810605987906456
3027,0.027874400839209557,0.028099553659558296
3028,0.02776964008808136,0.028094466775655746
3029,0.027920374646782875,0.028089474886655807
3030,0.028086774051189423,0.02808821015059948
3031,0.027388600632548332,0.028089351952075958
3032,0.028158612549304962,0.02809283509850502
3033,0.028764061629772186,0.028097977861762047
3034,0.028309114277362823,0.028100190684199333
3035,0.02913302555680275,0.028101569041609764
3036,0.029317254200577736,0.028100276365876198
3037,0.026995200663805008,0.02810058929026127
3038,0.02638079598546028,0.028107715770602226
3039,0.027239393442869186,0.028118301182985306
3040,0.02905590459704399,0.02813214249908924
3041,0.028297562152147293,0.028147267177700996
3042,0.03145855665206909,0.028155691921710968
3043,0.02750672772526741,0.028158538043498993
3044,0.028920544311404228,0.028160547837615013
3045,0.02611588127911091,0.028164928779006004
3046,0.027432985603809357,0.028167182579636574
3047,0.02753058262169361,0.028168898075819016
3048,0.02810712344944477,0.02816888503730297
3049,0.026332249864935875,0.028166664764285088
3050,0.02688831463456154,0.028159508481621742
3051,0.0275421179831028,0.028152143582701683
3052,0.027503157034516335,0.028139224275946617
3053,0.027815455570816994,0.028123628348112106
3054,0.02840239740908146,0.028111882507801056
3055,0.02758210338652134,0.028105713427066803
3056,0.028770316392183304,0.02810015343129635
3057,0.028825493529438972,0.02809053845703602
3058,0.02594461292028427,0.028085170313715935
3059,0.027504777535796165,0.02807949297130108
3060,0.029123714193701744,0.028072047978639603
3061,0.027971457690000534,0.02806694805622101
3062,0.02823224477469921,0.028065407648682594
3063,0.02898034080862999,0.028068220242857933
3064,0.026513736695051193,0.02807297557592392
3065,0.027988329529762268,0.028076965361833572
3066,0.02789600007236004,0.028079433366656303
3067,0.02823360078036785,0.02808259055018425
3068,0.027564454823732376,0.028083540499210358
3069,0.02736387960612774,0.028085414320230484
3070,0.025985339656472206,0.028086761012673378
3071,0.028596976771950722,0.028086252510547638
3072,0.02627139911055565,0.02808532677590847
3073,0.02814277820289135,0.02808273769915104
3074,0.025583021342754364,0.02807645872235298
3075,0.026685407385230064,0.02807181514799595
3076,0.027563316747546196,0.0280696339905262
3077,0.02946215309202671,0.028065113350749016
3078,0.029175397008657455,0.028060272336006165
3079,0.028697939589619637,0.02805662341415882
3080,0.029847996309399605,0.028054311871528625
3081,0.02836962416768074,0.028054840862751007
3082,0.027910906821489334,0.028056571260094643
3083,0.02786361798644066,0.02805710956454277
3084,0.02708498202264309,0.028058737516403198
3085,0.029120588675141335,0.028059961274266243
3086,0.027277039363980293,0.028056645765900612
3087,0.026913704350590706,0.028056688606739044
3088,0.029465630650520325,0.028059808537364006
3089,0.028936244547367096,0.028059978038072586
3090,0.02761617675423622,0.02805907092988491
3091,0.029116448014974594,0.028058048337697983
3092,0.027882413938641548,0.028055420145392418
3093,0.027966486290097237,0.02805531583726406
3094,0.028749311342835426,0.028050621971488
3095,0.027458656579256058,0.028049806132912636
3096,0.028146998956799507,0.028048064559698105
3097,0.028346819803118706,0.0280483216047287
3098,0.02830659970641136,0.028046343475580215
3099,0.02869773469865322,0.02804495580494404
3100,0.026957768946886063,0.02804672345519066
3101,0.027403784915804863,0.028049977496266365
3102,0.028809040784835815,0.02805154025554657
3103,0.02817419543862343,0.028057536110281944
3104,0.028342293575406075,0.028064003214240074
3105,0.027313124388456345,0.028070980682969093
3106,0.029154475778341293,0.02807585895061493
3107,0.02747151255607605,0.02808489091694355
3108,0.028890689834952354,0.028091276064515114
3109,0.027787644416093826,0.028097687289118767
3110,0.02834206633269787,0.028104351833462715
3111,0.026370488107204437,0.02810600772500038
3112,0.027527576312422752,0.028103074058890343
3113,0.028055056929588318,0.028101637959480286
3114,0.02785087376832962,0.02809792011976242
3115,0.02967122197151184,0.02809518575668335
3116,0.026389608159661293,0.028089245781302452
3117,0.02730080671608448,0.02808421663939953
3118,0.028445035219192505,0.028078701347112656
3119,0.027087150141596794,0.028075026348233223
3120,0.028290115296840668,0.028074020519852638
3121,0.02764764428138733,0.02807430550456047
3122,0.02796054258942604,0.028074681758880615
3123,0.027598073706030846,0.02807445079088211
3124,0.028019867837429047,0.02807176113128662
3125,0.030030658468604088,0.02806892991065979
3126,0.02722642570734024,0.028069039806723595
3127,0.02694951556622982,0.0280628465116024
3128,0.026573019102215767,0.028059693053364754
3129,0.026252539828419685,0.0280570387840271
3130,0.027883125469088554,0.028053680434823036
3131,0.028135143220424652,0.02804848738014698
3132,0.02804119884967804,0.028046391904354095
3133,0.028018899261951447,0.028043724596500397
3134,0.02835552766919136,0.028044085949659348
3135,0.02830439992249012,0.028042595833539963
3136,0.02621932327747345,0.02804499678313732
3137,0.02821861207485199,0.02804507128894329
3138,0.028661668300628662,0.02804555930197239
3139,0.026677390560507774,0.028046147897839546
3140,0.02757776528596878,0.028047416359186172
3141,0.02665839157998562,0.028046175837516785
3142,0.027568412944674492,0.02804267406463623
3143,0.025429947301745415,0.028041306883096695
3144,0.028054209426045418,0.028038276359438896
3145,0.028826195746660233,0.02803598903119564
3146,0.02744666300714016,0.02803335338830948
3147,0.028803402557969093,0.028030557557940483
3148,0.02662256732583046,0.028030365705490112
3149,0.027097603306174278,0.028032245114445686
3150,0.028588151559233665,0.028033269569277763
3151,0.02690075896680355,0.028035003691911697
3152,0.026968540623784065,0.028038397431373596
3153,0.027267269790172577,0.028039878234267235
3154,0.027930738404393196,0.028044018894433975
3155,0.028270673006772995,0.028045188635587692
3156,0.0278535857796669,0.028045402839779854
3157,0.02798260748386383,0.028048016130924225
3158,0.02690999209880829,0.028051888570189476
3159,0.02678138203918934,0.028055785223841667
3160,0.02678266353905201,0.028060151264071465
3161,0.027501095086336136,0.028063934296369553
3162,0.030466683208942413,0.028059057891368866
3163,0.029538461938500404,0.02805214561522007
3164,0.026698101311922073,0.02804790623486042
3165,0.028684739023447037,0.02804221212863922
3166,0.028723005205392838,0.02803732082247734
3167,0.02812143601477146,0.02803347259759903
3168,0.026298953220248222,0.02803259901702404
3169,0.02882568910717964,0.028027867898344994
3170,0.026999274268746376,0.02802262082695961
3171,0.026078911498188972,0.02802174910902977
3172,0.02680528536438942,0.028021546080708504
3173,0.026850227266550064,0.02802426367998123
3174,0.029385661706328392,0.028028279542922974
3175,0.028153540566563606,0.028033003211021423
3176,0.028206687420606613,0.028035763651132584
3177,0.027086202055215836,0.028039297088980675
3178,0.02755862846970558,0.028043575584888458
3179,0.029623113572597504,0.02803916297852993
3180,0.027687324211001396,0.028035718947649002
3181,0.027653830125927925,0.028032537549734116
3182,0.026144908741116524,0.02803158573806286
3183,0.027797440066933632,0.028030026704072952
3184,0.02790909633040428,0.028028925880789757
3185,0.02781582996249199,0.02802801877260208
3186,0.028422614559531212,0.028024684637784958
3187,0.028843510895967484,0.028018899261951447
3188,0.02829275280237198,0.028013888746500015
3189,0.029944229871034622,0.028010031208395958
3190,0.030345164239406586,0.028008196502923965
3191,0.027344021946191788,0.028009746223688126
3192,0.02688918448984623,0.028013885021209717
3193,0.02877824939787388,0.028019294142723083
3194,0.02780318260192871,0.028021886944770813
3195,0.028086356818675995,0.02802468091249466
3196,0.028616221621632576,0.02802775800228119
3197,0.026170773431658745,0.028029175475239754
3198,0.028552841395139694,0.02803030051290989
3199,0.028872452676296234,0.02804037556052208
3200,0.028179192915558815,0.02805129811167717
3201,0.02774551883339882,0.028060641139745712
3202,0.02795499376952648,0.028070632368326187
3203,0.028169021010398865,0.02807883732020855
3204,0.027280546724796295,0.02808344177901745
3205,0.029541462659835815,0.02808368392288685
3206,0.02886204794049263,0.02808408811688423
3207,0.027995124459266663,0.028086483478546143
3208,0.028842274099588394,0.028087226673960686
3209,0.026813091710209846,0.02809089422225952
3210,0.028831664472818375,0.0280908215790987
3211,0.03050437942147255,0.028092272579669952
3212,0.028915202245116234,0.028092792257666588
3213,0.028049437329173088,0.028094347566366196
3214,0.027213286608457565,0.02809397503733635
3215,0.028636621311306953,0.028090227395296097
3216,0.029292240738868713,0.028085678815841675
3217,0.028677459806203842,0.028080761432647705
3218,0.027844836935400963,0.028075123205780983
3219,0.027539469301700592,0.02806711383163929
3220,0.029273655265569687,0.02805931121110916
3221,0.027151087298989296,0.028054850175976753
3222,0.029157988727092743,0.028051860630512238
3223,0.026835601776838303,0.028050387278199196
3224,0.02806563675403595,0.028054066002368927
3225,0.028124868869781494,0.028055451810359955
3226,0.027654940262436867,0.028060927987098694
3227,0.026280183345079422,0.02806851454079151
3228,0.027958888560533524,0.028078174218535423
3229,0.02770884707570076,0.028089197352528572
3230,0.029208913445472717,0.028099868446588516
3231,0.029991179704666138,0.028102334588766098
3232,0.027596278116106987,0.028102511540055275
3233,0.02734711952507496,0.0281037837266922
3234,0.02825344353914261,0.028104091063141823
3235,0.02979530766606331,0.02809780463576317
3236,0.02649092860519886,0.028091926127672195
3237,0.027483759447932243,0.02808726392686367
3238,0.02751047909259796,0.028082000091671944
3239,0.026534562930464745,0.028073932975530624
3240,0.028549794107675552,0.028063835576176643
3241,0.026769770309329033,0.028052926063537598
3242,0.03034820407629013,0.028041858226060867
3243,0.02715141326189041,0.028036968782544136
3244,0.028545543551445007,0.028037579730153084
3245,0.028009647503495216,0.028039872646331787
3246,0.029014576226472855,0.028043469414114952
3247,0.02878405526280403,0.028046444058418274
3248,0.029297929257154465,0.028045400977134705
3249,0.027555257081985474,0.028040708974003792
3250,0.025950826704502106,0.028033345937728882
3251,0.027945494279265404,0.028025755658745766
3252,0.027717145159840584,0.028018297627568245
3253,0.02779717557132244,0.028015559539198875
3254,0.027970006689429283,0.028015874326229095
3255,0.0282503180205822,0.02801465429365635
3256,0.02765800431370735,0.028012240305542946
3257,0.025973688811063766,0.028015319257974625
3258,0.027839308604598045,0.028019685298204422
3259,0.027955757454037666,0.028021834790706635
3260,0.02737421542406082,0.028022902086377144
3261,0.027455221861600876,0.02802371233701706
3262,0.028848854824900627,0.028028616681694984
3263,0.028655298054218292,0.028034908697009087
3264,0.0272287055850029,0.02804255485534668
3265,0.02769296243786812,0.028050610795617104
3266,0.02653161808848381,0.028052328154444695
3267,0.028560949489474297,0.028056224808096886
3268,0.028109263628721237,0.028059139847755432
3269,0.02869703434407711,0.0280600618571043
3270,0.028298409655690193,0.028058955445885658
3271,0.02816319651901722,0.028059858828783035
3272,0.028926074504852295,0.028059890493750572
3273,0.028028378263115883,0.02805950492620468
3274,0.029550662264227867,0.028056848794221878
3275,0.026486678048968315,0.028056403622031212
3276,0.02660474367439747,0.028057431802153587
3277,0.026602046564221382,0.028058255091309547
3278,0.025774912908673286,0.028061900287866592
3279,0.026057850569486618,0.0280661229044199
3280,0.02708618715405464,0.02807006612420082
3281,0.02952718921005726,0.02807159163057804
3282,0.028237931430339813,0.028072359040379524
3283,0.026398291811347008,0.028068453073501587
3284,0.02827935852110386,0.028060266748070717
3285,0.02770344726741314,0.02805182710289955
3286,0.027987275272607803,0.028044791892170906
3287,0.027558080852031708,0.02803758531808853
3288,0.0273907370865345,0.028032023459672928
3289,0.025601666420698166,0.028027914464473724
3290,0.026656070724129677,0.02802535705268383
3291,0.027014708146452904,0.02802424691617489
3292,0.027324095368385315,0.02802029252052307
3293,0.02795092575252056,0.028016969561576843
3294,0.028955357149243355,0.028011992573738098
3295,0.027934139594435692,0.028008855879306793
3296,0.026301434263586998,0.028011059388518333
3297,0.028435485437512398,0.028012923896312714
3298,0.025637900456786156,0.028016582131385803
3299,0.027425972744822502,0.0280198622494936
3300,0.027235031127929688,0.02802465111017227
3301,0.027607830241322517,0.02802981808781624
3302,0.027355676516890526,0.028033331036567688
3303,0.02655448205769062,0.028040582314133644
3304,0.02728962153196335,0.02804665081202984
3305,0.02899707481265068,0.028048092499375343
3306,0.028272897005081177,0.028048200532794
3307,0.02825850434601307,0.028047027066349983
3308,0.028677012771368027,0.0280445646494627
3309,0.027244357392191887,0.02804366871714592
3310,0.028422895818948746,0.028043320402503014
3311,0.02967262826859951,0.028039084747433662
3312,0.028275592252612114,0.028036611154675484
3313,0.027711868286132812,0.02803821861743927
3314,0.030336851254105568,0.028037207201123238
3315,0.02767222560942173,0.028038233518600464
3316,0.02755388431251049,0.028037725016474724
3317,0.029393192380666733,0.028038296848535538
3318,0.026968838647007942,0.028039269149303436
3319,0.026062631979584694,0.028041595593094826
3320,0.02719288133084774,0.028042174875736237
3321,0.02768813818693161,0.028045805171132088
3322,0.02509317733347416,0.028050711378455162
3323,0.0263956468552351,0.02805808186531067
3324,0.030416488647460938,0.028057819232344627
3325,0.026451628655195236,0.028056742623448372
3326,0.02963731437921524,0.028052007779479027
3327,0.025713609531521797,0.02804962359368801
3328,0.02815910242497921,0.028044529259204865
3329,0.027728313580155373,0.02804247848689556
3330,0.026867536827921867,0.02804320491850376
3331,0.02737981081008911,0.02804587036371231
3332,0.028500542044639587,0.028048915788531303
3333,0.028149288147687912,0.028057197108864784
3334,0.02849789336323738,0.028065545484423637
3335,0.02667391113936901,0.02807522378861904
3336,0.027765899896621704,0.02807556837797165
3337,0.02946886233985424,0.028073469176888466
3338,0.029065823182463646,0.028071755543351173
3339,0.029366247355937958,0.02806473709642887
3340,0.028809215873479843,0.028055980801582336
3341,0.02845889702439308,0.028051301836967468
3342,0.027088399976491928,0.028044216334819794
3343,0.028141846880316734,0.028036994859576225
3344,0.027595508843660355,0.028033163398504257
3345,0.028104020282626152,0.028030134737491608
3346,0.02878241427242756,0.028027912601828575
3347,0.028023162856698036,0.028027238324284554
3348,0.028337491676211357,0.028024345636367798
3349,0.02829805575311184,0.028024936094880104
3350,0.02562410943210125,0.028030192479491234
3351,0.026048999279737473,0.028040241450071335
3352,0.027945881709456444,0.02804623916745186
3353,0.026769643649458885,0.02805161476135254
3354,0.028267377987504005,0.028055086731910706
3355,0.029185505583882332,0.028056761249899864
3356,0.029224997386336327,0.028057530522346497
3357,0.02832663618028164,0.02805841527879238
3358,0.02849448472261429,0.02806057594716549
3359,0.026523586362600327,0.02806253544986248
3360,0.028706198558211327,0.02806331403553486
3361,0.028620406985282898,0.028063995763659477
3362,0.028551651164889336,0.0280647911131382
3363,0.028993912041187286,0.028061453253030777
3364,0.027655629441142082,0.028060302138328552
3365,0.028370842337608337,0.02805865928530693
3366,0.026786519214510918,0.028056271374225616
3367,0.027075346559286118,0.02805331163108349
3368,0.02680455520749092,0.02804967574775219
3369,0.028988612815737724,0.028042709454894066
3370,0.029496965929865837,0.028038443997502327
3371,0.028132768347859383,0.028041163459420204
3372,0.028442561626434326,0.028043562546372414
3373,0.029234016314148903,0.028045654296875
3374,0.028248624876141548,0.02805066667497158
3375,0.027446990832686424,0.02805931679904461
3376,0.026266129687428474,0.028070906177163124
3377,0.029045002534985542,0.028076089918613434
3378,0.025152385234832764,0.0280817449092865
3379,0.030107708647847176,0.028081662952899933
3380,0.02657412365078926,0.02807864546775818
3381,0.02808390185236931,0.028072573244571686
3382,0.028388598933815956,0.028066039085388184
3383,0.027849894016981125,0.028060423210263252
3384,0.02830618992447853,0.02805480919778347
3385,0.026237644255161285,0.028049161657691002
3386,0.029160259291529655,0.02804303914308548
3387,0.02835991233587265,0.02803906239569187
3388,0.03010576404631138,0.02803448960185051
3389,0.027592932805418968,0.02803313173353672
3390,0.02609904482960701,0.02803277224302292
3391,0.028101490810513496,0.028031807392835617
3392,0.02816789224743843,0.028032079339027405
3393,0.028144879266619682,0.028029056265950203
3394,0.028707873076200485,0.028026456013321877
3395,0.027860373258590698,0.028020266443490982
3396,0.029176635667681694,0.028016163036227226
3397,0.027917873114347458,0.028013592585921288
3398,0.02880631759762764,0.028012754395604134
3399,0.028832145035266876,0.02801431156694889
3400,0.028480976819992065,0.028012709692120552
3401,0.02959597297012806,0.028014713898301125
3402,0.028340620920062065,0.028017664328217506
3403,0.02700760029256344,0.028020069003105164
3404,0.028539706021547318,0.02802092768251896
3405,0.029270697385072708,0.028021661564707756
3406,0.026516253128647804,0.02802429348230362
3407,0.02761748991906643,0.028028881177306175
3408,0.026319723576307297,0.02803424373269081
3409,0.026589296758174896,0.028037676587700844
3410,0.028682326897978783,0.028042998164892197
3411,0.027455192059278488,0.02804466336965561
3412,0.028841901570558548,0.02805057354271412
3413,0.026593152433633804,0.02805359661579132
3414,0.02961348183453083,0.02805371582508087
3415,0.026766935363411903,0.02805628441274166
3416,0.028285935521125793,0.02805815450847149
3417,0.02781398966908455,0.028063371777534485
3418,0.0282233078032732,0.028068218380212784
3419,0.028131790459156036,0.02807173877954483
3420,0.028055768460035324,0.02807311899960041
3421,0.028977924957871437,0.028070146217942238
3422,0.028413519263267517,0.02806899882853031
3423,0.027549130842089653,0.02806427888572216
3424,0.02848757430911064,0.02805890515446663
3425,0.028299327939748764,0.02804809808731079
3426,0.027856308966875076,0.028041411191225052
3427,0.028086049482226372,0.028035752475261688
3428,0.028819993138313293,0.028033573180437088
3429,0.027464836835861206,0.028033489361405373
3430,0.0288991779088974,0.02803010307252407
3431,0.026479268446564674,0.028024451807141304
3432,0.027402525767683983,0.028019575402140617
3433,0.02789839543402195,0.028015105053782463
3434,0.0270967036485672,0.028010135516524315
3435,0.027633432298898697,0.028010359033942223
3436,0.027243446558713913,0.028011159971356392
3437,0.0288659930229187,0.02801070176064968
3438,0.02805216610431671,0.02801133133471012
3439,0.028332317247986794,0.028010353446006775
3440,0.026717685163021088,0.02801082655787468
3441,0.02733525075018406,0.02801257185637951
3442,0.026537077501416206,0.02801426313817501
3443,0.02577188052237034,0.02801567129790783
3444,0.029070839285850525,0.02801181748509407
3445,0.027438901364803314,0.0280092041939497
3446,0.02779855951666832,0.028009405359625816
3447,0.02722071297466755,0.028009964153170586
3448,0.025805789977312088,0.028011348098516464
3449,0.027740616351366043,0.028011364862322807
3450,0.028317738324403763,0.02801264263689518
3451,0.02769850566983223,0.028016354888677597
3452,0.028057917952537537,0.028020106256008148
3453,0.02731933631002903,0.028022266924381256
3454,0.026141000911593437,0.028026290237903595
3455,0.02765166386961937,0.028028342872858047
3456,0.02850210852921009,0.02802583947777748
3457,0.02699393220245838,0.028025876730680466
3458,0.027557721361517906,0.028025921434164047
3459,0.029234860092401505,0.028026796877384186
3460,0.02835088223218918,0.02802765741944313
3461,0.027221273630857468,0.028027860447764397
3462,0.026454344391822815,0.02802928537130356
3463,0.027015792205929756,0.028036462143063545
3464,0.026705600321292877,0.028042076155543327
3465,0.02788121998310089,0.02804722636938095
3466,0.02771073766052723,0.028048813343048096
3467,0.02826736494898796,0.02804778516292572
3468,0.028155183419585228,0.02804318070411682
3469,0.026561617851257324,0.028041532263159752
3470,0.029618917033076286,0.02803806960582733
3471,0.028156740590929985,0.02803662419319153
3472,0.029033590108156204,0.02803676575422287
3473,0.027665317058563232,0.028040701523423195
3474,0.027674920856952667,0.028047867119312286
3475,0.027985962107777596,0.028052281588315964
3476,0.02786729298532009,0.028055088594555855
3477,0.027984818443655968,0.028058120980858803
3478,0.027997836470603943,0.02805842086672783
3479,0.026360126212239265,0.028058547526597977
3480,0.029088718816637993,0.02805853821337223
3481,0.028232591226696968,0.028054596856236458
3482,0.028294259682297707,0.028046129271388054
3483,0.027984686195850372,0.02803616225719452
3484,0.029961159452795982,0.02802702970802784
3485,0.028339268639683723,0.028022242709994316
3486,0.026168638840317726,0.02802097611129284
3487,0.026036331430077553,0.028020817786455154
3488,0.02774461731314659,0.028017589822411537
3489,0.028293350711464882,0.02801373414695263
3490,0.02615913189947605,0.028011169284582138
3491,0.028723187744617462,0.02800942398607731
3492,0.026657089591026306,0.028009900823235512
3493,0.028675708919763565,0.028008846566081047
3494,0.02781616896390915,0.028007159009575844
3495,0.028226381167769432,0.028006749227643013
3496,0.0275169275701046,0.028007300570607185
3497,0.028969252482056618,0.028007689863443375
3498,0.0276065394282341,0.028008785098791122
3499,0.029301030561327934,0.028008608147501945
3500,0.027844423428177834,0.028007546439766884
3501,0.02674168348312378,0.02800663746893406
3502,0.026710154488682747,0.028008902445435524
3503,0.027370255440473557,0.028010835871100426
3504,0.027148447930812836,0.02801303006708622
3505,0.026010427623987198,0.02801642008125782
3506,0.025451796129345894,0.028019994497299194
3507,0.027946816757321358,0.028024764731526375
3508,0.027262555435299873,0.028027277439832687
3509,0.027107980102300644,0.028029266744852066
3510,0.028971044346690178,0.028028935194015503
3511,0.02900620363652706,0.028026027604937553
3512,0.028372766450047493,0.028020869940519333
3513,0.029590757563710213,0.028014319017529488
3514,0.0290449857711792,0.028006860986351967
3515,0.030008628964424133,0.028000423684716225
3516,0.027622157707810402,0.02799592912197113
3517,0.029812052845954895,0.02799299731850624
3518,0.026212219148874283,0.02799459546804428
3519,0.028224075213074684,0.02799953892827034
3520,0.024789167568087578,0.02800607681274414
3521,0.026807401329278946,0.02801104262471199
3522,0.029794245958328247,0.028012601658701897
3523,0.027363935485482216,0.028012387454509735
3524,0.025982851162552834,0.0280116256326437
3525,0.029490962624549866,0.02800985798239708
3526,0.0278402678668499,0.028005821630358696
3527,0.027564015239477158,0.028005771338939667
3528,0.029907457530498505,0.028005452826619148
3529,0.02854272909462452,0.02800494059920311
3530,0.030463585630059242,0.02800307422876358
3531,0.027091536670923233,0.028003646060824394
3532,0.027800055220723152,0.028005678206682205
3533,0.02728956937789917,0.028005994856357574
3534,0.029179289937019348,0.02800646424293518
3535,0.02768693119287491,0.028009479865431786
3536,0.028789298608899117,0.028011245653033257
3537,0.028655292466282845,0.028011124581098557
3538,0.027674948796629906,0.028014663606882095
3539,0.02780904248356819,0.02802160009741783
3540,0.029989734292030334,0.028028279542922974
3541,0.028522981330752373,0.028035011142492294
3542,0.028431689366698265,0.028037788346409798
3543,0.029499782249331474,0.028034845367074013
3544,0.02718813344836235,0.028032951056957245
3545,0.027673592790961266,0.02803499810397625
3546,0.027618424966931343,0.028037790209054947
3547,0.027530495077371597,0.028040623292326927
3548,0.028395280241966248,0.028044523671269417
3549,0.029221966862678528,0.028047043830156326
3550,0.027503428980708122,0.028048360720276833
3551,0.02630852535367012,0.02804763801395893
3552,0.025810962542891502,0.02804739773273468
3553,0.029626190662384033,0.028043165802955627
3554,0.028838112950325012,0.028040453791618347
3555,0.02774732932448387,0.028037942945957184
3556,0.027326589450240135,0.02803327888250351
3557,0.02664029784500599,0.02803116850554943
3558,0.029616765677928925,0.028027156367897987
3559,0.026897143572568893,0.028026189655065536
3560,0.028857437893748283,0.02802341990172863
3561,0.02728997729718685,0.028024163097143173
3562,0.027324602007865906,0.02802339196205139
3563,0.026910558342933655,0.028022587299346924
3564,0.02797185629606247,0.028021618723869324
3565,0.02839197777211666,0.028018681332468987
3566,0.027685578912496567,0.028017694130539894
3567,0.027891572564840317,0.02801860310137272
3568,0.027368679642677307,0.02802141197025776
3569,0.02724974974989891,0.02802526392042637
3570,0.028277842327952385,0.028026655316352844
3571,0.027330080047249794,0.02802346833050251
3572,0.028172239661216736,0.028021590784192085
3573,0.029176989570260048,0.028020083904266357
3574,0.027461323887109756,0.02801949344575405
3575,0.028557566925883293,0.02801504358649254
3576,0.026927487924695015,0.028011148795485497
3577,0.02795809507369995,0.02800600789487362
3578,0.027219751849770546,0.028001874685287476
3579,0.027800751850008965,0.028000453487038612
3580,0.02970079518854618,0.02799808979034424
3581,0.02863466553390026,0.027997532859444618
3582,0.02855241484940052,0.027997180819511414
3583,0.0282966997474432,0.02799709513783455
3584,0.029255133122205734,0.027997780591249466
3585,0.02760080248117447,0.027998918667435646
3586,0.025519954040646553,0.028001796454191208
3587,0.02642650529742241,0.028005210682749748
3588,0.026382744312286377,0.028008395805954933
3589,0.03046056628227234,0.02800879254937172
3590,0.029569629579782486,0.028007926419377327
3591,0.02498302422463894,0.028010793030261993
3592,0.027818234637379646,0.028011655434966087
3593,0.02648221142590046,0.028011124581098557
3594,0.027683714404702187,0.028009478002786636
3595,0.028849011287093163,0.028007319197058678
3596,0.028227796778082848,0.028002245351672173
3597,0.02681237831711769,0.027999281883239746
3598,0.027153924107551575,0.027996648102998734
3599,0.0271689984947443,0.027996426448225975
3600,0.028397541493177414,0.027994122356176376
3601,0.028656110167503357,0.027990233153104782
3602,0.02860385552048683,0.027989478781819344
3603,0.026951493695378304,0.027988500893115997
3604,0.028519682586193085,0.027988821268081665
3605,0.026274900883436203,0.027992114424705505
3606,0.028032049536705017,0.02799685299396515
3607,0.027426354587078094,0.028001079335808754
3608,0.028146134689450264,0.028005408123135567
3609,0.029321640729904175,0.028008347377181053
3610,0.031262218952178955,0.028008954599499702
3611,0.02853398583829403,0.028010796755552292
3612,0.02529159002006054,0.02801475301384926
3613,0.02857266552746296,0.02801583893597126
3614,0.028620442375540733,0.028015201911330223
3615,0.027997102588415146,0.02801458165049553
3616,0.02735958993434906,0.028012461960315704
3617,0.02851848490536213,0.028012115508317947
3618,0.02725970558822155,0.028012756258249283
3619,0.028550436720252037,0.028011249378323555
3620,0.027102913707494736,0.02801061049103737
3621,0.027494048699736595,0.02801196649670601
3622,0.0294796135276556,0.028012700378894806
3623,0.024777190759778023,0.028013719245791435
3624,0.029349712654948235,0.028013398870825768
3625,0.028726113960146904,0.028012866154313087
3626,0.028648747131228447,0.0280134417116642
3627,0.0267365500330925,0.028017407283186913
3628,0.028523899614810944,0.028022734448313713
3629,0.028883416205644608,0.0280283335596323
3630,0.027504412457346916,0.02803334780037403
3631,0.02714625932276249,0.0280381441116333
3632,0.029628131538629532,0.028041206300258636
3633,0.028799112886190414,0.028040245175361633
3634,0.02896852046251297,0.02804064005613327
3635,0.027301345020532608,0.028040191158652306
3636,0.029299674555659294,0.0280352421104908
3637,0.02962542697787285,0.028031449764966965
3638,0.02925100363790989,0.02802709862589836
3639,0.02695649303495884,0.02802342176437378
3640,0.027476118877530098,0.02802038937807083
3641,0.02798772230744362,0.02801966667175293
3642,0.0284262802451849,0.028019919991493225
3643,0.028982000425457954,0.028018513694405556
3644,0.027516651898622513,0.028019357472658157
3645,0.02770495042204857,0.028025031089782715
3646,0.027673164382576942,0.02802973985671997
3647,0.02779446169734001,0.028031975030899048
3648,0.027466287836432457,0.02803274616599083
3649,0.02784533053636551,0.028037216514348984
3650,0.027027025818824768,0.02803780883550644
3651,0.027623923495411873,0.028036821633577347
3652,0.027652064338326454,0.028032656759023666
3653,0.029523499310016632,0.028029002249240875
3654,0.028682313859462738,0.028026627376675606
3655,0.02894243597984314,0.028025897219777107
3656,0.028638029471039772,0.0280284583568573
3657,0.029066670686006546,0.028029754757881165
3658,0.027829457074403763,0.028028199449181557
3659,0.02809933014214039,0.028029095381498337
3660,0.027631288394331932,0.02803187631070614
3661,0.026602840051054955,0.0280379019677639
3662,0.027023669332265854,0.028045156970620155
3663,0.02789483033120632,0.02805090695619583
3664,0.02737993188202381,0.02805345505475998
3665,0.028988098725676537,0.02805255725979805
3666,0.02665681019425392,0.028049839660525322
3667,0.029131775721907616,0.028049172833561897
3668,0.028788862749934196,0.028049660846590996
3669,0.02737637795507908,0.028051204979419708
3670,0.028448186814785004,0.02804977260529995
3671,0.028021054342389107,0.028050750494003296
3672,0.028470467776060104,0.02805386669933796
3673,0.027177976444363594,0.02805287390947342
3674,0.027523083612322807,0.028051255270838737
3675,0.027522213757038116,0.028048090636730194
3676,0.027888106182217598,0.028044044971466064
3677,0.02691580168902874,0.02804047241806984
3678,0.028157595545053482,0.028035398572683334
3679,0.027743814513087273,0.028030307963490486
3680,0.026633508503437042,0.028027847409248352
3681,0.02740785852074623,0.028024833649396896
3682,0.02890903688967228,0.028021028265357018
3683,0.028176236897706985,0.0280191320925951
3684,0.02639273926615715,0.02801605314016342
3685,0.02772761508822441,0.02801220491528511
3686,0.0274997279047966,0.028009163215756416
3687,0.029632844030857086,0.028006965294480324
3688,0.028726156800985336,0.028005503118038177
3689,0.029301317408680916,0.02800353243947029
3690,0.027190525084733963,0.028000544756650925
3691,0.02824464999139309,0.02800125628709793
3692,0.02947547286748886,0.028004832565784454
3693,0.027051415294408798,0.02801058441400528
3694,0.028062673285603523,0.028013991191983223
3695,0.028629373759031296,0.02801753580570221
3696,0.028606979176402092,0.028021270409226418
3697,0.03066432662308216,0.02802254818379879
3698,0.02893877401947975,0.028023408725857735
3699,0.028805579990148544,0.028020475059747696
3700,0.027925891801714897,0.028018871322274208
3701,0.027744069695472717,0.02801680564880371
3702,0.028817689046263695,0.02801579236984253
3703,0.027783971279859543,0.028017202392220497
3704,0.028586644679307938,0.028020920231938362
3705,0.02744309976696968,0.02802259288728237
3706,0.026849137619137764,0.028022384271025658
3707,0.02871009148657322,0.02802114561200142
3708,0.029929010197520256,0.028016092255711555
3709,0.02701304852962494,0.028012804687023163
3710,0.02466931939125061,0.028011292219161987
3711,0.027942445129156113,0.02801068127155304
3712,0.02948499284684658,0.028007255867123604
3713,0.02586616948246956,0.028004717081785202
3714,0.02793518640100956,0.028002189472317696
3715,0.026798175647854805,0.027999715879559517
3716,0.02787897363305092,0.028000565245747566
3717,0.026981092989444733,0.027999527752399445
3718,0.02707739919424057,0.02800028957426548
3719,0.027908606454730034,0.02800246700644493
3720,0.02548433654010296,0.028004411607980728
3721,0.02848987467586994,0.02800365909934044
3722,0.02787470631301403,0.028003498911857605
3723,0.02722080424427986,0.028004121035337448
3724,0.026973629370331764,0.02800607681274414
3725,0.0298500694334507,0.028003482148051262
3726,0.026280613616108894,0.028002904728055
3727,0.027963312342762947,0.028001386672258377
3728,0.026475023478269577,0.02800118364393711
3729,0.028322361409664154,0.028002867475152016
3730,0.030164282768964767,0.028003675863146782
3731,0.02862050198018551,0.02800629660487175
3732,0.027633491903543472,0.0280061773955822
3733,0.027050478383898735,0.028005916625261307
3734,0.02592460997402668,0.02800661325454712
3735,0.026757631450891495,0.028008121997117996
3736,0.02858305536210537,0.028009328991174698
3737,0.026965875178575516,0.028010880574584007
3738,0.02825344353914261,0.028015699237585068
3739,0.02723253332078457,0.028021160513162613
3740,0.026158081367611885,0.028024759143590927
3741,0.025645164772868156,0.02802850306034088
3742,0.028114641085267067,0.028030958026647568
3743,0.027370786294341087,0.02803206816315651
3744,0.027087358757853508,0.028034206479787827
3745,0.029306435957551003,0.028034929186105728
3746,0.027639593929052353,0.028035897761583328
3747,0.027356773614883423,0.02803828753530979
3748,0.02619006857275963,0.028038499876856804
3749,0.028007356449961662,0.02803632989525795
3750,0.028571361675858498,0.028033697977662086
3751,0.028196172788739204,0.02803230658173561
3752,0.027880530804395676,0.02802949957549572
3753,0.02695312909781933,0.028024842962622643
3754,0.028444716706871986,0.02801748551428318
3755,0.027230534702539444,0.028010113164782524
3756,0.027867978438735008,0.028002701699733734
3757,0.027146266773343086,0.027994783595204353
3758,0.02791328728199005,0.02798522263765335
3759,0.02967117168009281,0.02797676995396614
3760,0.02913759835064411,0.027970585972070694
3761,0.02701462060213089,0.027966827154159546
3762,0.02607019990682602,0.027965784072875977
3763,0.027093714103102684,0.027964916080236435
3764,0.028722859919071198,0.027965551242232323
3765,0.029116952791810036,0.0279652439057827
3766,0.025483882054686546,0.02796836569905281
3767,0.02893081307411194,0.02797040343284607
3768,0.029303064569830894,0.027973363175988197
3769,0.028994202613830566,0.02797817997634411
3770,0.026554899290204048,0.027982370927929878
3771,0.028421077877283096,0.027989134192466736
3772,0.028700046241283417,0.027995256707072258
3773,0.026669491082429886,0.02800491265952587
3774,0.02891894243657589,0.028011379763484
3775,0.027968211099505424,0.02801683358848095
3776,0.028025878593325615,0.02802274003624916
3777,0.02600076049566269,0.02802467718720436
3778,0.02748427353799343,0.02802440896630287
3779,0.029867203906178474,0.028024841099977493
3780,0.02660331316292286,0.028024207800626755
3781,0.027779845520853996,0.028021300211548805
3782,0.027063172310590744,0.028017506003379822
3783,0.029550649225711823,0.02801687642931938
3784,0.02791513316333294,0.028018618002533913
3785,0.02941158413887024,0.028015943244099617
3786,0.028141867369413376,0.0280128326267004
3787,0.028432082384824753,0.028011882677674294
3788,0.027433479204773903,0.028012679889798164
3789,0.026688721030950546,0.028016213327646255
3790,0.02774721384048462,0.02801959216594696
3791,0.025187494233250618,0.028020521625876427
3792,0.02900729514658451,0.028021076694130898
3793,0.02817758172750473,0.02802073024213314
3794,0.02768877148628235,0.028018509969115257
3795,0.028398554772138596,0.02801952138543129
3796,0.029020145535469055,0.02802082896232605
3797,0.02777193672955036,0.02802092581987381
3798,0.027038684114813805,0.028022952377796173
3799,0.02789716236293316,0.028024617582559586
