,train_loss,test_loss
0,0.03141971305012703,0.030850647017359734
1,0.031196128576993942,0.030735762789845467
2,0.03082798421382904,0.030563129112124443
3,0.03196156397461891,0.03038749098777771
4,0.03157563507556915,0.03021579049527645
5,0.030770033597946167,0.030064376071095467
6,0.02959178388118744,0.0299318078905344
7,0.03143763914704323,0.02982272207736969
8,0.02932356856763363,0.029737740755081177
9,0.028197163715958595,0.029669184237718582
10,0.03174437955021858,0.02960612252354622
11,0.02976382151246071,0.029546668753027916
12,0.02749607525765896,0.029496904462575912
13,0.030063269659876823,0.02946053259074688
14,0.027894189581274986,0.029431961476802826
15,0.0295392032712698,0.029408052563667297
16,0.029177388176321983,0.029389213770627975
17,0.030621714890003204,0.029372166842222214
18,0.030146246775984764,0.029355231672525406
19,0.03036164492368698,0.0293379258364439
20,0.02949075773358345,0.029319357126951218
21,0.027454186230897903,0.02930012159049511
22,0.028147157281637192,0.02928198128938675
23,0.028740711510181427,0.029264042153954506
24,0.02865801751613617,0.029248295351862907
25,0.029620930552482605,0.02923419140279293
26,0.02815188467502594,0.029221244156360626
27,0.028579190373420715,0.029209289699792862
28,0.03037143498659134,0.029197990894317627
29,0.029300762340426445,0.029187852516770363
30,0.0286581851541996,0.02917795069515705
31,0.02654121443629265,0.02916835807263851
32,0.02944117970764637,0.029157351702451706
33,0.027454771101474762,0.029144885018467903
34,0.03117307461798191,0.02913222834467888
35,0.03131083399057388,0.029120374470949173
36,0.028030766174197197,0.029109690338373184
37,0.02899484522640705,0.029100541025400162
38,0.029998326674103737,0.029091987758874893
39,0.02820318564772606,0.029083987697958946
40,0.02894638478755951,0.029076622799038887
41,0.028711793944239616,0.02906983718276024
42,0.026185529306530952,0.029064567759633064
43,0.027864329516887665,0.029059935361146927
44,0.028600620105862617,0.029054716229438782
45,0.0277725663036108,0.02905016764998436
46,0.027302468195557594,0.02904454991221428
47,0.026288587599992752,0.029038920998573303
48,0.027868013828992844,0.029032941907644272
49,0.028226468712091446,0.029025455936789513
50,0.028238188475370407,0.029019281268119812
51,0.028201565146446228,0.029013799503445625
52,0.030573414638638496,0.02900790423154831
53,0.03094896487891674,0.02899957448244095
54,0.026063434779644012,0.028991607949137688
55,0.029185330495238304,0.028981590643525124
56,0.029487723484635353,0.028971415013074875
57,0.028606263920664787,0.028962425887584686
58,0.02981993742287159,0.028952205553650856
59,0.02953222021460533,0.028943676501512527
60,0.028477894142270088,0.028936127200722694
61,0.03127976134419441,0.028927983716130257
62,0.028442200273275375,0.028919460251927376
63,0.02793091908097267,0.028911929577589035
64,0.02976657636463642,0.028904730454087257
65,0.02772444672882557,0.028898656368255615
66,0.029357032850384712,0.028893165290355682
67,0.029968975111842155,0.028886593878269196
68,0.029169511049985886,0.028880350291728973
69,0.02886277064681053,0.028874460607767105
70,0.027981501072645187,0.028869837522506714
71,0.0291542187333107,0.028865106403827667
72,0.028155788779258728,0.028859956189990044
73,0.028371987864375114,0.028853751718997955
74,0.030303247272968292,0.028846751898527145
75,0.029400456696748734,0.028840165585279465
76,0.028117679059505463,0.028834108263254166
77,0.028573956340551376,0.02882840670645237
78,0.028951536864042282,0.02882319502532482
79,0.029342984780669212,0.02881663665175438
80,0.02720506675541401,0.02880958467721939
81,0.0299029890447855,0.028802702203392982
82,0.029757283627986908,0.028798462823033333
83,0.029085105285048485,0.028795208781957626
84,0.02814052440226078,0.028791911900043488
85,0.027466708794236183,0.028789591044187546
86,0.027554217725992203,0.02878636308014393
87,0.03079414553940296,0.028780540451407433
88,0.03017011657357216,0.02877279557287693
89,0.029010800644755363,0.028764469549059868
90,0.029149705544114113,0.02875726856291294
91,0.030000507831573486,0.02874993160367012
92,0.025944983586668968,0.028742995113134384
93,0.029046768322587013,0.02873646281659603
94,0.028662241995334625,0.02872847206890583
95,0.0288787093013525,0.028719378635287285
96,0.027742993086576462,0.02871079556643963
97,0.028085924685001373,0.028702905401587486
98,0.029385333880782127,0.028697051107883453
99,0.026873217895627022,0.028690418228507042
100,0.0291686300188303,0.028682393953204155
101,0.02846555970609188,0.028673872351646423
102,0.026131024584174156,0.02866613306105137
103,0.027411645278334618,0.028656626120209694
104,0.029480822384357452,0.028645921498537064
105,0.02733677625656128,0.028637222945690155
106,0.02874131128191948,0.028628060594201088
107,0.026905223727226257,0.028619755059480667
108,0.02628987468779087,0.02861260250210762
109,0.028918128460645676,0.028604699298739433
110,0.028619270771741867,0.02859537862241268
111,0.030503349378705025,0.02858482487499714
112,0.026331588625907898,0.028571832925081253
113,0.028365306556224823,0.028559373691678047
114,0.02902858518064022,0.028544917702674866
115,0.027794182300567627,0.028530899435281754
116,0.027858136221766472,0.028518443927168846
117,0.027740836143493652,0.028505051508545876
118,0.02763163112103939,0.028492562472820282
119,0.029491890221834183,0.02847987227141857
120,0.02840554714202881,0.028468778356909752
121,0.028636911883950233,0.028461655601859093
122,0.026812206953763962,0.02845446579158306
123,0.030010757967829704,0.028443628922104836
124,0.027682282030582428,0.028428182005882263
125,0.028178220614790916,0.028403999283909798
126,0.026746438816189766,0.028379539027810097
127,0.026982352137565613,0.028355907648801804
128,0.028882930055260658,0.028337454423308372
129,0.029067104682326317,0.028322458267211914
130,0.028361674398183823,0.028313836082816124
131,0.026972120627760887,0.028288017958402634
132,0.027160705998539925,0.028253452852368355
133,0.02669648639857769,0.02822403609752655
134,0.028200699016451836,0.028200725093483925
135,0.027850834652781487,0.028183110058307648
136,0.02756524458527565,0.02817593142390251
137,0.027751704677939415,0.028162548318505287
138,0.02736910805106163,0.028136111795902252
139,0.02710810862481594,0.02810641936957836
140,0.028531577438116074,0.02809060923755169
141,0.028974361717700958,0.02808360382914543
142,0.028171921148896217,0.028068354353308678
143,0.027777299284934998,0.02804047428071499
144,0.02797378972172737,0.02799614891409874
145,0.026821399107575417,0.027958666905760765
146,0.028509341180324554,0.027939941734075546
147,0.028310898691415787,0.02793085016310215
148,0.02614414691925049,0.027922257781028748
149,0.028115836903452873,0.027891289442777634
150,0.02971440739929676,0.027852525934576988
151,0.027132488787174225,0.02782326191663742
152,0.027730721980333328,0.027804313227534294
153,0.029254354536533356,0.02777731977403164
154,0.02808503620326519,0.027752328664064407
155,0.02638920582830906,0.027735119685530663
156,0.02735193446278572,0.02772572450339794
157,0.02958320826292038,0.027712691575288773
158,0.02814052626490593,0.027691518887877464
159,0.029275039210915565,0.027667315676808357
160,0.028367215767502785,0.02765587344765663
161,0.026726972311735153,0.027653584256768227
162,0.029706086963415146,0.027642996981739998
163,0.02562611736357212,0.027630401775240898
164,0.02797350287437439,0.02761421725153923
165,0.02918381057679653,0.027609385550022125
166,0.027702251449227333,0.027600932866334915
167,0.02597068063914776,0.02758469618856907
168,0.026878507807850838,0.02755350060760975
169,0.02788732573390007,0.027533702552318573
170,0.027650602161884308,0.027516916394233704
171,0.02689850702881813,0.027504678815603256
172,0.029062001034617424,0.027492580935359
173,0.028246330097317696,0.027473006397485733
174,0.029079990461468697,0.02745753712952137
175,0.02692265808582306,0.02744998224079609
176,0.027796927839517593,0.02743595279753208
177,0.02840091474354267,0.027417615056037903
178,0.026794904842972755,0.02739793248474598
179,0.026238523423671722,0.027381140738725662
180,0.026645896956324577,0.02737177349627018
181,0.026580676436424255,0.027362287044525146
182,0.02543901465833187,0.027353646233677864
183,0.025324463844299316,0.027349980548024178
184,0.025286471471190453,0.027330445125699043
185,0.026291565969586372,0.027305569499731064
186,0.02700049802660942,0.02727367728948593
187,0.024500470608472824,0.02725236862897873
188,0.029325466603040695,0.027234366163611412
189,0.02830018475651741,0.02721303142607212
190,0.02674453891813755,0.027191944420337677
191,0.027411695569753647,0.027171092107892036
192,0.028201917186379433,0.02715618535876274
193,0.026977499946951866,0.027154918760061264
194,0.02854033187031746,0.027161074802279472
195,0.02795834094285965,0.027166569605469704
196,0.026744326576590538,0.027158524841070175
197,0.028054317459464073,0.027143273502588272
198,0.027160467579960823,0.027110852301120758
199,0.025500832125544548,0.02708663046360016
200,0.024115389212965965,0.027066566050052643
201,0.025522494688630104,0.027058487758040428
202,0.027815908193588257,0.0270439051091671
203,0.025610875338315964,0.027021499350667
204,0.025622915476560593,0.02699904888868332
205,0.027505608275532722,0.026977092027664185
206,0.026003321632742882,0.026970209553837776
207,0.026024607941508293,0.026976116001605988
208,0.026858381927013397,0.026972241699695587
209,0.026935340836644173,0.02696266770362854
210,0.027307793498039246,0.026948006823658943
211,0.027522921562194824,0.026922505348920822
212,0.026135290041565895,0.02690560556948185
213,0.025545399636030197,0.026897964999079704
214,0.027652816846966743,0.026886669918894768
215,0.026722321286797523,0.02686464414000511
216,0.026065364480018616,0.026840822771191597
217,0.027407769113779068,0.026816148310899734
218,0.027501007542014122,0.02679884061217308
219,0.024767564609646797,0.026787489652633667
220,0.025961456820368767,0.0267788078635931
221,0.025273727253079414,0.026768682524561882
222,0.026660293340682983,0.026753248646855354
223,0.026484912261366844,0.02673015370965004
224,0.029637426137924194,0.026707859709858894
225,0.02718786895275116,0.026690436527132988
226,0.025123899802565575,0.026685625314712524
227,0.02626916952431202,0.026681214570999146
228,0.027399009093642235,0.026675846427679062
229,0.02753298543393612,0.026658913120627403
230,0.027286944910883904,0.026644963771104813
231,0.026641225442290306,0.02663174830377102
232,0.025897463783621788,0.026623103767633438
233,0.026223164051771164,0.02662360481917858
234,0.02706950530409813,0.02661936916410923
235,0.026157427579164505,0.02661430463194847
236,0.027078572660684586,0.026610344648361206
237,0.024963639676570892,0.026606960222125053
238,0.027794305235147476,0.026597507297992706
239,0.025518279522657394,0.026583101600408554
240,0.02482445351779461,0.026567980647087097
241,0.02706148661673069,0.02656615898013115
242,0.02481689490377903,0.02656938135623932
243,0.025557279586791992,0.026579897850751877
244,0.026113692671060562,0.026591071859002113
245,0.025943109765648842,0.026589486747980118
246,0.025086181238293648,0.026583164930343628
247,0.02761112153530121,0.02658740244805813
248,0.025937410071492195,0.026589034125208855
249,0.02830580063164234,0.026585225015878677
250,0.025753803551197052,0.02658000774681568
251,0.026810742914676666,0.02655225619673729
252,0.027294239029288292,0.026521485298871994
253,0.02612503431737423,0.026506755501031876
254,0.02670125849545002,0.02650374546647072
255,0.027218183502554893,0.02649841085076332
256,0.025487380102276802,0.0264967642724514
257,0.02697620913386345,0.026483338326215744
258,0.02584102749824524,0.026469463482499123
259,0.026669126003980637,0.02647109515964985
260,0.02639460749924183,0.02647284045815468
261,0.02839135378599167,0.026459665969014168
262,0.025632191449403763,0.02644519694149494
263,0.024742338806390762,0.026442650705575943
264,0.026870237663388252,0.02643364667892456
265,0.02732427790760994,0.026417264714837074
266,0.027421774342656136,0.02638421580195427
267,0.025561625137925148,0.02635820023715496
268,0.02717450074851513,0.0263509601354599
269,0.025331173092126846,0.026357555761933327
270,0.02484840527176857,0.02637595124542713
271,0.026614980772137642,0.02639198862016201
272,0.02866556867957115,0.026383232325315475
273,0.02516101486980915,0.026374513283371925
274,0.02697698585689068,0.026365838944911957
275,0.02661057934165001,0.026355337351560593
276,0.026571014896035194,0.02634483389556408
277,0.026893019676208496,0.026328684762120247
278,0.025432195514440536,0.026319054886698723
279,0.025374051183462143,0.026306968182325363
280,0.02517445757985115,0.026301410049200058
281,0.027237072587013245,0.026287944987416267
282,0.02713429182767868,0.026271622627973557
283,0.026717234402894974,0.026256952434778214
284,0.025586634874343872,0.02624295838177204
285,0.024052537977695465,0.026234354823827744
286,0.026024045422673225,0.026227563619613647
287,0.025755297392606735,0.02622121199965477
288,0.026687057688832283,0.026219667866826057
289,0.025585118681192398,0.026221709325909615
290,0.026380905881524086,0.02623920887708664
291,0.027829382568597794,0.02625858783721924
292,0.024608226493000984,0.026280973106622696
293,0.0271642804145813,0.02628844603896141
294,0.02632429264485836,0.026276351884007454
295,0.02608434483408928,0.026260750368237495
296,0.025566697120666504,0.02624553255736828
297,0.027415556833148003,0.026222458109259605
298,0.026143943890929222,0.026201888918876648
299,0.02742845192551613,0.02618425525724888
300,0.024349169805645943,0.026181019842624664
301,0.02685168944299221,0.026181530207395554
302,0.029003281146287918,0.026172218844294548
303,0.02468947507441044,0.026163240894675255
304,0.025571145117282867,0.026158757507801056
305,0.02638821117579937,0.02616063877940178
306,0.025469869375228882,0.026164444163441658
307,0.02432239055633545,0.026165766641497612
308,0.027559533715248108,0.02616262435913086
309,0.025297630578279495,0.026150403544306755
310,0.026675257831811905,0.02612321823835373
311,0.0272222850471735,0.026104211807250977
312,0.025966759771108627,0.026093780994415283
313,0.025038108229637146,0.026099583134055138
314,0.025551237165927887,0.0261117834597826
315,0.026307199150323868,0.026120243594050407
316,0.02663504146039486,0.026119181886315346
317,0.026694342494010925,0.026111865416169167
318,0.027576005086302757,0.026093864813447
319,0.025489861145615578,0.02608220838010311
320,0.02569013647735119,0.02607674151659012
321,0.027310671284794807,0.026067722588777542
322,0.026743391528725624,0.02605501003563404
323,0.025495322421193123,0.026043429970741272
324,0.027503294870257378,0.026028675958514214
325,0.026914583519101143,0.026025744155049324
326,0.026552576571702957,0.026030220091342926
327,0.026998387649655342,0.02603936567902565
328,0.02504471130669117,0.026041952893137932
329,0.02839449793100357,0.026034124195575714
330,0.024976370856165886,0.026020966470241547
331,0.024111347272992134,0.02602182701230049
332,0.024270400404930115,0.02602034993469715
333,0.025914009660482407,0.026012588292360306
334,0.02742188051342964,0.026006121188402176
335,0.027308253571391106,0.02600966952741146
336,0.02416706271469593,0.025998245924711227
337,0.025905383750796318,0.02599250338971615
338,0.02427126280963421,0.026005929335951805
339,0.02656574361026287,0.026008032262325287
340,0.026148410513997078,0.02600695565342903
341,0.02388729713857174,0.026014409959316254
342,0.025700652971863747,0.026005128398537636
343,0.02481660060584545,0.025996796786785126
344,0.025204237550497055,0.025984765961766243
345,0.026977116242051125,0.02596842497587204
346,0.024984359741210938,0.025962892919778824
347,0.02474246732890606,0.025962041690945625
348,0.024477191269397736,0.025965005159378052
349,0.026042189449071884,0.025952747091650963
350,0.025112876668572426,0.02593628503382206
351,0.02387957274913788,0.025938237085938454
352,0.026189448311924934,0.025961142033338547
353,0.02723580040037632,0.025981171056628227
354,0.027003604918718338,0.02598606050014496
355,0.025025565177202225,0.025977477431297302
356,0.026102831587195396,0.025971153751015663
357,0.025251232087612152,0.025964897125959396
358,0.027322065085172653,0.025954218581318855
359,0.025858832523226738,0.025953929871320724
360,0.025427984073758125,0.025958750396966934
361,0.02655942179262638,0.02595367096364498
362,0.025988010689616203,0.025943679735064507
363,0.027612844482064247,0.02595214731991291
364,0.027259908616542816,0.02596626989543438
365,0.025635043159127235,0.025971831753849983
366,0.024797070771455765,0.025971027091145515
367,0.02629612386226654,0.025955216959118843
368,0.026413170620799065,0.02594265714287758
369,0.025483475998044014,0.025925086811184883
370,0.024824686348438263,0.025898480787873268
371,0.026127921417355537,0.02587856352329254
372,0.024591738358139992,0.02587791718542576
373,0.02581547573208809,0.025877639651298523
374,0.025415202602744102,0.025875519961118698
375,0.026850111782550812,0.025874365121126175
376,0.025282200425863266,0.025875773280858994
377,0.027088560163974762,0.025870637968182564
378,0.02497718296945095,0.0258574727922678
379,0.025810427963733673,0.025848427787423134
380,0.024224167689681053,0.02583584003150463
381,0.025621365755796432,0.025827527046203613
382,0.02530832402408123,0.025817077606916428
383,0.026877963915467262,0.025812823325395584
384,0.026316875591874123,0.02581927739083767
385,0.026290420442819595,0.025830864906311035
386,0.0266711488366127,0.025840023532509804
387,0.02634585089981556,0.025832459330558777
388,0.025764990597963333,0.02581452578306198
389,0.02613712102174759,0.0258006751537323
390,0.026559606194496155,0.025782471522688866
391,0.028005611151456833,0.02576807513833046
392,0.02465079352259636,0.02576610818505287
393,0.02430102787911892,0.025772061198949814
394,0.025070469826459885,0.02577989175915718
395,0.02389645203948021,0.025780821219086647
396,0.025369780138134956,0.02577938139438629
397,0.02596956491470337,0.025777213275432587
398,0.02450953610241413,0.025775564834475517
399,0.026531994342803955,0.025762787088751793
400,0.025421613827347755,0.025760428979992867
401,0.026393895968794823,0.02578039839863777
402,0.02420177310705185,0.025801291689276695
403,0.026625843718647957,0.025797929614782333
404,0.02641890197992325,0.02578834444284439
405,0.026731397956609726,0.025789858773350716
406,0.024036429822444916,0.025795282796025276
407,0.02566896751523018,0.02579188533127308
408,0.026487456634640694,0.02578016370534897
409,0.02443634159862995,0.025781327858567238
410,0.024746917188167572,0.0257981326431036
411,0.025608280673623085,0.0258189644664526
412,0.02537083439528942,0.02581409551203251
413,0.025508031249046326,0.025789480656385422
414,0.023827550932765007,0.02578379027545452
415,0.026368217542767525,0.025792313739657402
416,0.02682841755449772,0.025790739804506302
417,0.024514535441994667,0.025788763538002968
418,0.027205465361475945,0.025784745812416077
419,0.025593260303139687,0.02577855810523033
420,0.024564679712057114,0.02577880583703518
421,0.02584652788937092,0.02577054128050804
422,0.02518474869430065,0.02576637826859951
423,0.026129353791475296,0.025758953765034676
424,0.026199692860245705,0.02575361356139183
425,0.025357306003570557,0.025743253529071808
426,0.022763578221201897,0.02572985365986824
427,0.026640161871910095,0.025711145251989365
428,0.02467702142894268,0.02570173889398575
429,0.024999676272273064,0.025696922093629837
430,0.024906035512685776,0.025682616978883743
431,0.024500027298927307,0.025674065575003624
432,0.025816328823566437,0.025669004768133163
433,0.024452008306980133,0.025662124156951904
434,0.02608838491141796,0.0256561990827322
435,0.026258274912834167,0.02565699629485607
436,0.027049632743000984,0.025657203048467636
437,0.025706734508275986,0.025659924373030663
438,0.023970354348421097,0.02565823495388031
439,0.023984231054782867,0.02566499635577202
440,0.025631148368120193,0.02567707560956478
441,0.026229826733469963,0.02568911947309971
442,0.02324817329645157,0.025693554431200027
443,0.026356974616646767,0.025685090571641922
444,0.023910799995064735,0.025677278637886047
445,0.025986552238464355,0.025672776624560356
446,0.02622728794813156,0.025662096217274666
447,0.02592337317764759,0.025654468685388565
448,0.026073403656482697,0.025651324540376663
449,0.023536717519164085,0.025655973702669144
450,0.024852672591805458,0.0256764255464077
451,0.02554979734122753,0.025691257789731026
452,0.025129472836852074,0.025686947628855705
453,0.024153996258974075,0.025682982057332993
454,0.027167484164237976,0.02567659690976143
455,0.028943844139575958,0.025666171684861183
456,0.024505505338311195,0.025670301169157028
457,0.02375277690589428,0.025677161291241646
458,0.02524012327194214,0.025668267160654068
459,0.023760728538036346,0.025665678083896637
460,0.022713666781783104,0.02566550299525261
461,0.026121824979782104,0.025667719542980194
462,0.02460872195661068,0.025660734623670578
463,0.026253893971443176,0.02564268931746483
464,0.027319764718413353,0.02562282793223858
465,0.026457568630576134,0.02560609206557274
466,0.024500248953700066,0.025598162785172462
467,0.02597692981362343,0.025597603991627693
468,0.026265989989042282,0.025599444285035133
469,0.02606068179011345,0.025599582120776176
470,0.02570621483027935,0.025604907423257828
471,0.024707715958356857,0.025604063645005226
472,0.02288017049431801,0.02560277096927166
473,0.025575315579771996,0.025612100958824158
474,0.024706654250621796,0.025629369542002678
475,0.026953199878335,0.0256319809705019
476,0.024956069886684418,0.025624578818678856
477,0.02608346939086914,0.025611668825149536
478,0.025004073977470398,0.025600994005799294
479,0.025995736941695213,0.02559010684490204
480,0.02611686661839485,0.025577522814273834
481,0.02528931386768818,0.02557767927646637
482,0.02590067870914936,0.025583187118172646
483,0.02563532255589962,0.025591162964701653
484,0.02390599064528942,0.025592127814888954
485,0.026310887187719345,0.02558906376361847
486,0.026182541623711586,0.025599069893360138
487,0.02518363855779171,0.025612113997340202
488,0.025281241163611412,0.02561589702963829
489,0.02611353248357773,0.025606758892536163
490,0.02446627989411354,0.025597110390663147
491,0.02767118811607361,0.025588259100914
492,0.024171823635697365,0.025579478591680527
493,0.023252146318554878,0.0255642868578434
494,0.025610316544771194,0.02555033378303051
495,0.026092663407325745,0.025537963956594467
496,0.02466524951159954,0.025539042428135872
497,0.02615715004503727,0.02554778940975666
498,0.02432677149772644,0.025564156472682953
499,0.025740480050444603,0.02556932158768177
500,0.026627153158187866,0.025562506169080734
501,0.024963410571217537,0.02555517852306366
502,0.026553062722086906,0.02554165944457054
503,0.025006407871842384,0.0255250446498394
504,0.02632649801671505,0.025507479906082153
505,0.024794913828372955,0.025497928261756897
506,0.0261372122913599,0.02549920417368412
507,0.025993959978222847,0.025513576343655586
508,0.02516189031302929,0.025529837235808372
509,0.024973470717668533,0.025542311370372772
510,0.02555837668478489,0.025554686784744263
511,0.025478918105363846,0.02556472271680832
512,0.026353757828474045,0.025560347363352776
513,0.0255690049380064,0.02555755153298378
514,0.0251830592751503,0.025551961734890938
515,0.02649257704615593,0.0255473330616951
516,0.025136202573776245,0.02553863450884819
517,0.026153426617383957,0.025534184649586678
518,0.026224937289953232,0.025524429976940155
519,0.02724977396428585,0.025512130931019783
520,0.026767631992697716,0.02551102824509144
521,0.023718947544693947,0.02552560158073902
522,0.026994045823812485,0.025526806712150574
523,0.024808309972286224,0.025516752153635025
524,0.024117421358823776,0.025517482310533524
525,0.02402639016509056,0.025530243292450905
526,0.02378612942993641,0.025540586560964584
527,0.02520759217441082,0.02555217407643795
528,0.02561858296394348,0.025552455335855484
529,0.0244460292160511,0.025559527799487114
530,0.02385871112346649,0.025562459602952003
531,0.02657097764313221,0.025556854903697968
532,0.02724641188979149,0.025547966361045837
533,0.025984326377511024,0.025555100291967392
534,0.024957042187452316,0.02555486373603344
535,0.02594052627682686,0.025536715984344482
536,0.025266820564866066,0.025516904890537262
537,0.025738157331943512,0.025515595450997353
538,0.02403159998357296,0.02554074116051197
539,0.025847142562270164,0.025564352050423622
540,0.02365378476679325,0.02559252828359604
541,0.02564537152647972,0.025625698268413544
542,0.025815000757575035,0.025652477517724037
543,0.026221057400107384,0.025660477578639984
544,0.02554209716618061,0.02565845102071762
545,0.024660469964146614,0.025650421157479286
546,0.02506335824728012,0.025641480460762978
547,0.025340259075164795,0.025626450777053833
548,0.025181645527482033,0.025599289685487747
549,0.023620203137397766,0.02557729184627533
550,0.024717213585972786,0.02556309662759304
551,0.030238846316933632,0.02556004747748375
552,0.024102941155433655,0.025570577010512352
553,0.024138351902365685,0.025570008903741837
554,0.026172267273068428,0.025569885969161987
555,0.02515247091650963,0.02557065337896347
556,0.025344420224428177,0.02556436136364937
557,0.025337902829051018,0.025564052164554596
558,0.025692984461784363,0.025565583258867264
559,0.025880709290504456,0.025561828166246414
560,0.025566348806023598,0.025554005056619644
561,0.027112381532788277,0.025540895760059357
562,0.024009015411138535,0.025537703186273575
563,0.024595875293016434,0.025538025423884392
564,0.024198561906814575,0.025522740557789803
565,0.024588298052549362,0.025506366044282913
566,0.025075964629650116,0.025485770776867867
567,0.02534528821706772,0.025474390015006065
568,0.025583339855074883,0.025470316410064697
569,0.026158444583415985,0.025471258908510208
570,0.024436714127659798,0.025477295741438866
571,0.02412940189242363,0.025482678785920143
572,0.025853272527456284,0.025478534400463104
573,0.02420390024781227,0.025479460135102272
574,0.025869082659482956,0.02548072300851345
575,0.025576014071702957,0.02547672763466835
576,0.025455188006162643,0.025469087064266205
577,0.02494458667933941,0.025457091629505157
578,0.024372341111302376,0.025456469506025314
579,0.025836488232016563,0.02546106092631817
580,0.02615964226424694,0.025461889803409576
581,0.023889025673270226,0.025459304451942444
582,0.02422194927930832,0.025453679263591766
583,0.026401283219456673,0.025448624044656754
584,0.025586986914277077,0.025451775640249252
585,0.02491595409810543,0.025455564260482788
586,0.025299999862909317,0.025444727391004562
587,0.02353115938603878,0.025429897010326385
588,0.025551505386829376,0.02542179264128208
589,0.024795766919851303,0.02541692554950714
590,0.02724315971136093,0.02541942335665226
591,0.02448723092675209,0.02542528323829174
592,0.024330299347639084,0.025426393374800682
593,0.02314802072942257,0.025430873036384583
594,0.02586745284497738,0.02543504163622856
595,0.026081187650561333,0.025427021086215973
596,0.026724912226200104,0.025410987436771393
597,0.0259761493653059,0.025403032079339027
598,0.024534521624445915,0.02539791166782379
599,0.026094632223248482,0.025403359904885292
600,0.02554028481245041,0.02542148157954216
601,0.0250613484531641,0.025448832660913467
602,0.025579821318387985,0.02547924779355526
603,0.02483367919921875,0.025493506342172623
604,0.02490038238465786,0.025504695251584053
605,0.024575814604759216,0.025503024458885193
606,0.025607915595173836,0.025488507002592087
607,0.02666509337723255,0.02546945959329605
608,0.025058478116989136,0.025455433875322342
609,0.025342188775539398,0.025445520877838135
610,0.02417890541255474,0.025440361350774765
611,0.02650107443332672,0.02545510046184063
612,0.025223976001143456,0.025474319234490395
613,0.024386174976825714,0.025499528273940086
614,0.025077078491449356,0.02551839128136635
615,0.02430969849228859,0.025529442355036736
616,0.026313569396734238,0.02552974596619606
617,0.02682596817612648,0.025518860667943954
618,0.02610884979367256,0.02550354227423668
619,0.0257134847342968,0.025483475998044014
620,0.02478182688355446,0.025466948747634888
621,0.02635158970952034,0.02545429952442646
622,0.024854809045791626,0.025436734780669212
623,0.02582520991563797,0.025419801473617554
624,0.026187695562839508,0.025415202602744102
625,0.025928625836968422,0.0254250168800354
626,0.024585191160440445,0.02543916553258896
627,0.025937145575881004,0.025446683168411255
628,0.02669994905591011,0.025453288108110428
629,0.0260066706687212,0.025450851768255234
630,0.024656329303979874,0.025445446372032166
631,0.02675611898303032,0.025439035147428513
632,0.025944573804736137,0.02543163299560547
633,0.025911342352628708,0.025432171300053596
634,0.024400535970926285,0.025435220450162888
635,0.02515321411192417,0.02542923018336296
636,0.024742113426327705,0.025420652702450752
637,0.025110064074397087,0.02541675604879856
638,0.025947043672204018,0.025410136207938194
639,0.023405328392982483,0.02540835365653038
640,0.02620469219982624,0.02540227398276329
641,0.025672106072306633,0.02539248950779438
642,0.02627742849290371,0.02538156509399414
643,0.024030908942222595,0.02537686750292778
644,0.02555292658507824,0.025379981845617294
645,0.024562884122133255,0.025381991639733315
646,0.024626825004816055,0.025373853743076324
647,0.025818509981036186,0.02535630203783512
648,0.026614051312208176,0.025336578488349915
649,0.024993328377604485,0.025321228429675102
650,0.02425822988152504,0.025308169424533844
651,0.02490338869392872,0.025305727496743202
652,0.025597453117370605,0.025305703282356262
653,0.02344535104930401,0.025312820449471474
654,0.024863483384251595,0.02532493695616722
655,0.02576957829296589,0.025328800082206726
656,0.025701036676764488,0.025330010801553726
657,0.024113137274980545,0.025330403819680214
658,0.02497437596321106,0.02532653883099556
659,0.026749806478619576,0.025318965315818787
660,0.025739721953868866,0.025328101590275764
661,0.025507178157567978,0.025344787165522575
662,0.02337297983467579,0.02536037005484104
663,0.026340777054429054,0.025386186316609383
664,0.023114733397960663,0.025409720838069916
665,0.02505938708782196,0.025418663397431374
666,0.02549019642174244,0.025423290207982063
667,0.02616106905043125,0.02543468028306961
668,0.02604125253856182,0.025455215945839882
669,0.025282809510827065,0.025434361770749092
670,0.026535429060459137,0.02541232295334339
671,0.0241684652864933,0.025394616648554802
672,0.022954769432544708,0.025388237088918686
673,0.02412921003997326,0.025380725041031837
674,0.025192197412252426,0.02536652237176895
675,0.024665331467986107,0.02534860000014305
676,0.025342101231217384,0.02534208633005619
677,0.025656569749116898,0.025328336283564568
678,0.025614123791456223,0.025307875126600266
679,0.026321912184357643,0.025296969339251518
680,0.024367503821849823,0.025303129106760025
681,0.02331291139125824,0.025315219536423683
682,0.025715159252285957,0.025311913341283798
683,0.024677015841007233,0.0253172367811203
684,0.027134917676448822,0.025332588702440262
685,0.02516789175570011,0.025339767336845398
686,0.024418668821454048,0.02534434385597706
687,0.025250712409615517,0.02535008266568184
688,0.025369934737682343,0.02534358948469162
689,0.024515816941857338,0.025340961292386055
690,0.025274453684687614,0.02533801645040512
691,0.02460680529475212,0.025343498215079308
692,0.02627243474125862,0.025354955345392227
693,0.024126563221216202,0.0253608375787735
694,0.024971304461359978,0.02536259964108467
695,0.024441372603178024,0.025362227112054825
696,0.025200463831424713,0.02535332180559635
697,0.025445034727454185,0.025330668315291405
698,0.02579854242503643,0.025312377139925957
699,0.024800943210721016,0.02529706060886383
700,0.02463412657380104,0.025294378399848938
701,0.02581418864428997,0.02529415860772133
702,0.024483831599354744,0.025301773101091385
703,0.024589329957962036,0.0253268014639616
704,0.0247327983379364,0.025355249643325806
705,0.02532987855374813,0.02536802738904953
706,0.02384031191468239,0.025367991998791695
707,0.025733716785907745,0.025350231677293777
708,0.024049116298556328,0.025328930467367172
709,0.023712683469057083,0.025306683033704758
710,0.023829881101846695,0.02529320679605007
711,0.024780670180916786,0.02528245560824871
712,0.023220883682370186,0.025285892188549042
713,0.025214284658432007,0.025278635323047638
714,0.02566578984260559,0.025264853611588478
715,0.02474331110715866,0.025252198800444603
716,0.02440713718533516,0.025251954793930054
717,0.024416007101535797,0.025264674797654152
718,0.02680222876369953,0.025260845199227333
719,0.025904441252350807,0.025241494178771973
720,0.025194963440299034,0.025239821523427963
721,0.024567417800426483,0.0252426415681839
722,0.024298781529068947,0.02524583972990513
723,0.025164641439914703,0.025250844657421112
724,0.025466902181506157,0.025254514068365097
725,0.02591615915298462,0.02526659518480301
726,0.024976614862680435,0.02526860497891903
727,0.024829136207699776,0.025259917601943016
728,0.025172993540763855,0.025248365476727486
729,0.02507520094513893,0.025241771712899208
730,0.023762838914990425,0.025236882269382477
731,0.02439964935183525,0.025231635197997093
732,0.025544289499521255,0.025220321491360664
733,0.026100395247340202,0.025215327739715576
734,0.02376600168645382,0.02521776594221592
735,0.025601638481020927,0.025213852524757385
736,0.025129331275820732,0.02520265243947506
737,0.024070842191576958,0.025200605392456055
738,0.027280578389763832,0.02520509995520115
739,0.024942325428128242,0.025215376168489456
740,0.02830025739967823,0.02521282620728016
741,0.02542845718562603,0.025199688971042633
742,0.026416299864649773,0.02519029565155506
743,0.02564381994307041,0.025197165086865425
744,0.024061616510152817,0.025207925587892532
745,0.0235136765986681,0.025211922824382782
746,0.025137903168797493,0.02521369233727455
747,0.02625705860555172,0.02521849051117897
748,0.025692438706755638,0.02523963153362274
749,0.02425340749323368,0.025262216106057167
750,0.02570325881242752,0.02526610903441906
751,0.025103166699409485,0.025256013497710228
752,0.02590901404619217,0.025225939229130745
753,0.026552045717835426,0.025210008025169373
754,0.025785459205508232,0.02520611695945263
755,0.02524130791425705,0.025211257860064507
756,0.023834479972720146,0.025222470983862877
757,0.02515033632516861,0.025223057717084885
758,0.024418024346232414,0.025231298059225082
759,0.024833766743540764,0.025232886895537376
760,0.025113660842180252,0.02522171102464199
761,0.023726750165224075,0.025210080668330193
762,0.0251336470246315,0.02520371600985527
763,0.0255836583673954,0.025196753442287445
764,0.02321145124733448,0.025187689810991287
765,0.02435198239982128,0.02517073042690754
766,0.02428644709289074,0.025161726400256157
767,0.025240063667297363,0.025159427896142006
768,0.024083377793431282,0.025161603465676308
769,0.025760170072317123,0.025159725919365883
770,0.02394081838428974,0.02516736276447773
771,0.025753049179911613,0.025172553956508636
772,0.024400807917118073,0.025180960074067116
773,0.026896506547927856,0.02518785558640957
774,0.025682011619210243,0.025202566757798195
775,0.02407328598201275,0.025214992463588715
776,0.024248098954558372,0.025227922946214676
777,0.024820853024721146,0.025233253836631775
778,0.024123001843690872,0.02523287944495678
779,0.024649931117892265,0.025242645293474197
780,0.023874500766396523,0.025262776762247086
781,0.023319343104958534,0.025281909853219986
782,0.024448268115520477,0.025277428328990936
783,0.024099549278616905,0.025270560756325722
784,0.02487986348569393,0.025267941877245903
785,0.025616824626922607,0.02526823990046978
786,0.022842466831207275,0.0252641960978508
787,0.02465066872537136,0.025261880829930305
788,0.02355288155376911,0.02525652013719082
789,0.023420153185725212,0.02525399997830391
790,0.02478868141770363,0.025256434455513954
791,0.023652881383895874,0.0252620168030262
792,0.025570183992385864,0.025268075987696648
793,0.02455602027475834,0.025264529511332512
794,0.024336695671081543,0.025248557329177856
795,0.02437625825405121,0.0252308938652277
796,0.0258319154381752,0.025203056633472443
797,0.023684928193688393,0.025173593312501907
798,0.024977978318929672,0.02515455335378647
799,0.025340264663100243,0.025142310187220573
800,0.02604404091835022,0.025134995579719543
801,0.024517271667718887,0.025135552510619164
802,0.025755930691957474,0.025132840499281883
803,0.02445285953581333,0.025126198306679726
804,0.025531703606247902,0.025123436003923416
805,0.024147868156433105,0.025114677846431732
806,0.024200480431318283,0.025110991671681404
807,0.025275349617004395,0.02511010877788067
808,0.024476705119013786,0.025116508826613426
809,0.024082202464342117,0.025127721950411797
810,0.025647899135947227,0.025138840079307556
811,0.024378284811973572,0.02514512836933136
812,0.02484564110636711,0.0251547172665596
813,0.0243975892663002,0.02516843006014824
814,0.02312319166958332,0.0251847505569458
815,0.02316437102854252,0.025203026831150055
816,0.02530652843415737,0.025228701531887054
817,0.02578005939722061,0.025243030861020088
818,0.024761909618973732,0.025248445570468903
819,0.02399536781013012,0.025247305631637573
820,0.025124626234173775,0.025243844836950302
821,0.02589084766805172,0.025235794484615326
822,0.023242736235260963,0.02523246966302395
823,0.02389628440141678,0.02523662894964218
824,0.02467595599591732,0.02522931434214115
825,0.024110298603773117,0.025223970413208008
826,0.025954456999897957,0.025228410959243774
827,0.025953663513064384,0.025231633335351944
828,0.023773305118083954,0.02523026615381241
829,0.026514774188399315,0.02522941492497921
830,0.024703169241547585,0.025231609120965004
831,0.026096325367689133,0.025224369019269943
832,0.02631358802318573,0.025205232203006744
833,0.024305762723088264,0.025189144536852837
834,0.02400674857199192,0.02517787180840969
835,0.025106698274612427,0.02517078071832657
836,0.025022294372320175,0.025166410952806473
837,0.024295540526509285,0.02515975385904312
838,0.02438279800117016,0.025163719430565834
839,0.024626698344945908,0.025171050801873207
840,0.023232175037264824,0.02517763525247574
841,0.024810072034597397,0.025167634710669518
842,0.02303300052881241,0.025150883942842484
843,0.026124155148863792,0.02514924481511116
844,0.024272289127111435,0.025159280747175217
845,0.025902623310685158,0.025158831849694252
846,0.02487071231007576,0.02513478696346283
847,0.02568790875375271,0.02513112686574459
848,0.02538975514471531,0.025156734511256218
849,0.024686116725206375,0.02516876719892025
850,0.025062302127480507,0.02516898326575756
851,0.024264279752969742,0.02516365796327591
852,0.02423495426774025,0.02517676167190075
853,0.023168286308646202,0.025209855288267136
854,0.025352435186505318,0.025216443464159966
855,0.025019166991114616,0.025189388543367386
856,0.024845333769917488,0.025168677791953087
857,0.026017019525170326,0.02516895718872547
858,0.02555873617529869,0.02517736330628395
859,0.0245949849486351,0.02517516165971756
860,0.025233015418052673,0.025169556960463524
861,0.02501889131963253,0.025161631405353546
862,0.025193553417921066,0.025153808295726776
863,0.026743847876787186,0.02514907903969288
864,0.026592407375574112,0.025142068043351173
865,0.024523744359612465,0.02515316940844059
866,0.02408609353005886,0.025165559723973274
867,0.02286575175821781,0.025159383192658424
868,0.024083105847239494,0.0251499954611063
869,0.026384329423308372,0.02515261620283127
870,0.02391871251165867,0.02515265718102455
871,0.02645624428987503,0.025141295045614243
872,0.025753498077392578,0.025130420923233032
873,0.024413490667939186,0.025133270770311356
874,0.026851564645767212,0.025139961391687393
875,0.023816188797354698,0.025143595412373543
876,0.025896744802594185,0.02514980547130108
877,0.02595364674925804,0.0251589585095644
878,0.023112749680876732,0.025180377066135406
879,0.023929273709654808,0.02519896626472473
880,0.02387303300201893,0.02520153298974037
881,0.024684058502316475,0.02518639713525772
882,0.02572324313223362,0.025174647569656372
883,0.025866659358143806,0.025184502825140953
884,0.0247755516320467,0.025201864540576935
885,0.024610433727502823,0.025190960615873337
886,0.02489347755908966,0.025172652676701546
887,0.026257051154971123,0.025176947936415672
888,0.024452367797493935,0.02518537826836109
889,0.024092502892017365,0.025189921259880066
890,0.024963650852441788,0.02518831379711628
891,0.02696542628109455,0.025172635912895203
892,0.024226456880569458,0.02517266571521759
893,0.023752091452479362,0.025159722194075584
894,0.025002561509609222,0.025146545842289925
895,0.02606237307190895,0.02513151243329048
896,0.025409948080778122,0.02511749602854252
897,0.024347415193915367,0.02510056272149086
898,0.024685857817530632,0.025087913498282433
899,0.02477671392261982,0.02507786452770233
900,0.023799289017915726,0.02508988231420517
901,0.02427518554031849,0.02510030008852482
902,0.026303596794605255,0.02511049062013626
903,0.023370452225208282,0.02511802688241005
904,0.026843560859560966,0.025117039680480957
905,0.02558756247162819,0.02511066384613514
906,0.02381465770304203,0.025104299187660217
907,0.02669966220855713,0.02511596493422985
908,0.024021543562412262,0.02513355202972889
909,0.024657323956489563,0.025144167244434357
910,0.02517256699502468,0.02514689601957798
911,0.02611248940229416,0.025149861350655556
912,0.02570168301463127,0.02515893429517746
913,0.023868998512625694,0.025165002793073654
914,0.026685038581490517,0.02516181953251362
915,0.025530947372317314,0.025150645524263382
916,0.025098420679569244,0.025138787925243378
917,0.026004653424024582,0.025129396468400955
918,0.02444746531546116,0.025125857442617416
919,0.025907225906848907,0.025129113346338272
920,0.025425799190998077,0.02514977753162384
921,0.024483181536197662,0.02515939623117447
922,0.02515329420566559,0.025162596255540848
923,0.02416941709816456,0.025158070027828217
924,0.026110950857400894,0.02515828050673008
925,0.024210987612605095,0.025153527036309242
926,0.02528056688606739,0.025142161175608635
927,0.02632269822061062,0.025121305137872696
928,0.023388415575027466,0.025103319436311722
929,0.0252961665391922,0.025097424164414406
930,0.0250663161277771,0.02508978359401226
931,0.023915469646453857,0.025083376094698906
932,0.024508873000741005,0.025086423382163048
933,0.024293214082717896,0.025097355246543884
934,0.024087341502308846,0.02511325478553772
935,0.025099819526076317,0.02512911707162857
936,0.025876309722661972,0.02514003776013851
937,0.024826139211654663,0.02513287402689457
938,0.026090344414114952,0.02512265369296074
939,0.023463986814022064,0.025117093697190285
940,0.02587934210896492,0.025115830823779106
941,0.023771138861775398,0.025116970762610435
942,0.024746883660554886,0.02511640451848507
943,0.024120377376675606,0.025117821991443634
944,0.02491890639066696,0.025118332356214523
945,0.02390686608850956,0.025110863149166107
946,0.026020918041467667,0.025099478662014008
947,0.023792386054992676,0.025088651105761528
948,0.02462693117558956,0.025077834725379944
949,0.025495776906609535,0.02507585473358631
950,0.02595319040119648,0.02506321854889393
951,0.025326428934931755,0.025038667023181915
952,0.025878744199872017,0.02502616122364998
953,0.025612082332372665,0.02503073215484619
954,0.024359077215194702,0.02502935193479061
955,0.022217106074094772,0.02502845786511898
956,0.023393528535962105,0.02503335289657116
957,0.025300132110714912,0.02504131942987442
958,0.024968888610601425,0.0250474251806736
959,0.025863042101264,0.025046126917004585
960,0.025191621854901314,0.025044362992048264
961,0.024513857439160347,0.025033850222826004
962,0.02471812814474106,0.025026079267263412
963,0.02503862790763378,0.02501791901886463
964,0.02542424574494362,0.02499927394092083
965,0.023380916565656662,0.024990197271108627
966,0.024108558893203735,0.024994634091854095
967,0.024653930217027664,0.025004224851727486
968,0.024311359971761703,0.025023307651281357
969,0.025180619210004807,0.025045249611139297
970,0.026362206786870956,0.025070225819945335
971,0.022904865443706512,0.0250913854688406
972,0.026001082733273506,0.025097612291574478
973,0.022677691653370857,0.025098014622926712
974,0.02436058782041073,0.02509215474128723
975,0.02659294568002224,0.02507224678993225
976,0.024131057783961296,0.02505170926451683
977,0.025656193494796753,0.02503410167992115
978,0.025319885462522507,0.025027545168995857
979,0.02421729639172554,0.02502540685236454
980,0.025847302749753,0.025021547451615334
981,0.024853821843862534,0.025020752102136612
982,0.024408001452684402,0.025022123008966446
983,0.02429208531975746,0.025021309033036232
984,0.02275313250720501,0.025028860196471214
985,0.025822795927524567,0.02503623440861702
986,0.024155188351869583,0.02503579668700695
987,0.023490848019719124,0.025028932839632034
988,0.023548714816570282,0.025021983310580254
989,0.02649364434182644,0.02502281405031681
990,0.02419089712202549,0.025040945038199425
991,0.026255683973431587,0.025060158222913742
992,0.02270946465432644,0.025079773738980293
993,0.024922475218772888,0.025088408961892128
994,0.024934273213148117,0.02509399689733982
995,0.023799944669008255,0.025095326825976372
996,0.025041934102773666,0.025104278698563576
997,0.025104202330112457,0.025111285969614983
998,0.024090925231575966,0.025114689022302628
999,0.024201657623052597,0.025106187909841537
1000,0.025373239070177078,0.02509227953851223
1001,0.02534705586731434,0.02508038654923439
1002,0.02586340717971325,0.02507052943110466
1003,0.025542747229337692,0.02506319247186184
1004,0.02479189820587635,0.025060024112462997
1005,0.024385757744312286,0.02505657449364662
1006,0.025023028254508972,0.02505567856132984
1007,0.026396702975034714,0.02505585551261902
1008,0.025481533259153366,0.025064952671527863
1009,0.027189675718545914,0.025068748742341995
1010,0.025463256984949112,0.025073662400245667
1011,0.025314364582300186,0.025077002122998238
1012,0.025561202317476273,0.025077972561120987
1013,0.022389890626072884,0.025085201486945152
1014,0.024648325517773628,0.02509276382625103
1015,0.026280933991074562,0.025089818984270096
1016,0.025938138365745544,0.02508671209216118
1017,0.024336518719792366,0.025085337460041046
1018,0.024502301588654518,0.025091050192713737
1019,0.02432338520884514,0.02509303390979767
1020,0.02191835828125477,0.025083858519792557
1021,0.02652091532945633,0.025074919685721397
1022,0.02464327961206436,0.02507101744413376
1023,0.023997247219085693,0.025072500109672546
1024,0.025903187692165375,0.02506772242486477
1025,0.022919679060578346,0.025066781789064407
1026,0.024945493787527084,0.025065312162041664
1027,0.024484114721417427,0.02505631558597088
1028,0.02536449022591114,0.025051390752196312
1029,0.027169007807970047,0.025053080171346664
1030,0.02484244480729103,0.025059444829821587
1031,0.024578070268034935,0.025059694424271584
1032,0.024970876052975655,0.025043992325663567
1033,0.022835567593574524,0.025034140795469284
1034,0.023723093792796135,0.025027161464095116
1035,0.02636757120490074,0.025024129077792168
1036,0.024643735960125923,0.0250224731862545
1037,0.02466602623462677,0.02501916140317917
1038,0.024284280836582184,0.025011323392391205
1039,0.02409764751791954,0.025007452815771103
1040,0.024189721792936325,0.025011256337165833
1041,0.026039402931928635,0.02501320093870163
1042,0.025550013408064842,0.025019308552145958
1043,0.02374034933745861,0.025034135207533836
1044,0.0238933265209198,0.025042623281478882
1045,0.024419091641902924,0.025050867348909378
1046,0.024311495944857597,0.025059916079044342
1047,0.025707494467496872,0.025065694004297256
1048,0.0245484858751297,0.02506767213344574
1049,0.02489280514419079,0.025066791102290154
1050,0.02500440552830696,0.025065766647458076
1051,0.02498171664774418,0.02505091205239296
1052,0.024261238053441048,0.025038862600922585
1053,0.025829657912254333,0.025031646713614464
1054,0.024843992665410042,0.025025423616170883
1055,0.025701802223920822,0.025018028914928436
1056,0.02689131163060665,0.02503187581896782
1057,0.026220813393592834,0.025047793984413147
1058,0.02596890926361084,0.025040462613105774
1059,0.02542264014482498,0.025034109130501747
1060,0.024056369438767433,0.025047102943062782
1061,0.026342255994677544,0.025066271424293518
1062,0.0252511166036129,0.025061147287487984
1063,0.024050401523709297,0.025049155578017235
1064,0.024680767208337784,0.025049472227692604
1065,0.026068514212965965,0.025060994550585747
1066,0.025585800409317017,0.025051232427358627
1067,0.023850884288549423,0.02503998950123787
1068,0.024129869416356087,0.025041546672582626
1069,0.02603026106953621,0.02503322996199131
1070,0.027003608644008636,0.02500886470079422
1071,0.02287038415670395,0.025007549673318863
1072,0.025540346279740334,0.02502400614321232
1073,0.02529432438313961,0.025030361488461494
1074,0.024530909955501556,0.025037918239831924
1075,0.025706518441438675,0.025054534897208214
1076,0.026873422786593437,0.02506273426115513
1077,0.024663632735610008,0.025067457929253578
1078,0.024941347539424896,0.025064265355467796
1079,0.0246728602796793,0.02506224252283573
1080,0.025946490466594696,0.025059498846530914
1081,0.024112803861498833,0.025061195716261864
1082,0.025726832449436188,0.025063583627343178
1083,0.02426379919052124,0.025063659995794296
1084,0.02483992651104927,0.025058558210730553
1085,0.026470888406038284,0.02505452372133732
1086,0.025504767894744873,0.025051889941096306
1087,0.0246634129434824,0.025047194212675095
1088,0.02498519793152809,0.025044582784175873
1089,0.02537052519619465,0.02504769153892994
1090,0.024298759177327156,0.02506060153245926
1091,0.026737507432699203,0.025066297501325607
1092,0.026473335921764374,0.0250734593719244
1093,0.026075096800923347,0.025083161890506744
1094,0.025229690596461296,0.025093406438827515
1095,0.02493332512676716,0.025099271908402443
1096,0.023515306413173676,0.025099964812397957
1097,0.025576693937182426,0.025091642513871193
1098,0.02418864704668522,0.02508443593978882
1099,0.02388707920908928,0.02507391944527626
1100,0.023757869377732277,0.025066690519452095
1101,0.0247541144490242,0.02505175583064556
1102,0.02420484460890293,0.02504512295126915
1103,0.02564902789890766,0.025048047304153442
1104,0.026436299085617065,0.025048580020666122
1105,0.02438126504421234,0.02505408227443695
1106,0.024808621034026146,0.025055494159460068
1107,0.02193448692560196,0.025058908388018608
1108,0.025152083486318588,0.025058435276150703
1109,0.02604804001748562,0.02505555935204029
1110,0.02488582395017147,0.025044351816177368
1111,0.023731926456093788,0.025039199739694595
1112,0.024031667038798332,0.02503276988863945
1113,0.02470085769891739,0.025029504671692848
1114,0.024945423007011414,0.02502915821969509
1115,0.023806054145097733,0.0250364039093256
1116,0.025942057371139526,0.025039099156856537
1117,0.025055428966879845,0.025025295093655586
1118,0.024801841005682945,0.025014111772179604
1119,0.025265555828809738,0.025011485442519188
1120,0.025200439617037773,0.02501397766172886
1121,0.0257937740534544,0.02499849535524845
1122,0.023970024660229683,0.024975787848234177
1123,0.025324622169137,0.024970076978206635
1124,0.024529101327061653,0.024966759607195854
1125,0.025013631209731102,0.024968989193439484
1126,0.025282517075538635,0.02498237043619156
1127,0.024990947917103767,0.02499724179506302
1128,0.024500872939825058,0.025013437494635582
1129,0.02523226849734783,0.025013219565153122
1130,0.025104593485593796,0.02500217780470848
1131,0.024690328165888786,0.025000745430588722
1132,0.024934036657214165,0.025005672127008438
1133,0.025215817615389824,0.0250079408288002
1134,0.02510443888604641,0.024998942390084267
1135,0.024623284116387367,0.024985037744045258
1136,0.024670669808983803,0.024983420968055725
1137,0.025624170899391174,0.02499551698565483
1138,0.024094173684716225,0.025011254474520683
1139,0.02448798157274723,0.025014696642756462
1140,0.024956902489066124,0.025007259100675583
1141,0.025546304881572723,0.024997998028993607
1142,0.024461453780531883,0.024989653378725052
1143,0.0245285052806139,0.024975189939141273
1144,0.02459206059575081,0.024965621531009674
1145,0.024260710924863815,0.024963460862636566
1146,0.026316748932003975,0.02495700679719448
1147,0.025102145969867706,0.02495085820555687
1148,0.023902710527181625,0.024941042065620422
1149,0.022740626707673073,0.02493607997894287
1150,0.022821160033345222,0.024933243170380592
1151,0.024048827588558197,0.024930208921432495
1152,0.024992456659674644,0.02492891624569893
1153,0.02518630400300026,0.02492607943713665
1154,0.026257241144776344,0.024920392781496048
1155,0.024648409336805344,0.02491721138358116
1156,0.02443445846438408,0.02492142841219902
1157,0.024561703205108643,0.02491830475628376
1158,0.023860860615968704,0.0249195396900177
1159,0.024718306958675385,0.024924755096435547
1160,0.02562706172466278,0.024923255667090416
1161,0.025048857554793358,0.024923214688897133
1162,0.02448674663901329,0.024919603019952774
1163,0.024613788351416588,0.024922944605350494
1164,0.024830540642142296,0.024922776967287064
1165,0.02285338193178177,0.024925515055656433
1166,0.02478957735002041,0.024918513372540474
1167,0.023245040327310562,0.024912359192967415
1168,0.025559479370713234,0.024905869737267494
1169,0.02536831982433796,0.024901289492845535
1170,0.023789282888174057,0.02490386553108692
1171,0.024710536003112793,0.02490944042801857
1172,0.02481945976614952,0.024909639731049538
1173,0.02329113706946373,0.024906817823648453
1174,0.023647859692573547,0.02490537241101265
1175,0.024769287556409836,0.02490469068288803
1176,0.023178378120064735,0.024913303554058075
1177,0.023224495351314545,0.024923518300056458
1178,0.025179395452141762,0.024942204356193542
1179,0.02527138590812683,0.024952318519353867
1180,0.025103189051151276,0.024954481050372124
1181,0.02311052568256855,0.02496718242764473
1182,0.02429276332259178,0.024987515062093735
1183,0.025367371737957,0.025004368275403976
1184,0.024635780602693558,0.024990694597363472
1185,0.024771517142653465,0.024978037923574448
1186,0.02568366378545761,0.02497420832514763
1187,0.023448137566447258,0.024974187836050987
1188,0.02603655308485031,0.02497239038348198
1189,0.025026146322488785,0.02497253008186817
1190,0.022467581555247307,0.024983681738376617
1191,0.022921139374375343,0.024978775531053543
1192,0.02451004460453987,0.02495976909995079
1193,0.027037711814045906,0.024938123300671577
1194,0.02408655546605587,0.024928687140345573
1195,0.026021191850304604,0.024921396747231483
1196,0.02432335913181305,0.02491356059908867
1197,0.02475208416581154,0.024912362918257713
1198,0.02540026418864727,0.024917591363191605
1199,0.023546982556581497,0.024927720427513123
1200,0.023138755932450294,0.024932287633419037
1201,0.024336930364370346,0.024929968640208244
1202,0.024263102561235428,0.02493433840572834
1203,0.024197692051529884,0.024940459057688713
1204,0.024378523230552673,0.02494949661195278
1205,0.02434299699962139,0.024959713220596313
1206,0.024098511785268784,0.02497600018978119
1207,0.02572510577738285,0.024993138387799263
1208,0.023901861160993576,0.024983037263154984
1209,0.02364799566566944,0.024970637634396553
1210,0.024503955617547035,0.02499011531472206
1211,0.02384847216308117,0.02498525381088257
1212,0.02429755963385105,0.024957414716482162
1213,0.02448275126516819,0.024933990091085434
1214,0.02570262737572193,0.024937860667705536
1215,0.024693423882126808,0.024930821731686592
1216,0.02456921897828579,0.024915242567658424
1217,0.02376727946102619,0.02490759827196598
1218,0.02549172379076481,0.024916106835007668
1219,0.02465691789984703,0.024929020553827286
1220,0.02635308727622032,0.02492484636604786
1221,0.023510223254561424,0.024922342970967293
1222,0.025214102119207382,0.024919049814343452
1223,0.02438819594681263,0.024918802082538605
1224,0.02501351572573185,0.024919211864471436
1225,0.024701397866010666,0.024920469149947166
1226,0.023725738748908043,0.02494034543633461
1227,0.023621609434485435,0.024968957528471947
1228,0.026038825511932373,0.024986257776618004
1229,0.02458292245864868,0.02499309740960598
1230,0.025695500895380974,0.024982452392578125
1231,0.025097625330090523,0.024966171011328697
1232,0.024448368698358536,0.024960918352007866
1233,0.025204038247466087,0.024957526475191116
1234,0.025357455015182495,0.024951117113232613
1235,0.025084130465984344,0.02493332326412201
1236,0.02380462735891342,0.024916157126426697
1237,0.025257881730794907,0.02490686997771263
1238,0.02430265210568905,0.02490251511335373
1239,0.025886474177241325,0.024903416633605957
1240,0.02572166547179222,0.024904830381274223
1241,0.024401776492595673,0.024905851110816002
1242,0.024701479822397232,0.024909930303692818
1243,0.023804137483239174,0.024917850270867348
1244,0.024281825870275497,0.024926185607910156
1245,0.023196352645754814,0.024927882477641106
1246,0.022844519466161728,0.02492816001176834
1247,0.02489016205072403,0.024922985583543777
1248,0.024568183347582817,0.024917082861065865
1249,0.02422056347131729,0.024914460256695747
1250,0.024794884026050568,0.02492372691631317
1251,0.024433908984065056,0.024932993575930595
1252,0.022327972576022148,0.024938127025961876
1253,0.025931553915143013,0.024951551109552383
1254,0.025863654911518097,0.02498127892613411
1255,0.02458314411342144,0.025022443383932114
1256,0.023832766339182854,0.025061944499611855
1257,0.02297845110297203,0.025096498429775238
1258,0.024959182366728783,0.025122500956058502
1259,0.024456175044178963,0.02513381652534008
1260,0.025070998817682266,0.025126276537775993
1261,0.024518679827451706,0.02511078305542469
1262,0.0237351693212986,0.025104688480496407
1263,0.025432763621211052,0.025088265538215637
1264,0.024123072624206543,0.025072695687413216
1265,0.02616976760327816,0.025060221552848816
1266,0.023993194103240967,0.02505713328719139
1267,0.023931218311190605,0.025067385286092758
1268,0.025959325954318047,0.025056079030036926
1269,0.025364914909005165,0.025051062926650047
1270,0.024569401517510414,0.02505052275955677
1271,0.022636020556092262,0.025044241920113564
1272,0.02581414394080639,0.025015637278556824
1273,0.0234551802277565,0.024999534711241722
1274,0.024701567366719246,0.024994146078824997
1275,0.024979406967759132,0.02499537728726864
1276,0.024254700168967247,0.024990059435367584
1277,0.024649282917380333,0.024984505027532578
1278,0.023307664319872856,0.024975331500172615
1279,0.024686768651008606,0.024964671581983566
1280,0.024866078048944473,0.024947749450802803
1281,0.026628175750374794,0.024932844564318657
1282,0.02583041600883007,0.0249234139919281
1283,0.024189477786421776,0.024923304095864296
1284,0.024846283718943596,0.024930007755756378
1285,0.024322643876075745,0.024942435324192047
1286,0.024592328816652298,0.02495851181447506
1287,0.02208605967462063,0.024976011365652084
1288,0.02561146952211857,0.024991076439619064
1289,0.0259860809892416,0.024992503225803375
1290,0.026960577815771103,0.024987589567899704
1291,0.02364344522356987,0.02498035505414009
1292,0.025673680007457733,0.02496936172246933
1293,0.025326376780867577,0.02495710924267769
1294,0.02470686100423336,0.024948948994278908
1295,0.02439766936004162,0.02494060806930065
1296,0.02499512955546379,0.024937141686677933
1297,0.024925779551267624,0.024935729801654816
1298,0.02344338968396187,0.024920424446463585
1299,0.024617431685328484,0.024918489158153534
1300,0.024556560441851616,0.024914897978305817
1301,0.024084547534585,0.024910395964980125
1302,0.024401996284723282,0.02493954636156559
1303,0.024602971971035004,0.024998486042022705
1304,0.025408674031496048,0.02506898157298565
1305,0.025997845456004143,0.02512991987168789
1306,0.023997921496629715,0.025172628462314606
1307,0.022929511964321136,0.025221511721611023
1308,0.024487392976880074,0.025248555466532707
1309,0.025290288031101227,0.02526835724711418
1310,0.024556269869208336,0.025266703218221664
1311,0.02538740634918213,0.02524559758603573
1312,0.02534528449177742,0.025222456082701683
1313,0.026843871921300888,0.02519223280251026
1314,0.026311064139008522,0.02516944333910942
1315,0.025398075580596924,0.025145752355456352
1316,0.025630488991737366,0.025131933391094208
1317,0.02591780759394169,0.025122622027993202
1318,0.024895334616303444,0.025104882195591927
1319,0.024868672713637352,0.025086164474487305
1320,0.024629956111311913,0.0250767283141613
1321,0.024794727563858032,0.025062967091798782
1322,0.02420707419514656,0.02504664473235607
1323,0.024555018171668053,0.025024691596627235
1324,0.02522694319486618,0.02500607818365097
1325,0.022287311032414436,0.024993615224957466
1326,0.02329169027507305,0.02498222142457962
1327,0.026632564142346382,0.024968886747956276
1328,0.025937886908650398,0.02495465613901615
1329,0.02395782805979252,0.02494373545050621
1330,0.024711264297366142,0.024940041825175285
1331,0.02393915131688118,0.02493266761302948
1332,0.025519488379359245,0.02492590621113777
1333,0.02480148896574974,0.024921506643295288
1334,0.025030912831425667,0.024921435862779617
1335,0.02487393096089363,0.024917079135775566
1336,0.024097317829728127,0.024917548522353172
1337,0.02393292263150215,0.024928752332925797
1338,0.024809151887893677,0.02493523433804512
1339,0.02473701722919941,0.024934323504567146
1340,0.024102894589304924,0.024915514513850212
1341,0.025296131148934364,0.02490861900150776
1342,0.02415860816836357,0.02490542083978653
1343,0.02474227361381054,0.024900734424591064
1344,0.02627156861126423,0.02488824538886547
1345,0.02284984476864338,0.024887116625905037
1346,0.025931663811206818,0.02490067295730114
1347,0.02455679327249527,0.02492641657590866
1348,0.024854207411408424,0.02494942396879196
1349,0.025254452601075172,0.024959513917565346
1350,0.023665504530072212,0.024972375482320786
1351,0.024470685049891472,0.024996770545840263
1352,0.023502681404352188,0.024986809119582176
1353,0.0265102069824934,0.024975396692752838
1354,0.025858741253614426,0.024971645325422287
1355,0.024156056344509125,0.024982327595353127
1356,0.025088811293244362,0.025004327297210693
1357,0.023651406168937683,0.02501360885798931
1358,0.023196198046207428,0.0250233244150877
1359,0.02480430342257023,0.025034099817276
1360,0.02409803494811058,0.02503008395433426
1361,0.025490526109933853,0.02500009723007679
1362,0.02443353831768036,0.024983450770378113
1363,0.022933322936296463,0.024988854303956032
1364,0.024288218468427658,0.024958712980151176
1365,0.026434777304530144,0.024920063093304634
1366,0.025199156254529953,0.02492118813097477
1367,0.025299858301877975,0.024950597435235977
1368,0.02418970689177513,0.024968964979052544
1369,0.025431932881474495,0.02494208514690399
1370,0.023933157324790955,0.024928608909249306
1371,0.025312015786767006,0.02493283338844776
1372,0.024831091985106468,0.0249479953199625
1373,0.02506154030561447,0.02495051734149456
1374,0.027128858491778374,0.024941429495811462
1375,0.023316167294979095,0.024938300251960754
1376,0.02424759790301323,0.024948017671704292
1377,0.025845706462860107,0.024950124323368073
1378,0.02443506009876728,0.02495444007217884
1379,0.023755434900522232,0.02496698871254921
1380,0.025483475998044014,0.02498779632151127
1381,0.026037754490971565,0.025020748376846313
1382,0.023327765986323357,0.025046806782484055
1383,0.023857537657022476,0.02505379542708397
1384,0.02417873963713646,0.02506268210709095
1385,0.025714458897709846,0.02507297694683075
1386,0.025921983644366264,0.02507149614393711
1387,0.025431139394640923,0.02505052462220192
1388,0.023940786719322205,0.025031575933098793
1389,0.023057935759425163,0.02502555586397648
1390,0.022125130519270897,0.025031087920069695
1391,0.02519519068300724,0.02504158951342106
1392,0.025964535772800446,0.025044860318303108
1393,0.02529415301978588,0.025045188143849373
1394,0.025323251262307167,0.025044508278369904
1395,0.025438711047172546,0.02503255568444729
1396,0.02384435199201107,0.025019705295562744
1397,0.02424081414937973,0.02500682696700096
1398,0.02525412291288376,0.024995936080813408
1399,0.025825712829828262,0.024979718029499054
1400,0.022850537672638893,0.024963177740573883
1401,0.024904394522309303,0.024959824979305267
1402,0.025167180225253105,0.0249614417552948
1403,0.023557493463158607,0.024956518784165382
1404,0.025527970865368843,0.024949073791503906
1405,0.024736283347010612,0.024947257712483406
1406,0.026291394606232643,0.024935195222496986
1407,0.023260772228240967,0.024928011000156403
1408,0.02203979343175888,0.024926893413066864
1409,0.024319127202033997,0.024928554892539978
1410,0.02467481605708599,0.024918105453252792
1411,0.024757152423262596,0.024921350181102753
1412,0.024206288158893585,0.024929465726017952
1413,0.02400253713130951,0.02494080178439617
1414,0.02484426274895668,0.02493860200047493
1415,0.02440517768263817,0.024925244972109795
1416,0.022819796577095985,0.024914106354117393
1417,0.02566072903573513,0.02492140606045723
1418,0.025585783645510674,0.02490946091711521
1419,0.02392011135816574,0.024893498048186302
1420,0.024179399013519287,0.02490539848804474
1421,0.023345185443758965,0.02492019720375538
1422,0.026326270774006844,0.02490263059735298
1423,0.025600463151931763,0.024879181757569313
1424,0.02481241524219513,0.024896448478102684
1425,0.022863423451781273,0.02491692453622818
1426,0.023608768358826637,0.02491319552063942
1427,0.024482890963554382,0.02490275353193283
1428,0.022455444559454918,0.024904416874051094
1429,0.022404326125979424,0.024908866733312607
1430,0.025092611089348793,0.024914152920246124
1431,0.025187673047184944,0.024928465485572815
1432,0.02398272044956684,0.024929245933890343
1433,0.02427767403423786,0.024929001927375793
1434,0.025133775547146797,0.024929441511631012
1435,0.02471715584397316,0.024929039180278778
1436,0.023813588544726372,0.024924064055085182
1437,0.026023151353001595,0.024912267923355103
1438,0.025115691125392914,0.024899819865822792
1439,0.025457164272665977,0.024901393800973892
1440,0.023920897394418716,0.024907629936933517
1441,0.02544216811656952,0.024912908673286438
1442,0.02455013245344162,0.024915184825658798
1443,0.026065966114401817,0.024922668933868408
1444,0.02617616206407547,0.024937614798545837
1445,0.023755110800266266,0.024946754798293114
1446,0.024116743355989456,0.024932026863098145
1447,0.024637632071971893,0.024911971762776375
1448,0.02336271107196808,0.02490042895078659
1449,0.024624045938253403,0.024892859160900116
1450,0.02434242144227028,0.024870827794075012
1451,0.022451410070061684,0.024858448654413223
1452,0.02440200373530388,0.024859372526407242
1453,0.024865468963980675,0.024864085018634796
1454,0.024723809212446213,0.024867845699191093
1455,0.025509675964713097,0.024868464097380638
1456,0.026325641199946404,0.024866845458745956
1457,0.025389287620782852,0.024868464097380638
1458,0.02635646052658558,0.024865299463272095
1459,0.02301057241857052,0.0248686745762825
1460,0.023856688290834427,0.024866992607712746
1461,0.025978123769164085,0.02486570179462433
1462,0.025008507072925568,0.024873124435544014
1463,0.025058288127183914,0.02487354725599289
1464,0.025051336735486984,0.024876872077584267
1465,0.024580180644989014,0.02488064207136631
1466,0.02466961182653904,0.02488171122968197
1467,0.025023208931088448,0.024880582466721535
1468,0.022380076348781586,0.024884846061468124
1469,0.024978483095765114,0.024883974343538284
1470,0.025382645428180695,0.024885382503271103
1471,0.024348746985197067,0.024869007989764214
1472,0.023788653314113617,0.024859385564923286
1473,0.02468007244169712,0.02485908940434456
1474,0.024827634915709496,0.02484949678182602
1475,0.023942165076732635,0.02484831213951111
1476,0.023533962666988373,0.024860117584466934
1477,0.024536646902561188,0.024872930720448494
1478,0.0252717025578022,0.02486247941851616
1479,0.024747414514422417,0.024851679801940918
1480,0.02382311411201954,0.024853628128767014
1481,0.025256644934415817,0.024859586730599403
1482,0.02422313205897808,0.024857675656676292
1483,0.025820292532444,0.024843854829669
1484,0.023636696860194206,0.024840258061885834
1485,0.024183528497815132,0.02484392188489437
1486,0.02592601254582405,0.02483947016298771
1487,0.023364000022411346,0.02484145760536194
1488,0.025100689381361008,0.024861134588718414
1489,0.02670072391629219,0.02488614432513714
1490,0.02328314073383808,0.024908341467380524
1491,0.023946542292833328,0.024919111281633377
1492,0.024958033114671707,0.024910327047109604
1493,0.02455705963075161,0.024912850931286812
1494,0.02673719823360443,0.024923156946897507
1495,0.025955304503440857,0.024927401915192604
1496,0.025546658784151077,0.02492843195796013
1497,0.02322271093726158,0.024915874004364014
1498,0.023465529084205627,0.02490399405360222
1499,0.024028439074754715,0.02490069717168808
1500,0.024114839732646942,0.024894284084439278
1501,0.02560969814658165,0.0248863622546196
1502,0.02505349926650524,0.024886678904294968
1503,0.023178813979029655,0.024892939254641533
1504,0.02535943314433098,0.02488957904279232
1505,0.026244185864925385,0.024876872077584267
1506,0.025286348536610603,0.02487153559923172
1507,0.024779753759503365,0.024871064350008965
1508,0.024970250204205513,0.024881159886717796
1509,0.024742448702454567,0.024894954636693
1510,0.02614057995378971,0.024905802682042122
1511,0.026205770671367645,0.02489680051803589
1512,0.023770200088620186,0.024886034429073334
1513,0.027013279497623444,0.024881897494196892
1514,0.024472009390592575,0.024889422580599785
1515,0.02344707027077675,0.024899939075112343
1516,0.025145985186100006,0.024900443851947784
1517,0.025593087077140808,0.024903181940317154
1518,0.024918321520090103,0.024901408702135086
1519,0.02505521848797798,0.02489389106631279
1520,0.025596223771572113,0.024889230728149414
1521,0.023150566965341568,0.02488958276808262
1522,0.025295604020357132,0.024888310581445694
1523,0.023464443162083626,0.024881578981876373
1524,0.025151222944259644,0.024875452741980553
1525,0.024543138220906258,0.0248737670481205
1526,0.024242576211690903,0.024876173585653305
1527,0.023180494084954262,0.024882862344384193
1528,0.02521742880344391,0.024893829599022865
1529,0.023979293182492256,0.024902354925870895
1530,0.024846646934747696,0.024911843240261078
1531,0.02531547285616398,0.02491963841021061
1532,0.024782508611679077,0.024923620745539665
1533,0.022191673517227173,0.024919958785176277
1534,0.025621633976697922,0.02491084113717079
1535,0.024715859442949295,0.024916669353842735
1536,0.02352054975926876,0.024904614314436913
1537,0.02426069974899292,0.024875333532691002
1538,0.0239231176674366,0.024858884513378143
1539,0.02508743852376938,0.02485571801662445
1540,0.02517261914908886,0.024855468422174454
1541,0.02348208613693714,0.024846455082297325
1542,0.025593478232622147,0.02483254112303257
1543,0.02341177687048912,0.024834899231791496
1544,0.024798929691314697,0.024841327220201492
1545,0.024394959211349487,0.024838240817189217
1546,0.025205150246620178,0.0248247217386961
1547,0.024767540395259857,0.024813417345285416
1548,0.024310197681188583,0.024815449491143227
1549,0.024633444845676422,0.024816865101456642
1550,0.024719230830669403,0.024816269055008888
1551,0.0250590518116951,0.024813786149024963
1552,0.02564849704504013,0.024822363629937172
1553,0.024654190987348557,0.024833085015416145
1554,0.024058548733592033,0.024833057075738907
1555,0.022853553295135498,0.02482505887746811
1556,0.024497924372553825,0.024822648614645004
1557,0.025109222158789635,0.02483290806412697
1558,0.025213265791535378,0.024837201461195946
1559,0.024855831637978554,0.024836860597133636
1560,0.024028712883591652,0.024852192029356956
1561,0.02317943423986435,0.024860549718141556
1562,0.024628175422549248,0.024858012795448303
1563,0.02312597818672657,0.02485172264277935
1564,0.025860019028186798,0.02485162578523159
1565,0.0237501822412014,0.024861114099621773
1566,0.02233985625207424,0.024870019406080246
1567,0.025661524385213852,0.02486686035990715
1568,0.024863407015800476,0.024861803278326988
1569,0.025584397837519646,0.024860786274075508
1570,0.0245283842086792,0.024855919182300568
1571,0.024685503914952278,0.024844853207468987
1572,0.024982711300253868,0.024837670847773552
1573,0.02432265691459179,0.02483503520488739
1574,0.025307364761829376,0.024826640263199806
1575,0.024625610560178757,0.024822484701871872
1576,0.02428317442536354,0.024821626022458076
1577,0.02441103383898735,0.024824032559990883
1578,0.022075772285461426,0.024821745231747627
1579,0.02583622746169567,0.024813465774059296
1580,0.021980328485369682,0.024816278368234634
1581,0.0231611505150795,0.02481965906918049
1582,0.023742638528347015,0.024825675413012505
1583,0.024046529084444046,0.024820493534207344
1584,0.02367963269352913,0.024813052266836166
1585,0.024808600544929504,0.02480996772646904
1586,0.025727244094014168,0.02481226995587349
1587,0.02458092011511326,0.024804342538118362
1588,0.025150056928396225,0.024804504588246346
1589,0.023616982623934746,0.024804243817925453
1590,0.02505999617278576,0.02478918991982937
1591,0.023104390129446983,0.024773642420768738
1592,0.025795048102736473,0.02477019652724266
1593,0.023892613127827644,0.024778349325060844
1594,0.02384994737803936,0.02478005923330784
1595,0.023310823366045952,0.024777475744485855
1596,0.023800069466233253,0.024775778874754906
1597,0.02398136630654335,0.024780824780464172
1598,0.023806171491742134,0.024786194786429405
1599,0.023526346310973167,0.0247825775295496
1600,0.02481306530535221,0.02475615404546261
1601,0.024046598002314568,0.024744855239987373
1602,0.024220678955316544,0.02474692277610302
1603,0.02608545310795307,0.024730710312724113
1604,0.02392297424376011,0.024712136015295982
1605,0.023460522294044495,0.024718835949897766
1606,0.025338463485240936,0.024722540751099586
1607,0.024670502170920372,0.024723462760448456
1608,0.02596944384276867,0.02474328689277172
1609,0.02486611157655716,0.02477067895233631
1610,0.022695519030094147,0.024785973131656647
1611,0.026270976290106773,0.024782394990324974
1612,0.022777287289500237,0.024792054668068886
1613,0.023485075682401657,0.02480761706829071
1614,0.023884417489171028,0.024817250669002533
1615,0.024531055241823196,0.02482924424111843
1616,0.024402005597949028,0.024838143959641457
1617,0.024170801043510437,0.024847161024808884
1618,0.0250905342400074,0.024842338636517525
1619,0.026846332475543022,0.024827297776937485
1620,0.024118302389979362,0.02481568232178688
1621,0.025695793330669403,0.024807525798678398
1622,0.02401123009622097,0.02480030059814453
1623,0.024282973259687424,0.024790361523628235
1624,0.024054300040006638,0.024779614061117172
1625,0.02270234003663063,0.024772169068455696
1626,0.02488168142735958,0.024769684299826622
1627,0.02521102875471115,0.024767683818936348
1628,0.022800730541348457,0.024764342233538628
1629,0.023347418755292892,0.024767912924289703
1630,0.02489306963980198,0.02477380819618702
1631,0.024106571450829506,0.024783773347735405
1632,0.02410833351314068,0.02479076199233532
1633,0.02364785224199295,0.02479834482073784
1634,0.023829752579331398,0.024802548810839653
1635,0.023385988548398018,0.02481534145772457
1636,0.02457091212272644,0.02481631375849247
1637,0.025927482172846794,0.024816300719976425
1638,0.02456739917397499,0.024831123650074005
1639,0.024348421022295952,0.024853501468896866
1640,0.023139161989092827,0.02486489526927471
1641,0.025631101801991463,0.024863433092832565
1642,0.026290452107787132,0.024860804900527
1643,0.02453641965985298,0.024866357445716858
1644,0.0241329837590456,0.024879800155758858
1645,0.025205453857779503,0.02488156594336033
1646,0.025167901068925858,0.024883972480893135
1647,0.02383250929415226,0.02488905005156994
1648,0.023764407262206078,0.024885229766368866
1649,0.024164672940969467,0.024871714413166046
1650,0.02506837248802185,0.024865837767720222
1651,0.024777354672551155,0.024867596104741096
1652,0.02529415860772133,0.02488129772245884
1653,0.02473650500178337,0.02487275004386902
1654,0.024494925513863564,0.024860648438334465
1655,0.025306031107902527,0.024855569005012512
1656,0.023286238312721252,0.024860531091690063
1657,0.023749452084302902,0.024874089285731316
1658,0.02345896139740944,0.024882283061742783
1659,0.02451000176370144,0.024878129363059998
1660,0.024034572765231133,0.024871736764907837
1661,0.024992315098643303,0.024857964366674423
1662,0.024150144308805466,0.024833662435412407
1663,0.024005450308322906,0.024820098653435707
1664,0.024835528805851936,0.024829015135765076
1665,0.024932483211159706,0.024817757308483124
1666,0.024631084874272346,0.02479168027639389
1667,0.02339773438870907,0.024785928428173065
1668,0.02504398301243782,0.024809837341308594
1669,0.0249697994440794,0.024817654862999916
1670,0.024685142561793327,0.02479691617190838
1671,0.02483205683529377,0.02479393035173416
1672,0.022666314616799355,0.02480333298444748
1673,0.024829313158988953,0.024821873754262924
1674,0.024140682071447372,0.024830875918269157
1675,0.023600919172167778,0.02483382821083069
1676,0.0240522138774395,0.0248397309333086
1677,0.024533553048968315,0.024840097874403
1678,0.025395024567842484,0.024840613827109337
1679,0.023784222081303596,0.02483990043401718
1680,0.023309025913476944,0.02483764849603176
1681,0.024962052702903748,0.024822531268000603
1682,0.02516753599047661,0.024811886250972748
1683,0.024249985814094543,0.024808380752801895
1684,0.0251779742538929,0.024811282753944397
1685,0.023382481187582016,0.024811191484332085
1686,0.025167051702737808,0.024803539738059044
1687,0.023725764825940132,0.024795034900307655
1688,0.023565422743558884,0.02478586509823799
1689,0.024686042219400406,0.024781253188848495
1690,0.02298508770763874,0.024778112769126892
1691,0.024644287303090096,0.024787459522485733
1692,0.024681860581040382,0.024794379249215126
1693,0.023434096947312355,0.024800889194011688
1694,0.0249621719121933,0.02480790764093399
1695,0.023373976349830627,0.024821177124977112
1696,0.02408401295542717,0.024825025349855423
1697,0.023837381973862648,0.02481493540108204
1698,0.02467741072177887,0.024810347706079483
1699,0.024625996127724648,0.024807985872030258
1700,0.02344580553472042,0.024798966944217682
1701,0.02382533811032772,0.02477954514324665
1702,0.023711323738098145,0.02477838657796383
1703,0.0252729170024395,0.024778900668025017
1704,0.026360757648944855,0.024777645245194435
1705,0.02432924509048462,0.024774188175797462
1706,0.025828542187809944,0.02476426213979721
1707,0.023758811876177788,0.024756895378232002
1708,0.024667812511324883,0.02475874498486519
1709,0.024104904383420944,0.02476285584270954
1710,0.02453507110476494,0.024761581793427467
1711,0.026834450662136078,0.024763787165284157
1712,0.023381812497973442,0.024777838960289955
1713,0.02533521130681038,0.024799326434731483
1714,0.024447008967399597,0.024815663695335388
1715,0.026200059801340103,0.024820296093821526
1716,0.025168951600790024,0.024828113615512848
1717,0.023419056087732315,0.024823160842061043
1718,0.02377857267856598,0.02481571026146412
1719,0.02367785945534706,0.024802785366773605
1720,0.02489239163696766,0.024803783744573593
1721,0.0254940427839756,0.024809226393699646
1722,0.02557290345430374,0.024804716929793358
1723,0.026364024728536606,0.02478637918829918
1724,0.02534559927880764,0.024792306125164032
1725,0.023514138534665108,0.024806302040815353
1726,0.02417939528822899,0.024819858372211456
1727,0.02419484779238701,0.02482721209526062
1728,0.024574320763349533,0.024843499064445496
1729,0.025540068745613098,0.024851659312844276
1730,0.023780742660164833,0.024840515106916428
1731,0.023893026635050774,0.02481815405189991
1732,0.025054290890693665,0.024792009964585304
1733,0.02549603581428528,0.024780670180916786
1734,0.024463672190904617,0.02478509210050106
1735,0.024974195286631584,0.02477233298122883
1736,0.024654822424054146,0.02476229891180992
1737,0.02357783168554306,0.024769367650151253
1738,0.025769805535674095,0.024778194725513458
1739,0.024210356175899506,0.024765238165855408
1740,0.024880457669496536,0.024751335382461548
1741,0.024054909124970436,0.024751827120780945
1742,0.024458125233650208,0.024759678170084953
1743,0.024664921686053276,0.024767326191067696
1744,0.023535536602139473,0.02475978247821331
1745,0.023026753216981888,0.024757614359259605
1746,0.024822531268000603,0.024762842804193497
1747,0.025726372376084328,0.024759303778409958
1748,0.022230923175811768,0.02475433424115181
1749,0.0250940453261137,0.02475028671324253
1750,0.024292876943945885,0.024751679971814156
1751,0.02381250075995922,0.024751290678977966
1752,0.02458425983786583,0.02475908398628235
1753,0.026700111106038094,0.024762121960520744
1754,0.02506265975534916,0.024753641337156296
1755,0.024355029687285423,0.024755779653787613
1756,0.024007732048630714,0.024764200672507286
1757,0.02425497956573963,0.024774305522441864
1758,0.025146812200546265,0.024781621992588043
1759,0.025776144117116928,0.024799589067697525
1760,0.024944912642240524,0.024816177785396576
1761,0.026054291054606438,0.02484283223748207
1762,0.024248171597719193,0.024866504594683647
1763,0.025684036314487457,0.02488088421523571
1764,0.02528081275522709,0.0248919278383255
1765,0.025310972705483437,0.024888932704925537
1766,0.024478206411004066,0.024882294237613678
1767,0.024020791053771973,0.024882808327674866
1768,0.023247284814715385,0.024880290031433105
1769,0.023301709443330765,0.024866141378879547
1770,0.024546142667531967,0.024844367057085037
1771,0.02329704537987709,0.02480832114815712
1772,0.0241065863519907,0.024778105318546295
1773,0.02529742941260338,0.024756817147135735
1774,0.02508755400776863,0.024762144312262535
1775,0.023842763155698776,0.024776801466941833
1776,0.02560570277273655,0.02478865534067154
1777,0.025135478004813194,0.024804523214697838
1778,0.024524278938770294,0.024827612563967705
1779,0.02407160960137844,0.024842606857419014
1780,0.02524966560304165,0.024837471544742584
1781,0.024869879707694054,0.02484242059290409
1782,0.024699339643120766,0.02485590986907482
1783,0.023890424519777298,0.024854419752955437
1784,0.02408190630376339,0.02483465149998665
1785,0.02618277817964554,0.024833878502249718
1786,0.026674998924136162,0.024836013093590736
1787,0.02455412596464157,0.024826183915138245
1788,0.025953873991966248,0.024818550795316696
1789,0.023661687970161438,0.024817291647195816
1790,0.023533321917057037,0.024789830669760704
1791,0.024178234860301018,0.024761833250522614
1792,0.02434662915766239,0.024742592126131058
1793,0.025864988565444946,0.02474852278828621
1794,0.02429727464914322,0.02475869469344616
1795,0.023429377004504204,0.02474932186305523
1796,0.02658621221780777,0.02473057620227337
1797,0.023608332499861717,0.024738699197769165
1798,0.023743649944663048,0.024734176695346832
1799,0.02492186799645424,0.024720078334212303
1800,0.02448909357190132,0.024715175852179527
1801,0.02427109330892563,0.024716705083847046
1802,0.026527751237154007,0.02472490817308426
1803,0.02367941476404667,0.02472510375082493
1804,0.02399807795882225,0.024721166118979454
1805,0.023611053824424744,0.024720944464206696
1806,0.02385348454117775,0.02472645975649357
1807,0.02369348518550396,0.02473488077521324
1808,0.024872710928320885,0.024741588160395622
1809,0.022631440311670303,0.02474718540906906
1810,0.021958040073513985,0.024749288335442543
1811,0.02452090196311474,0.024753469973802567
1812,0.023550469428300858,0.024748625233769417
1813,0.024662304669618607,0.024744432419538498
1814,0.024266237393021584,0.024744978174567223
1815,0.024810103699564934,0.024750109761953354
1816,0.0235806405544281,0.024754013866186142
1817,0.023813460022211075,0.02475123107433319
1818,0.023980651050806046,0.024744680151343346
1819,0.024174977093935013,0.024738328531384468
1820,0.023753613233566284,0.024727582931518555
1821,0.023596905171871185,0.024730777367949486
1822,0.02542925626039505,0.024732917547225952
1823,0.023417772725224495,0.024716084823012352
1824,0.024312108755111694,0.024707097560167313
1825,0.025533005595207214,0.02470524236559868
1826,0.024676106870174408,0.024715695530176163
1827,0.024395868182182312,0.024731794372200966
1828,0.02370384708046913,0.02475576102733612
1829,0.02552543394267559,0.024774853140115738
1830,0.02352413907647133,0.024787625297904015
1831,0.02525482140481472,0.024783862754702568
1832,0.025245603173971176,0.024782733991742134
1833,0.02248365804553032,0.024779563769698143
1834,0.023184603080153465,0.024780072271823883
1835,0.02387779951095581,0.024783531203866005
1836,0.02489779144525528,0.024794595316052437
1837,0.024979840964078903,0.024806462228298187
1838,0.02527710795402527,0.024808762595057487
1839,0.02338322252035141,0.02482924796640873
1840,0.023062463849782944,0.024847939610481262
1841,0.024623576551675797,0.02485772781074047
1842,0.022307438775897026,0.02486046403646469
1843,0.024900274351239204,0.024859994649887085
1844,0.024477366358041763,0.02485952153801918
1845,0.02563726343214512,0.024856656789779663
1846,0.02468888647854328,0.024846578016877174
1847,0.023569591343402863,0.02484361082315445
1848,0.02506740391254425,0.02485053241252899
1849,0.025354458019137383,0.02484915405511856
1850,0.023570535704493523,0.024837812408804893
1851,0.024243397638201714,0.024843694642186165
1852,0.02366645075380802,0.02485615387558937
1853,0.02564914897084236,0.024831393733620644
1854,0.023873746395111084,0.024811770766973495
1855,0.025316542014479637,0.024809159338474274
1856,0.023578185588121414,0.024812350049614906
1857,0.02484818734228611,0.02481786347925663
1858,0.023708181455731392,0.02481398917734623
1859,0.023506447672843933,0.02481226623058319
1860,0.02503761276602745,0.024812838062644005
1861,0.024411020800471306,0.02481371909379959
1862,0.024333098903298378,0.024806201457977295
1863,0.02320254035294056,0.02479165978729725
1864,0.02416660264134407,0.024782143533229828
1865,0.024223078042268753,0.024778414517641068
1866,0.02306070551276207,0.024769891053438187
1867,0.02424163743853569,0.024740183725953102
1868,0.02432657778263092,0.024723142385482788
1869,0.024820437654852867,0.024750107899308205
1870,0.024399517104029655,0.02479189820587635
1871,0.025483163073658943,0.02483743615448475
1872,0.023053694516420364,0.02488335222005844
1873,0.02457321621477604,0.02489529550075531
1874,0.02427685633301735,0.02489975281059742
1875,0.025600189343094826,0.02489905059337616
1876,0.023125672712922096,0.024900641292333603
1877,0.022515125572681427,0.024890707805752754
1878,0.024223297834396362,0.024881398305296898
1879,0.026982108131051064,0.024865323677659035
1880,0.024828186258673668,0.024842459708452225
1881,0.024033445864915848,0.02482585981488228
1882,0.02482309751212597,0.024813378229737282
1883,0.024612167850136757,0.024799685925245285
1884,0.025619737803936005,0.02478162944316864
1885,0.024241868406534195,0.02477925457060337
1886,0.025316592305898666,0.02478419989347458
1887,0.02520786225795746,0.02478380687534809
1888,0.023593923076987267,0.024783216416835785
1889,0.02362234517931938,0.024787401780486107
1890,0.02661856636404991,0.024793390184640884
1891,0.025419902056455612,0.02479569986462593
1892,0.023652756586670876,0.024793948978185654
1893,0.024865249171853065,0.024788185954093933
1894,0.026316635310649872,0.02477726712822914
1895,0.024300934746861458,0.02477400377392769
1896,0.02496841363608837,0.02477765642106533
1897,0.023112060502171516,0.02478060871362686
1898,0.025513948872685432,0.024787835776805878
1899,0.023923255503177643,0.024793099611997604
1900,0.023372188210487366,0.024806268513202667
1901,0.024382252246141434,0.024822955951094627
1902,0.023092756047844887,0.024840228259563446
1903,0.02294040285050869,0.02485552802681923
1904,0.024584079161286354,0.024871081113815308
1905,0.024467432871460915,0.02488451637327671
1906,0.02453264407813549,0.024881791323423386
1907,0.024257298558950424,0.024874860420823097
1908,0.022429196164011955,0.02487746626138687
1909,0.02231212891638279,0.02486438862979412
1910,0.02459840103983879,0.024844327941536903
1911,0.024351811036467552,0.024833478033542633
1912,0.024325445294380188,0.024831553921103477
1913,0.02536342479288578,0.024821395054459572
1914,0.02500273287296295,0.024814516305923462
1915,0.024966610595583916,0.024807319045066833
1916,0.02489742636680603,0.024803295731544495
1917,0.024133305996656418,0.02479613572359085
1918,0.02597331628203392,0.024794558063149452
1919,0.024530034512281418,0.024798408150672913
1920,0.024122992530465126,0.024800343438982964
1921,0.023849979043006897,0.024805203080177307
1922,0.02408168837428093,0.024808747693896294
1923,0.02391798608005047,0.024806398898363113
1924,0.023073192685842514,0.02480713091790676
1925,0.025122014805674553,0.024817360565066338
1926,0.026161232963204384,0.024828335270285606
1927,0.023993423208594322,0.024832898750901222
1928,0.02523708902299404,0.02483251318335533
1929,0.023383233696222305,0.0248374342918396
1930,0.024644335731863976,0.02483365684747696
1931,0.024487685412168503,0.024808160960674286
1932,0.02618701197206974,0.02477923594415188
1933,0.025313133373856544,0.024770228192210197
1934,0.02477337047457695,0.02476203814148903
1935,0.02339492365717888,0.02476319670677185
1936,0.024802442640066147,0.024771608412265778
1937,0.024524761363863945,0.02478620782494545
1938,0.02597183734178543,0.024797307327389717
1939,0.023073755204677582,0.02480638027191162
1940,0.025264760479331017,0.024812597781419754
1941,0.023723222315311432,0.02481413073837757
1942,0.023913739249110222,0.024807363748550415
1943,0.02422969788312912,0.024793807417154312
1944,0.024480720981955528,0.02478284388780594
1945,0.02474079094827175,0.024772927165031433
1946,0.025185683742165565,0.024760708212852478
1947,0.02351352386176586,0.024756038561463356
1948,0.022935951128602028,0.024761909618973732
1949,0.023991568014025688,0.024761196225881577
1950,0.02315523475408554,0.024767599999904633
1951,0.026184206828475,0.024752456694841385
1952,0.02589423395693302,0.02476445585489273
1953,0.024026814848184586,0.024763986468315125
1954,0.024310585111379623,0.024753976613283157
1955,0.02463686279952526,0.024762306362390518
1956,0.024309897795319557,0.02479316107928753
1957,0.02454959601163864,0.02479221671819687
1958,0.02571636065840721,0.024774452671408653
1959,0.022538945078849792,0.02477700635790825
1960,0.02339036948978901,0.024787984788417816
1961,0.02416929602622986,0.02479894459247589
1962,0.025702761486172676,0.02479802444577217
1963,0.025494806468486786,0.02480206824839115
1964,0.02436419017612934,0.024808110669255257
1965,0.023634353652596474,0.024799324572086334
1966,0.023941151797771454,0.024795008823275566
1967,0.024600286036729813,0.02479466423392296
1968,0.02433900721371174,0.02479434758424759
1969,0.022477615624666214,0.02479664422571659
1970,0.024878613650798798,0.024804264307022095
1971,0.023956187069416046,0.024813948199152946
1972,0.024434441700577736,0.02481250837445259
1973,0.023341530933976173,0.024809537455439568
1974,0.024684550240635872,0.024805504828691483
1975,0.02497338131070137,0.024799492210149765
1976,0.023881733417510986,0.024794723838567734
1977,0.023589786142110825,0.02479223534464836
1978,0.025805067270994186,0.024791833013296127
1979,0.025227172300219536,0.02479035034775734
1980,0.02421542815864086,0.024794377386569977
1981,0.0252032782882452,0.02481008879840374
1982,0.024377429857850075,0.02480439469218254
1983,0.025615772232413292,0.024799225851893425
1984,0.025314193218946457,0.024800056591629982
1985,0.023034166544675827,0.02480033040046692
1986,0.023528993129730225,0.02477186918258667
1987,0.024962225928902626,0.024754907935857773
1988,0.023464705795049667,0.024758335202932358
1989,0.024280700832605362,0.02476947382092476
1990,0.02619674988090992,0.02478049509227276
1991,0.022895488888025284,0.024792389944195747
1992,0.023981843143701553,0.024812571704387665
1993,0.026534462347626686,0.024826794862747192
1994,0.022640425711870193,0.02482750453054905
1995,0.02375026047229767,0.024825535714626312
1996,0.02386619709432125,0.024823740124702454
1997,0.023563943803310394,0.024800980463624
1998,0.02368067018687725,0.02477969601750374
1999,0.024678517132997513,0.024761060252785683
2000,0.02531224861741066,0.024762151762843132
2001,0.0245930515229702,0.024775084108114243
2002,0.02377367950975895,0.02478167973458767
2003,0.023352667689323425,0.02477581985294819
2004,0.02494671754539013,0.024787962436676025
2005,0.02350168488919735,0.024816330522298813
2006,0.025615448132157326,0.024782776832580566
2007,0.022051826119422913,0.02474372461438179
2008,0.024872008711099625,0.024735089391469955
2009,0.023683281615376472,0.024746349081397057
2010,0.02580893039703369,0.024748440831899643
2011,0.02503231167793274,0.024732891470193863
2012,0.024212615564465523,0.02472837269306183
2013,0.024891970679163933,0.02473268285393715
2014,0.024916086345911026,0.024748412892222404
2015,0.023267969489097595,0.024748867377638817
2016,0.02438167668879032,0.024738982319831848
2017,0.025479977950453758,0.024735597893595695
2018,0.023775123059749603,0.024734780192375183
2019,0.0241575688123703,0.02473622001707554
2020,0.024090152233839035,0.024738729000091553
2021,0.025493422523140907,0.024730220437049866
2022,0.023322846740484238,0.024733999744057655
2023,0.024719074368476868,0.024754319339990616
2024,0.02555817924439907,0.024773146957159042
2025,0.025339674204587936,0.024776482954621315
2026,0.02512664906680584,0.02475949190557003
2027,0.024521470069885254,0.02478381060063839
2028,0.024841655045747757,0.024802329018712044
2029,0.02571936696767807,0.024807706475257874
2030,0.02503753826022148,0.024800509214401245
2031,0.023271169513463974,0.02478719875216484
2032,0.025308914482593536,0.024781985208392143
2033,0.02249358966946602,0.02477877214550972
2034,0.02343471348285675,0.024761199951171875
2035,0.024149851873517036,0.02474590204656124
2036,0.02236970141530037,0.024730972945690155
2037,0.02467697486281395,0.02472987398505211
2038,0.024303164333105087,0.024734167382121086
2039,0.026689453050494194,0.024739990010857582
2040,0.023080531507730484,0.024746276438236237
2041,0.024806134402751923,0.02475825324654579
2042,0.02377432771027088,0.0247623510658741
2043,0.024181703105568886,0.024766966700553894
2044,0.0227341391146183,0.02475898712873459
2045,0.025342702865600586,0.02475356124341488
2046,0.023761285468935966,0.02476499229669571
2047,0.025208836421370506,0.024754220619797707
2048,0.023428039625287056,0.02473479136824608
2049,0.02561667002737522,0.024721283465623856
2050,0.02522945962846279,0.02471074089407921
2051,0.025032851845026016,0.024698495864868164
2052,0.024532554671168327,0.024688875302672386
2053,0.023556824773550034,0.024685872718691826
2054,0.022132638841867447,0.024691078811883926
2055,0.02590714395046234,0.0246896930038929
2056,0.02391383983194828,0.024684293195605278
2057,0.025058405473828316,0.02468091808259487
2058,0.022630907595157623,0.024682341143488884
2059,0.024162910878658295,0.024680117145180702
2060,0.023397203534841537,0.024676507338881493
2061,0.02369788847863674,0.024680176749825478
2062,0.023081040009856224,0.02468619868159294
2063,0.02378198504447937,0.02469290792942047
2064,0.024355875328183174,0.02469808980822563
2065,0.02385708875954151,0.0247005894780159
2066,0.022508546710014343,0.024706637486815453
2067,0.023113925009965897,0.024712754413485527
2068,0.025566663593053818,0.024718955159187317
2069,0.02251463197171688,0.02472441829741001
2070,0.02481369487941265,0.024730809032917023
2071,0.02372046187520027,0.024731680750846863
2072,0.024759657680988312,0.024734968319535255
2073,0.02362433448433876,0.02474459819495678
2074,0.024809997528791428,0.024749809876084328
2075,0.023637812584638596,0.02474839799106121
2076,0.02385350689291954,0.024747362360358238
2077,0.02474215254187584,0.02474404126405716
2078,0.024993939325213432,0.024745071306824684
2079,0.025405092164874077,0.024757245555520058
2080,0.02419275790452957,0.024772681295871735
2081,0.024392182007431984,0.024778027087450027
2082,0.025750402361154556,0.024782052263617516
2083,0.024245610460639,0.024783704429864883
2084,0.026311399415135384,0.024784594774246216
2085,0.023297246545553207,0.024782894179224968
2086,0.023320838809013367,0.0247793048620224
2087,0.023961281403899193,0.024782449007034302
2088,0.024759292602539062,0.02478754334151745
2089,0.02427605725824833,0.024779675528407097
2090,0.022009681910276413,0.024776337668299675
2091,0.025436384603381157,0.02476532757282257
2092,0.023703355342149734,0.02477014996111393
2093,0.023010024800896645,0.024778662249445915
2094,0.022839605808258057,0.024766838178038597
2095,0.02333877980709076,0.024758167564868927
2096,0.025189559906721115,0.02478777803480625
2097,0.02282377891242504,0.02483881637454033
2098,0.02513701096177101,0.02479615807533264
2099,0.02510870061814785,0.024739207699894905
2100,0.022549312561750412,0.024752017110586166
2101,0.023740634322166443,0.024783030152320862
2102,0.02523411437869072,0.024788381531834602
2103,0.02497115731239319,0.02476833574473858
2104,0.02339004911482334,0.024749374017119408
2105,0.026111725717782974,0.024757258594036102
2106,0.02395586669445038,0.02475643716752529
2107,0.024033598601818085,0.024747367948293686
2108,0.023340925574302673,0.024735843762755394
2109,0.024914197623729706,0.02474142611026764
2110,0.02488907426595688,0.024755604565143585
2111,0.024053748697042465,0.02477012388408184
2112,0.026477228850126266,0.0247552040964365
2113,0.025543250143527985,0.024753596633672714
2114,0.02649323083460331,0.024780932813882828
2115,0.024516446515917778,0.024794483557343483
2116,0.02304135449230671,0.02478555589914322
2117,0.025144942104816437,0.02478034980595112
2118,0.02482912503182888,0.02477956749498844
2119,0.02470524236559868,0.024782463908195496
2120,0.02394513413310051,0.024792438372969627
2121,0.026271672919392586,0.02477343939244747
2122,0.024773383513092995,0.024767247959971428
2123,0.024346336722373962,0.024759376421570778
2124,0.02403593435883522,0.024755237624049187
2125,0.023246901109814644,0.02475694939494133
2126,0.02360588312149048,0.024760009720921516
2127,0.024745551869273186,0.02476605214178562
2128,0.025399165228009224,0.024774139747023582
2129,0.02217819355428219,0.02478034980595112
2130,0.02299910970032215,0.02477114088833332
2131,0.02401549741625786,0.02476542256772518
2132,0.023636436089873314,0.02476366236805916
2133,0.023272957652807236,0.02476046048104763
2134,0.025897791609168053,0.024753611534833908
2135,0.023656008765101433,0.024756906554102898
2136,0.025045838207006454,0.024759089574217796
2137,0.025294600054621696,0.02475673146545887
2138,0.023972490802407265,0.024753227829933167
2139,0.024459313601255417,0.02474641054868698
2140,0.024188153445720673,0.024744024500250816
2141,0.02432185597717762,0.02474255859851837
2142,0.02422333136200905,0.024740496650338173
2143,0.024403654038906097,0.024731749668717384
2144,0.02481577917933464,0.024733034893870354
2145,0.02411888912320137,0.024747103452682495
2146,0.023812871426343918,0.02474905177950859
2147,0.024312801659107208,0.02473597228527069
2148,0.024800799787044525,0.02472539059817791
2149,0.023936141282320023,0.024734875187277794
2150,0.023527415469288826,0.024741822853684425
2151,0.023583265021443367,0.024735473096370697
2152,0.025212496519088745,0.02471720054745674
2153,0.022200511768460274,0.024757472798228264
2154,0.023068564012646675,0.024751294404268265
2155,0.024318814277648926,0.024706484749913216
2156,0.02382812276482582,0.024702228605747223
2157,0.025128310546278954,0.02472449466586113
2158,0.024600237607955933,0.02474011853337288
2159,0.02421952225267887,0.024717746302485466
2160,0.02381163462996483,0.024708477780222893
2161,0.02450140379369259,0.024722734466195107
2162,0.02340124547481537,0.02473275735974312
2163,0.023071112111210823,0.02473386563360691
2164,0.025588508695364,0.024751104414463043
2165,0.02444085106253624,0.024783054366707802
2166,0.023449258878827095,0.024799296632409096
2167,0.023272044956684113,0.02478339895606041
2168,0.023523680865764618,0.02477172389626503
2169,0.024246159940958023,0.024753011763095856
2170,0.023160073906183243,0.024750325828790665
2171,0.024635668843984604,0.024745596572756767
2172,0.024746177718043327,0.02473592571914196
2173,0.024413278326392174,0.02471710927784443
2174,0.023785755038261414,0.024706846103072166
2175,0.024410195648670197,0.02469782531261444
2176,0.022746698930859566,0.024689096957445145
2177,0.02311624400317669,0.024676242843270302
2178,0.024849241599440575,0.02466607838869095
2179,0.024487385526299477,0.024662064388394356
2180,0.025802308693528175,0.024658435955643654
2181,0.024386785924434662,0.02465445175766945
2182,0.02509842813014984,0.02465670555830002
2183,0.023851266130805016,0.02465389296412468
2184,0.024274028837680817,0.024649862200021744
2185,0.024068059399724007,0.024646379053592682
2186,0.024525802582502365,0.024647558107972145
2187,0.02351168543100357,0.024651575833559036
2188,0.0242670439183712,0.02465609274804592
2189,0.025084586814045906,0.024658052250742912
2190,0.023894885554909706,0.024660658091306686
2191,0.025319624692201614,0.024661824107170105
2192,0.02279547043144703,0.024662144482135773
2193,0.023496344685554504,0.02466987818479538
2194,0.024299493059515953,0.024672072380781174
2195,0.025010401383042336,0.02466660924255848
2196,0.02509414404630661,0.02465551160275936
2197,0.024189643561840057,0.024643467739224434
2198,0.02434711530804634,0.024632321670651436
2199,0.021989930421113968,0.024628743529319763
2200,0.025429503992199898,0.02462160773575306
2201,0.02310294285416603,0.024619489908218384
2202,0.02385047823190689,0.024623850360512733
2203,0.02351396158337593,0.024622999131679535
2204,0.024291561916470528,0.024623297154903412
2205,0.024447200819849968,0.024630866944789886
2206,0.023315001279115677,0.02464747056365013
2207,0.024046842008829117,0.024643998593091965
2208,0.02524804323911667,0.02463976852595806
2209,0.02493971399962902,0.024654429405927658
2210,0.023862512782216072,0.02467537671327591
2211,0.022756434977054596,0.024691235274076462
2212,0.023924294859170914,0.024706576019525528
2213,0.023750199005007744,0.024724692106246948
2214,0.023984238505363464,0.024752549827098846
2215,0.023071005940437317,0.024747567251324654
2216,0.025536609813570976,0.02471841312944889
2217,0.02472693659365177,0.024712365120649338
2218,0.02382548339664936,0.024728210642933846
2219,0.023503409698605537,0.02474440075457096
2220,0.0232419241219759,0.024724379181861877
2221,0.02524685673415661,0.024706725031137466
2222,0.025725102052092552,0.02471764013171196
2223,0.024964476004242897,0.024706479161977768
2224,0.022588079795241356,0.024686668068170547
2225,0.02368352934718132,0.024657821282744408
2226,0.023144971579313278,0.024647323414683342
2227,0.02539464831352234,0.024649016559123993
2228,0.024455921724438667,0.024655357003211975
2229,0.02201366238296032,0.024663031101226807
2230,0.024375557899475098,0.024665679782629013
2231,0.025842947885394096,0.02467983402311802
2232,0.024662785232067108,0.024701854214072227
2233,0.023889897391200066,0.024730347096920013
2234,0.025185639038681984,0.02472955547273159
2235,0.025302371010184288,0.024699725210666656
2236,0.02402123250067234,0.024688756093382835
2237,0.02366478182375431,0.024684755131602287
2238,0.024768570438027382,0.02468114346265793
2239,0.024498654529452324,0.024681057780981064
2240,0.025367720052599907,0.024681223556399345
2241,0.023830750957131386,0.02468532882630825
2242,0.02381310611963272,0.024685462936758995
2243,0.025491774082183838,0.02469305507838726
2244,0.023891910910606384,0.02470412291586399
2245,0.023835593834519386,0.024704385548830032
2246,0.026595134288072586,0.024698324501514435
2247,0.023110833019018173,0.024696946144104004
2248,0.02450323849916458,0.02469511330127716
2249,0.02559547685086727,0.024701671674847603
2250,0.024686099961400032,0.024722402915358543
2251,0.02379562333226204,0.024729393422603607
2252,0.02329406514763832,0.024705592542886734
2253,0.02502547949552536,0.02469414845108986
2254,0.023912152275443077,0.02469734288752079
2255,0.023612670600414276,0.024703416973352432
2256,0.02368118055164814,0.02469734288752079
2257,0.022228175774216652,0.024695618078112602
2258,0.024060919880867004,0.02470620535314083
2259,0.024015923961997032,0.02472987212240696
2260,0.024533867835998535,0.024748802185058594
2261,0.025846008211374283,0.02474811114370823
2262,0.02375742979347706,0.024754006415605545
2263,0.02495376579463482,0.024763107299804688
2264,0.02436775714159012,0.024770086631178856
2265,0.023977136239409447,0.024767573922872543
2266,0.02508823573589325,0.02476794458925724
2267,0.025152530521154404,0.024773214012384415
2268,0.025506282225251198,0.024775750935077667
2269,0.026073170825839043,0.024772711098194122
2270,0.023502884432673454,0.02478078566491604
2271,0.024163231253623962,0.024762824177742004
2272,0.023610422387719154,0.024735674262046814
2273,0.024006519466638565,0.024728499352931976
2274,0.023365123197436333,0.024732466787099838
2275,0.024069517850875854,0.024735216051340103
2276,0.02426910772919655,0.02472149394452572
2277,0.024393459782004356,0.024709487333893776
2278,0.025164783000946045,0.024707835167646408
2279,0.024836404249072075,0.02469988912343979
2280,0.025109758600592613,0.024694843217730522
2281,0.02458767406642437,0.024697447195649147
2282,0.023848898708820343,0.024701306596398354
2283,0.022671636193990707,0.02469373680651188
2284,0.024128584191203117,0.024697959423065186
2285,0.026202693581581116,0.02469930425286293
2286,0.022934582084417343,0.024699384346604347
2287,0.024323493242263794,0.024692833423614502
2288,0.023491449654102325,0.024676641449332237
2289,0.025509819388389587,0.02465844713151455
2290,0.025072837248444557,0.024654196575284004
2291,0.022519079968333244,0.024652404710650444
2292,0.023091129958629608,0.02465435490012169
2293,0.023194551467895508,0.024688826873898506
2294,0.02332375757396221,0.02472091279923916
2295,0.025233706459403038,0.02470715530216694
2296,0.024728745222091675,0.024695102125406265
2297,0.024432500824332237,0.02471398189663887
2298,0.025183893740177155,0.02473020739853382
2299,0.024953210726380348,0.02472277730703354
2300,0.02441386505961418,0.024713361635804176
2301,0.023789800703525543,0.024715781211853027
2302,0.021534206345677376,0.02472434565424919
2303,0.02499772608280182,0.024716990068554878
2304,0.024253234267234802,0.024699358269572258
2305,0.02414984442293644,0.024703823029994965
2306,0.023934004828333855,0.024719776585698128
2307,0.025823185220360756,0.024731777608394623
2308,0.024287870153784752,0.024722618982195854
2309,0.023678608238697052,0.024714913219213486
2310,0.02355196140706539,0.024709004908800125
2311,0.024041159078478813,0.024701138958334923
2312,0.022465044632554054,0.024685893207788467
2313,0.024425389245152473,0.024681854993104935
2314,0.022022346034646034,0.02469507046043873
2315,0.02548958919942379,0.024709222838282585
2316,0.022556578740477562,0.02472233586013317
2317,0.025264155119657516,0.024748127907514572
2318,0.023323703557252884,0.02478768117725849
2319,0.02411619946360588,0.02480083703994751
2320,0.025164993479847908,0.024777304381132126
2321,0.022722356021404266,0.02478114515542984
2322,0.024147475138306618,0.02479146420955658
2323,0.02442844584584236,0.02478943206369877
2324,0.02329239621758461,0.02479550987482071
2325,0.024700045585632324,0.024809567257761955
2326,0.024792300537228584,0.0248279869556427
2327,0.023864619433879852,0.024821458384394646
2328,0.023397227749228477,0.024813463911414146
2329,0.02421543188393116,0.024786125868558884
2330,0.02548076957464218,0.024785347282886505
2331,0.022080838680267334,0.02479696087539196
2332,0.025226639583706856,0.02478671818971634
2333,0.022934243083000183,0.02477310411632061
2334,0.025313664227724075,0.024775804951786995
2335,0.025430385023355484,0.024768048897385597
2336,0.021338578313589096,0.02476407401263714
2337,0.025760531425476074,0.024761825799942017
2338,0.024422740563750267,0.02476581372320652
2339,0.02411062829196453,0.02476547472178936
2340,0.02605254575610161,0.0247427299618721
2341,0.024770809337496758,0.024717900902032852
2342,0.02321946620941162,0.02473301813006401
2343,0.023473674431443214,0.02478579431772232
2344,0.024856939911842346,0.02475687675178051
2345,0.024163110181689262,0.024724045768380165
2346,0.022447410970926285,0.024735864251852036
2347,0.02498152293264866,0.024760393425822258
2348,0.024225056171417236,0.024764269590377808
2349,0.02362646535038948,0.02476736716926098
2350,0.02434689924120903,0.02478053607046604
2351,0.025394383817911148,0.02480349875986576
2352,0.024053895846009254,0.024788634851574898
2353,0.023471774533391,0.02475688047707081
2354,0.02357473224401474,0.024744438007473946
2355,0.024030368775129318,0.024745920673012733
2356,0.0239914208650589,0.02475729025900364
2357,0.024465151131153107,0.024771271273493767
2358,0.024283500388264656,0.024781836196780205
2359,0.02431737817823887,0.0247942004352808
2360,0.023175839334726334,0.024813693016767502
2361,0.023149928078055382,0.024825088679790497
2362,0.024610063061118126,0.024829348549246788
2363,0.025095166638493538,0.024824239313602448
2364,0.024462513625621796,0.02482197992503643
2365,0.02646496146917343,0.024822434410452843
2366,0.025014473125338554,0.024823583662509918
2367,0.023888226598501205,0.024823995307087898
2368,0.023693852126598358,0.02483302727341652
2369,0.02317696250975132,0.024840204045176506
2370,0.024406475946307182,0.024838943034410477
2371,0.02520839124917984,0.02483000047504902
2372,0.024034127593040466,0.024823984131217003
2373,0.0256245955824852,0.02483218163251877
2374,0.023847172036767006,0.02480069175362587
2375,0.02348913624882698,0.024783944711089134
2376,0.025788402184844017,0.02477746643126011
2377,0.023105330765247345,0.024756712839007378
2378,0.023247038945555687,0.02471478283405304
2379,0.024327276274561882,0.024686571210622787
2380,0.024495109915733337,0.024688247591257095
2381,0.024160536006093025,0.02469644881784916
2382,0.023641524836421013,0.02467546984553337
2383,0.022899728268384933,0.024645041674375534
2384,0.024056492373347282,0.024658674374222755
2385,0.025139225646853447,0.024691566824913025
2386,0.025381485000252724,0.024682244285941124
2387,0.025141868740320206,0.02467508614063263
2388,0.024615328758955002,0.024711105972528458
2389,0.024564914405345917,0.024750828742980957
2390,0.023877350613474846,0.024764161556959152
2391,0.024663090705871582,0.02471514418721199
2392,0.02278023585677147,0.024698279798030853
2393,0.025921862572431564,0.024732908234000206
2394,0.022828886285424232,0.02474350668489933
2395,0.02534092403948307,0.024730117991566658
2396,0.02282068505883217,0.024736570194363594
2397,0.024416305124759674,0.024762798100709915
2398,0.024052970111370087,0.024770313873887062
2399,0.02453700825572014,0.024731341749429703
2400,0.02428371086716652,0.02470012754201889
2401,0.025644879788160324,0.02470988780260086
2402,0.02540731057524681,0.024711351841688156
2403,0.023198425769805908,0.024678992107510567
2404,0.022166885435581207,0.024659190326929092
2405,0.02540704421699047,0.024674110114574432
2406,0.02375137433409691,0.024700898677110672
2407,0.02469688095152378,0.024698004126548767
2408,0.025646373629570007,0.024678144603967667
2409,0.024221554398536682,0.02469605579972267
2410,0.024224039167165756,0.024721598252654076
2411,0.02412954345345497,0.024723069742321968
2412,0.021874036639928818,0.02470611408352852
2413,0.02472520060837269,0.024681132286787033
2414,0.023960741236805916,0.02470185048878193
2415,0.02443554252386093,0.02472890354692936
2416,0.02467811480164528,0.024685950949788094
2417,0.02414553239941597,0.024637214839458466
2418,0.0228361114859581,0.02462032623589039
2419,0.024182939901947975,0.024631859734654427
2420,0.025811202824115753,0.024655045941472054
2421,0.023841172456741333,0.024660488590598106
2422,0.024144448339939117,0.02466060221195221
2423,0.023738177493214607,0.024674631655216217
2424,0.02308765798807144,0.02470153383910656
2425,0.023786894977092743,0.024723144248127937
2426,0.025954904034733772,0.024722037836909294
2427,0.025310184806585312,0.024719897657632828
2428,0.022704580798745155,0.024719983339309692
2429,0.024868128821253777,0.024722781032323837
2430,0.024565624073147774,0.024717198684811592
2431,0.024290824308991432,0.024703141301870346
2432,0.022321444004774094,0.024689432233572006
2433,0.024266399443149567,0.02467702515423298
2434,0.02420232445001602,0.02466776594519615
2435,0.023068878799676895,0.02466621622443199
2436,0.02316915988922119,0.024662582203745842
2437,0.024273013696074486,0.02466372586786747
2438,0.023070529103279114,0.024657979607582092
2439,0.024298368021845818,0.024653343483805656
2440,0.024256166070699692,0.024647999554872513
2441,0.0222333874553442,0.024663608521223068
2442,0.023498639464378357,0.024667801335453987
2443,0.023527966812253,0.024663042277097702
2444,0.02421443909406662,0.024656588211655617
2445,0.024647360667586327,0.024655940011143684
2446,0.024063540622591972,0.024666912853717804
2447,0.023549387231469154,0.024645421653985977
2448,0.023078175261616707,0.024623185396194458
2449,0.02432965114712715,0.024619195610284805
2450,0.023826580494642258,0.024640876799821854
2451,0.02339334972202778,0.024656277149915695
2452,0.024569105356931686,0.024633267894387245
2453,0.02506517805159092,0.02462725155055523
2454,0.025022514164447784,0.024635815992951393
2455,0.02354738675057888,0.024656061083078384
2456,0.023720916360616684,0.024656128138303757
2457,0.025947706773877144,0.024650733917951584
2458,0.025070032104849815,0.0246492400765419
2459,0.023617826402187347,0.02465134486556053
2460,0.02607126347720623,0.024649741128087044
2461,0.024607999250292778,0.02465164102613926
2462,0.025523308664560318,0.024650996550917625
2463,0.025842031463980675,0.02464764565229416
2464,0.023248258978128433,0.024645980447530746
2465,0.022891096770763397,0.02464669942855835
2466,0.02559942938387394,0.024645797908306122
2467,0.026331230998039246,0.024650083854794502
2468,0.024991314858198166,0.024655787274241447
2469,0.024673085659742355,0.024662280455231667
2470,0.024077078327536583,0.024677779525518417
2471,0.025009900331497192,0.024683473631739616
2472,0.023631568998098373,0.024704426527023315
2473,0.02340151183307171,0.024710776284337044
2474,0.023289615288376808,0.024712715297937393
2475,0.02455568127334118,0.024702109396457672
2476,0.024935077875852585,0.02470097877085209
2477,0.022531364113092422,0.02470904216170311
2478,0.025318579748272896,0.02471347525715828
2479,0.02361162379384041,0.024724990129470825
2480,0.023973749950528145,0.024734467267990112
2481,0.024933163076639175,0.024719595909118652
2482,0.02451089583337307,0.024715891107916832
2483,0.02473243698477745,0.024714864790439606
2484,0.02364249899983406,0.02471904642879963
2485,0.02555817738175392,0.02472257986664772
2486,0.024020707234740257,0.02470487356185913
2487,0.023450782522559166,0.02468179538846016
2488,0.023929433897137642,0.024671480059623718
2489,0.0231347493827343,0.02464483305811882
2490,0.02489100769162178,0.024626968428492546
2491,0.02329486608505249,0.02461748756468296
2492,0.022287320345640182,0.024619130417704582
2493,0.024738162755966187,0.024630405008792877
2494,0.02331147901713848,0.024649333208799362
2495,0.023186616599559784,0.024663398042321205
2496,0.024392535910010338,0.02466694824397564
2497,0.024260925129055977,0.024664297699928284
2498,0.021946828812360764,0.024664390832185745
2499,0.024744652211666107,0.024655329063534737
2500,0.024750737473368645,0.02465113066136837
2501,0.02399180456995964,0.024649478495121002
2502,0.022829098626971245,0.024665379896759987
2503,0.022870982065796852,0.024689557030797005
2504,0.024243980646133423,0.02469003014266491
2505,0.02380211278796196,0.024676289409399033
2506,0.025026598945260048,0.024663275107741356
2507,0.02433805540204048,0.024665100499987602
2508,0.02627733163535595,0.024673642590641975
2509,0.024369671940803528,0.024684444069862366
2510,0.02284865267574787,0.02468600869178772
2511,0.024048183113336563,0.024677986279129982
2512,0.02620195783674717,0.024694642052054405
2513,0.02451135404407978,0.02470087818801403
2514,0.024600032716989517,0.024700066074728966
2515,0.025960717350244522,0.024696024134755135
2516,0.02508697286248207,0.02469129115343094
2517,0.02319875918328762,0.024693790823221207
2518,0.023832768201828003,0.024675540626049042
2519,0.022821474820375443,0.024662863463163376
2520,0.024817921221256256,0.024664122611284256
2521,0.023452570661902428,0.024663051590323448
2522,0.025024959817528725,0.02466663159430027
2523,0.02427293173968792,0.024668700993061066
2524,0.02401702292263508,0.024674948304891586
2525,0.022844042629003525,0.024676427245140076
2526,0.024892106652259827,0.02467089332640171
2527,0.022146301344037056,0.024662256240844727
2528,0.0238167867064476,0.024650277569890022
2529,0.02248845249414444,0.02464890480041504
2530,0.024629145860671997,0.02464321441948414
2531,0.025454267859458923,0.024638572707772255
2532,0.025533299893140793,0.024635950103402138
2533,0.02529461495578289,0.024630824103951454
2534,0.023827657103538513,0.024624839425086975
2535,0.024454636499285698,0.024615954607725143
2536,0.023719370365142822,0.024609383195638657
2537,0.025400014594197273,0.02460874244570732
2538,0.025054581463336945,0.024619989097118378
2539,0.021986352279782295,0.024635976180434227
2540,0.02381015010178089,0.024638039991259575
2541,0.02442050911486149,0.024648375809192657
2542,0.024221081286668777,0.024666564539074898
2543,0.023022685199975967,0.02467556670308113
2544,0.023981403559446335,0.02467338927090168
2545,0.025339487940073013,0.024676404893398285
2546,0.02453886717557907,0.024699458852410316
2547,0.023838967084884644,0.02470490336418152
2548,0.022916685789823532,0.0247085802257061
2549,0.02341812662780285,0.024698693305253983
2550,0.024660436436533928,0.024669090285897255
2551,0.02476867102086544,0.024654531851410866
2552,0.025924410670995712,0.02465149015188217
2553,0.025018995627760887,0.024646611884236336
2554,0.024867665022611618,0.0246324073523283
2555,0.025101201608777046,0.024625642225146294
2556,0.022992311045527458,0.024630149826407433
2557,0.024956602603197098,0.02462129481136799
2558,0.023185670375823975,0.024611251428723335
2559,0.02308710105717182,0.024610912427306175
2560,0.025429053232073784,0.024620287120342255
2561,0.022522876039147377,0.02462782710790634
2562,0.023509828373789787,0.024628806859254837
2563,0.025075700134038925,0.02461998537182808
2564,0.02369532734155655,0.024624383077025414
2565,0.024034826084971428,0.024625686928629875
2566,0.023863250389695168,0.024623174220323563
2567,0.026293674483895302,0.024624060839414597
2568,0.02417531982064247,0.02463298849761486
2569,0.024848904460668564,0.024639811366796494
2570,0.02382548339664936,0.024640411138534546
2571,0.024989468976855278,0.02465106174349785
2572,0.023726830258965492,0.02466275542974472
2573,0.02573445253074169,0.024671923369169235
2574,0.02300441451370716,0.0246745552867651
2575,0.022986916825175285,0.024686696007847786
2576,0.025779511779546738,0.0246981643140316
2577,0.02401336282491684,0.024694448336958885
2578,0.02467215433716774,0.024689454585313797
2579,0.02576315402984619,0.024690140038728714
2580,0.024473965167999268,0.024696793407201767
2581,0.02292921207845211,0.024720700457692146
2582,0.024715522304177284,0.024717310443520546
2583,0.025150390341877937,0.024705786257982254
2584,0.025322550907731056,0.024700233712792397
2585,0.02218349650502205,0.024692043662071228
2586,0.02253446914255619,0.024681895971298218
2587,0.02402287721633911,0.024683449417352676
2588,0.025884192436933517,0.024696312844753265
2589,0.025700584053993225,0.024693181738257408
2590,0.023435551673173904,0.024684855714440346
2591,0.023664157837629318,0.0246871504932642
2592,0.02314000017940998,0.02469387650489807
2593,0.022302646189928055,0.02469877153635025
2594,0.026269450783729553,0.02471063658595085
2595,0.024933913722634315,0.024722730740904808
2596,0.025072801858186722,0.02473513036966324
2597,0.023363597691059113,0.024731114506721497
2598,0.02387535199522972,0.024722570553421974
2599,0.024369116872549057,0.02471761777997017
2600,0.023232776671648026,0.024708036333322525
2601,0.02325935661792755,0.024710966274142265
2602,0.023838400840759277,0.024722088128328323
2603,0.022673698142170906,0.024726668372750282
2604,0.02530432678759098,0.024710023775696754
2605,0.02455892041325569,0.02470467984676361
2606,0.023861002177000046,0.024709904566407204
2607,0.023397507146000862,0.024708427488803864
2608,0.02382100373506546,0.02469531260430813
2609,0.02394825778901577,0.024692926555871964
2610,0.024983884766697884,0.024693867191672325
2611,0.024946175515651703,0.024680020287632942
2612,0.023657506331801414,0.02466091513633728
2613,0.023730162531137466,0.0246492400765419
2614,0.024750985205173492,0.024660443887114525
2615,0.02448497712612152,0.02466624602675438
2616,0.023538915440440178,0.024641117081046104
2617,0.024331729859113693,0.024653533473610878
2618,0.02443060092628002,0.024689005687832832
2619,0.02396879345178604,0.024693738669157028
2620,0.025686822831630707,0.024664247408509254
2621,0.025233184918761253,0.02465604804456234
2622,0.02361566200852394,0.02466771937906742
2623,0.024290690198540688,0.024670643731951714
2624,0.023274770006537437,0.024674834683537483
2625,0.025829268619418144,0.02467482164502144
2626,0.02478175051510334,0.02467993274331093
2627,0.023042256012558937,0.024688320234417915
2628,0.022845398634672165,0.0247031282633543
2629,0.023421239107847214,0.024718450382351875
2630,0.024626798927783966,0.024721110239624977
2631,0.02216508984565735,0.024718794971704483
2632,0.024636285379529,0.024715568870306015
2633,0.02598590776324272,0.024709505960345268
2634,0.02369771897792816,0.0247084591537714
2635,0.022381305694580078,0.02471095696091652
2636,0.02445315383374691,0.024708470329642296
2637,0.02364230901002884,0.024713145568966866
2638,0.023146111518144608,0.024706391617655754
2639,0.02527640014886856,0.02468889392912388
2640,0.024664191529154778,0.024675987660884857
2641,0.023224884644150734,0.02467239461839199
2642,0.023309316486120224,0.02467348426580429
2643,0.02478162944316864,0.024678464978933334
2644,0.02438039891421795,0.024674762040376663
2645,0.023855844512581825,0.024666687473654747
2646,0.023360610008239746,0.024650534614920616
2647,0.0247605312615633,0.024645796045660973
2648,0.024523546919226646,0.02465152181684971
2649,0.02464068867266178,0.02466178871691227
2650,0.023375580087304115,0.02467494271695614
2651,0.023250553756952286,0.024673860520124435
2652,0.023086246103048325,0.02467368356883526
2653,0.025443311780691147,0.024675169959664345
2654,0.023998767137527466,0.024671809747815132
2655,0.022771982476115227,0.024670399725437164
2656,0.024326244369149208,0.024665486067533493
2657,0.025022948160767555,0.024671347811818123
2658,0.02451334334909916,0.024690113961696625
2659,0.022735118865966797,0.024704257026314735
2660,0.023508381098508835,0.024722347036004066
2661,0.02529803104698658,0.024740038439631462
2662,0.023269567638635635,0.02476651780307293
2663,0.024796845391392708,0.024769367650151253
2664,0.02263040840625763,0.024770818650722504
2665,0.025565115734934807,0.02476220391690731
2666,0.024221906438469887,0.024744175374507904
2667,0.02476551942527294,0.02473135106265545
2668,0.023700185120105743,0.024726688861846924
2669,0.025165023282170296,0.024725522845983505
2670,0.024732058867812157,0.024729887023568153
2671,0.02196589671075344,0.024734051898121834
2672,0.02507251687347889,0.024728909134864807
2673,0.024042386561632156,0.02471865899860859
2674,0.02435045689344406,0.024720950052142143
2675,0.02220706082880497,0.024731118232011795
2676,0.025544889271259308,0.024739881977438927
2677,0.023445526137948036,0.024724405258893967
2678,0.023593340069055557,0.02471025288105011
2679,0.023641496896743774,0.024699680507183075
2680,0.023898471146821976,0.024680284783244133
2681,0.023279165849089622,0.024673571810126305
2682,0.023689718917012215,0.024674400687217712
2683,0.02482728846371174,0.024679630994796753
2684,0.025043604895472527,0.024695320054888725
2685,0.02322419360280037,0.024708542972803116
2686,0.02390718087553978,0.024716157466173172
2687,0.024189773947000504,0.024713635444641113
2688,0.02363066002726555,0.024708217009902
2689,0.024851327762007713,0.02469954453408718
2690,0.022829078137874603,0.02469598315656185
2691,0.024900326505303383,0.024695154279470444
2692,0.022259140387177467,0.024698443710803986
2693,0.025060800835490227,0.024686623364686966
2694,0.02402469515800476,0.02466854266822338
2695,0.02382432483136654,0.024660734459757805
2696,0.022442126646637917,0.024651430547237396
2697,0.0239561740309,0.02464582771062851
2698,0.024514848366379738,0.02465437352657318
2699,0.023360801860690117,0.024654358625411987
2700,0.02233545482158661,0.024646049365401268
2701,0.024905195459723473,0.02463499642908573
2702,0.024351149797439575,0.024629607796669006
2703,0.02340608835220337,0.02464205212891102
2704,0.023253288120031357,0.024661965668201447
2705,0.024461235851049423,0.024668827652931213
2706,0.022558338940143585,0.024690499529242516
2707,0.021982291713356972,0.024736251682043076
2708,0.024350054562091827,0.02472558245062828
2709,0.02536797896027565,0.024706121534109116
2710,0.023730799555778503,0.024703584611415863
2711,0.023647792637348175,0.024705810472369194
2712,0.02246755361557007,0.02471492439508438
2713,0.02447623573243618,0.02473183535039425
2714,0.0233891773968935,0.024729745462536812
2715,0.02406214363873005,0.024719417095184326
2716,0.024457041174173355,0.024703755974769592
2717,0.02482323907315731,0.024697810411453247
2718,0.024487292394042015,0.024693520739674568
2719,0.023246947675943375,0.024696117267012596
2720,0.024149667471647263,0.02470085583627224
2721,0.024822084233164787,0.024706171825528145
2722,0.026203645393252373,0.024696730077266693
2723,0.024978971108794212,0.024679087102413177
2724,0.024642696604132652,0.024667954072356224
2725,0.022590238600969315,0.024660944938659668
2726,0.023344969376921654,0.024654120206832886
2727,0.023110775277018547,0.0246475450694561
2728,0.025577541440725327,0.024644240736961365
2729,0.024895954877138138,0.024640832096338272
2730,0.02435336634516716,0.024638110771775246
2731,0.023473570123314857,0.024634771049022675
2732,0.02427220717072487,0.024629490450024605
2733,0.023420462384819984,0.024630920961499214
2734,0.025014663115143776,0.02463328279554844
2735,0.02250421792268753,0.02463667280972004
2736,0.023630470037460327,0.02465062215924263
2737,0.02316146343946457,0.024661922827363014
2738,0.024466093629598618,0.02466857247054577
2739,0.024254199117422104,0.024685394018888474
2740,0.0226152166724205,0.024690959602594376
2741,0.022774657234549522,0.02469172328710556
2742,0.023226259276270866,0.02470404841005802
2743,0.026100803166627884,0.024717465043067932
2744,0.02445838786661625,0.024722294881939888
2745,0.025460660457611084,0.0247317124158144
2746,0.023950321599841118,0.024757416918873787
2747,0.023772060871124268,0.02478599175810814
2748,0.02385980263352394,0.024772902950644493
2749,0.024608783423900604,0.02476312592625618
2750,0.022900022566318512,0.024749690666794777
2751,0.023557251319289207,0.024744810536503792
2752,0.024327248334884644,0.02473669871687889
2753,0.02304835245013237,0.0247164499014616
2754,0.02442687377333641,0.024708552286028862
2755,0.025190068408846855,0.024697506800293922
2756,0.025693785399198532,0.02468479797244072
2757,0.0249495767056942,0.024686045944690704
2758,0.023293400183320045,0.02468852512538433
2759,0.02448691800236702,0.024682408198714256
2760,0.02294347435235977,0.024677807465195656
2761,0.02459254488348961,0.024685967713594437
2762,0.023738879710435867,0.02472412958741188
2763,0.02297847904264927,0.024729277938604355
2764,0.024718431755900383,0.024710092693567276
2765,0.02499261125922203,0.0246796365827322
2766,0.023817598819732666,0.02467913180589676
2767,0.023552747443318367,0.024670764803886414
2768,0.02421395480632782,0.02465074695646763
2769,0.0230264775454998,0.02465793676674366
2770,0.024142662063241005,0.024680837988853455
2771,0.022590678185224533,0.024687398225069046
2772,0.02383592538535595,0.02463829703629017
2773,0.023218955844640732,0.024605760350823402
2774,0.02501280978322029,0.024625426158308983
2775,0.024013031274080276,0.024667302146553993
2776,0.025368424132466316,0.024656767025589943
2777,0.02312539890408516,0.02461036667227745
2778,0.024948887526988983,0.024639422073960304
2779,0.02359265461564064,0.024698825553059578
2780,0.02462467923760414,0.02465987019240856
2781,0.02420060895383358,0.02460741437971592
2782,0.024789558723568916,0.0246014054864645
2783,0.024953844025731087,0.024640226736664772
2784,0.024392934516072273,0.024639740586280823
2785,0.022746432572603226,0.024613045156002045
2786,0.023550970479846,0.0246107317507267
2787,0.024197004735469818,0.024634744971990585
2788,0.023502381518483162,0.024669287726283073
2789,0.02459067851305008,0.024650150910019875
2790,0.025939812883734703,0.02461993508040905
2791,0.0233328677713871,0.024621179327368736
2792,0.022904731333255768,0.024635279551148415
2793,0.023757508024573326,0.024626176804304123
2794,0.024947836995124817,0.024614857509732246
2795,0.025074971839785576,0.02463706210255623
2796,0.02332461066544056,0.024655140936374664
2797,0.025449933484196663,0.024648120626807213
2798,0.02475075237452984,0.02462230995297432
2799,0.024030379951000214,0.024628575891256332
2800,0.024036584421992302,0.024632275104522705
2801,0.023742828518152237,0.02462775446474552
2802,0.02259773388504982,0.024646108970046043
2803,0.02315673977136612,0.024674784392118454
2804,0.022480033338069916,0.024678261950612068
2805,0.024346427991986275,0.024661637842655182
2806,0.023887628689408302,0.02465885691344738
2807,0.023056576028466225,0.02466195821762085
2808,0.023991083726286888,0.024657508358359337
2809,0.024325355887413025,0.024650104343891144
2810,0.02505292370915413,0.024655381217598915
2811,0.026005614548921585,0.024684004485607147
2812,0.022893235087394714,0.024716878309845924
2813,0.024438893422484398,0.024704352021217346
2814,0.023324521258473396,0.02467571198940277
2815,0.025189952924847603,0.02468222938477993
2816,0.025171954184770584,0.024733390659093857
2817,0.023772330954670906,0.024745743721723557
2818,0.02397759072482586,0.024708345532417297
2819,0.02413919009268284,0.024673964828252792
2820,0.024548936635255814,0.024667350575327873
2821,0.02442658133804798,0.024668587371706963
2822,0.02623380720615387,0.024662461131811142
2823,0.02299148589372635,0.024661382660269737
2824,0.023564832285046577,0.024665234610438347
2825,0.02350768819451332,0.024662727490067482
2826,0.024205157533288002,0.02465536631643772
2827,0.024714110419154167,0.024644950404763222
2828,0.024590997025370598,0.024638572707772255
2829,0.023950472474098206,0.02464156411588192
2830,0.0215851329267025,0.02465616725385189
2831,0.02429252490401268,0.024653811007738113
2832,0.02302895486354828,0.024657784029841423
2833,0.023387067019939423,0.02469317987561226
2834,0.02384420484304428,0.024729324504733086
2835,0.02406713180243969,0.02471837028861046
2836,0.021846149116754532,0.024707850068807602
2837,0.023535029962658882,0.024721357971429825
2838,0.023985235020518303,0.024735914543271065
2839,0.02341238595545292,0.024733891710639
2840,0.024336308240890503,0.024703629314899445
2841,0.025345338508486748,0.02468644455075264
2842,0.02350892499089241,0.024704894050955772
2843,0.026900101453065872,0.024705613031983376
2844,0.024773072451353073,0.024661323055624962
2845,0.023279916495084763,0.024628227576613426
2846,0.02409977838397026,0.024619514122605324
2847,0.023629624396562576,0.02463710680603981
2848,0.024282699450850487,0.024641340598464012
2849,0.02494990825653076,0.024623515084385872
2850,0.023627692833542824,0.024627884849905968
2851,0.024749981239438057,0.02464790642261505
2852,0.02481245994567871,0.024639280512928963
2853,0.024504339322447777,0.024622026830911636
2854,0.023591522127389908,0.024636859074234962
2855,0.024855855852365494,0.02466065064072609
2856,0.023570045828819275,0.02467053011059761
2857,0.02348281629383564,0.024670464918017387
2858,0.022620610892772675,0.024672210216522217
2859,0.022246776148676872,0.024680713191628456
2860,0.024222468957304955,0.024685755372047424
2861,0.023285910487174988,0.024684101343154907
2862,0.02436370775103569,0.024677561596035957
2863,0.023848408833146095,0.024676283821463585
2864,0.024299005046486855,0.02467353083193302
2865,0.025573501363396645,0.024676457047462463
2866,0.02471810020506382,0.0246869083493948
2867,0.022079531103372574,0.02469201385974884
2868,0.023563018068671227,0.024682248011231422
2869,0.023762112483382225,0.024675993248820305
2870,0.02296888455748558,0.024673566222190857
2871,0.023056743666529655,0.02466646209359169
2872,0.02440892718732357,0.024663209915161133
2873,0.024729333817958832,0.024652715772390366
2874,0.023542828857898712,0.024647416546940804
2875,0.02366335317492485,0.024647993966937065
2876,0.02413056790828705,0.024651821702718735
2877,0.0237176064401865,0.024660754948854446
2878,0.02248978614807129,0.02467399276793003
2879,0.02296169102191925,0.02468668296933174
2880,0.025159981101751328,0.024692265316843987
2881,0.022772902622818947,0.024694114923477173
2882,0.02325570210814476,0.02470036968588829
2883,0.02333035133779049,0.02469821833074093
2884,0.023466002196073532,0.024695178493857384
2885,0.024720072746276855,0.024690311402082443
2886,0.023860029876232147,0.024687951430678368
2887,0.024021802470088005,0.024685518816113472
2888,0.024060793220996857,0.024656902998685837
2889,0.024027051404118538,0.024624375626444817
2890,0.024251632392406464,0.024619262665510178
2891,0.024666937068104744,0.024626003578305244
2892,0.023540914058685303,0.024630187079310417
2893,0.02415446750819683,0.02461802028119564
2894,0.022694874554872513,0.024629313498735428
2895,0.024138865992426872,0.02464175783097744
2896,0.023071041330695152,0.024624189361929893
2897,0.02403474785387516,0.024601835757493973
2898,0.02340914122760296,0.024597642943263054
2899,0.023585321381688118,0.024600867182016373
2900,0.02432914450764656,0.024598823860287666
2901,0.02347044087946415,0.024591509252786636
2902,0.024866880849003792,0.024589650332927704
2903,0.023121114820241928,0.02458617091178894
2904,0.024430302903056145,0.024576742202043533
2905,0.025273125618696213,0.024572918191552162
2906,0.023267671465873718,0.02457483857870102
2907,0.025425370782613754,0.02457405999302864
2908,0.023275893181562424,0.024571971967816353
2909,0.023092443123459816,0.02457463927567005
2910,0.022879933938384056,0.024590203538537025
2911,0.025515800341963768,0.024597588926553726
2912,0.024378959089517593,0.024587994441390038
2913,0.02443300373852253,0.02457294426858425
2914,0.02459697797894478,0.024564025923609734
2915,0.02513263188302517,0.02457546815276146
2916,0.024106835946440697,0.024610506370663643
2917,0.024479759857058525,0.02464405447244644
2918,0.02531183511018753,0.02466587722301483
2919,0.022720828652381897,0.02469046786427498
2920,0.024419479072093964,0.024705922231078148
2921,0.023465432226657867,0.02471269480884075
2922,0.023691784590482712,0.02471007965505123
2923,0.023358769714832306,0.024715589359402657
2924,0.02384187839925289,0.024712422862648964
2925,0.024020183831453323,0.02471429668366909
2926,0.023312468081712723,0.024723822250962257
2927,0.02715795859694481,0.024713652208447456
2928,0.024717578664422035,0.02469462715089321
2929,0.025647707283496857,0.0246882326900959
2930,0.024429772049188614,0.024691207334399223
2931,0.023098556324839592,0.02470289170742035
2932,0.02416958659887314,0.024712003767490387
2933,0.02551841549575329,0.024720489978790283
2934,0.02406119927763939,0.024730080738663673
2935,0.02291860245168209,0.024737723171710968
2936,0.02489827200770378,0.024708149954676628
2937,0.024806402623653412,0.024691671133041382
2938,0.02381061390042305,0.024686086922883987
2939,0.024883216246962547,0.024688322097063065
2940,0.024518458172678947,0.02470763772726059
2941,0.024067290127277374,0.02471367083489895
2942,0.025379711762070656,0.024713732302188873
2943,0.023370476439595222,0.024711979553103447
2944,0.023783069103956223,0.024721784517169
2945,0.025728611275553703,0.024712538346648216
2946,0.02470852993428707,0.024707134813070297
2947,0.023478543385863304,0.02471228316426277
2948,0.025025269016623497,0.02471408061683178
2949,0.022340817376971245,0.02469414472579956
2950,0.02218310721218586,0.024689527228474617
2951,0.025964003056287766,0.02469227835536003
2952,0.023339906707406044,0.024686351418495178
2953,0.022896308451890945,0.0246735792607069
2954,0.0252921711653471,0.02471442148089409
2955,0.024985402822494507,0.02475125901401043
2956,0.023726508021354675,0.024796491488814354
2957,0.024076322093605995,0.024843305349349976
2958,0.021636899560689926,0.024888359010219574
2959,0.024725552648305893,0.024928944185376167
2960,0.026062581688165665,0.02497515082359314
2961,0.02513694018125534,0.024982664734125137
2962,0.025544380769133568,0.024978041648864746
2963,0.02474135532975197,0.024984210729599
2964,0.02454570308327675,0.024971380829811096
2965,0.02552136778831482,0.024948934093117714
2966,0.024103831499814987,0.02492382936179638
2967,0.024136021733283997,0.02490287832915783
2968,0.024130724370479584,0.024905916303396225
2969,0.025156108662486076,0.024888446554541588
2970,0.023580145090818405,0.024865400046110153
2971,0.02371218241751194,0.024845825508236885
2972,0.023924656212329865,0.024871738627552986
2973,0.02463688515126705,0.02489202283322811
2974,0.024655073881149292,0.024859897792339325
2975,0.022383932024240494,0.024842509999871254
2976,0.025042543187737465,0.024862997233867645
2977,0.023450853303074837,0.024869980290532112
2978,0.02617538347840309,0.024831388145685196
2979,0.024724382907152176,0.02480587176978588
2980,0.02452416718006134,0.02479512058198452
2981,0.024735935032367706,0.02480141818523407
2982,0.025298550724983215,0.024790694937109947
2983,0.024293068796396255,0.024773074313998222
2984,0.023020070046186447,0.02475862391293049
2985,0.02371906116604805,0.024754919111728668
2986,0.02433251403272152,0.024744024500250816
2987,0.023513207212090492,0.02473861165344715
2988,0.023940106853842735,0.02473600208759308
2989,0.02306309901177883,0.02473021298646927
2990,0.022954408079385757,0.024721885100007057
2991,0.024044932797551155,0.024730946868658066
2992,0.02453925646841526,0.024724474176764488
2993,0.02486415207386017,0.02470521442592144
2994,0.025577129796147346,0.024694500491023064
2995,0.02558208629488945,0.02469288744032383
2996,0.023586293682456017,0.02469278685748577
2997,0.0262768417596817,0.02469198778271675
2998,0.021826542913913727,0.02468927763402462
2999,0.02542383037507534,0.02468743920326233
3000,0.024491464719176292,0.02468673326075077
3001,0.023955175653100014,0.024681007489562035
3002,0.023052064701914787,0.02468320168554783
3003,0.023237809538841248,0.024683864787220955
3004,0.022654633969068527,0.024679245427250862
3005,0.02556825987994671,0.024665774777531624
3006,0.024182360619306564,0.02466347999870777
3007,0.02331344038248062,0.024668013677001
3008,0.024001628160476685,0.02465878427028656
3009,0.023182211443781853,0.02466830424964428
3010,0.023113660514354706,0.02469695918262005
3011,0.025164619088172913,0.02469668909907341
3012,0.024481303989887238,0.02469097450375557
3013,0.024323109537363052,0.024679578840732574
3014,0.023787526413798332,0.024678297340869904
3015,0.024396438151597977,0.02467474155128002
3016,0.02345922216773033,0.0246724896132946
3017,0.02508760616183281,0.024677162989974022
3018,0.02388899028301239,0.02468767762184143
3019,0.025917567312717438,0.024652879685163498
3020,0.023471573367714882,0.024634825065732002
3021,0.025852873921394348,0.02462693303823471
3022,0.02621293067932129,0.024627497419714928
3023,0.024451689794659615,0.024634230881929398
3024,0.025405151769518852,0.024643495678901672
3025,0.0247202068567276,0.02465248852968216
3026,0.024602172896265984,0.0246546883136034
3027,0.02500610426068306,0.02465793676674366
3028,0.024353191256523132,0.02466285601258278
3029,0.02437908574938774,0.02465732954442501
3030,0.025946205481886864,0.02465997077524662
3031,0.02356252819299698,0.02466934733092785
3032,0.024060973897576332,0.024663874879479408
3033,0.02423112466931343,0.024657538160681725
3034,0.022673293948173523,0.024651674553751945
3035,0.02469390258193016,0.024656936526298523
3036,0.02481742575764656,0.024668410420417786
3037,0.024412116035819054,0.024661963805556297
3038,0.025102805346250534,0.024656221270561218
3039,0.02512359991669655,0.024661777541041374
3040,0.02227899804711342,0.024669140577316284
3041,0.023869037628173828,0.024687837809324265
3042,0.024495525285601616,0.02471144311130047
3043,0.02356642670929432,0.024729276075959206
3044,0.023854339495301247,0.024725114926695824
3045,0.023062188178300858,0.024729367345571518
3046,0.023666394874453545,0.02471771463751793
3047,0.022614067420363426,0.024708794429898262
3048,0.025069592520594597,0.02473866567015648
3049,0.023881368339061737,0.024762025102972984
3050,0.02531624026596546,0.024742059409618378
3051,0.024698695167899132,0.02473127841949463
3052,0.023862190544605255,0.02474406734108925
3053,0.021615546196699142,0.0247426088899374
3054,0.023214461281895638,0.02472665347158909
3055,0.023449039086699486,0.02472568489611149
3056,0.025978242978453636,0.02473394386470318
3057,0.023269083350896835,0.024738192558288574
3058,0.023771032691001892,0.024723144248127937
3059,0.02419774793088436,0.024728571996092796
3060,0.024350015446543694,0.024750128388404846
3061,0.02333783358335495,0.024747774004936218
3062,0.023275621235370636,0.024738913401961327
3063,0.023777145892381668,0.024745574221014977
3064,0.023744730278849602,0.02480718493461609
3065,0.02370048500597477,0.024807743728160858
3066,0.022462934255599976,0.024720892310142517
3067,0.023359091952443123,0.024686792865395546
3068,0.023924782872200012,0.024700604379177094
3069,0.02475600130856037,0.024710915982723236
3070,0.021860824897885323,0.02471059188246727
3071,0.024010032415390015,0.024704543873667717
3072,0.0242417324334383,0.024706391617655754
3073,0.024259256199002266,0.024705057963728905
3074,0.023932550102472305,0.024694308638572693
3075,0.024113446474075317,0.02468821406364441
3076,0.023106999695301056,0.02468029223382473
3077,0.025165773928165436,0.024682998657226562
3078,0.023951884359121323,0.024685848504304886
3079,0.024813121184706688,0.02467845194041729
3080,0.024187177419662476,0.024673128500580788
3081,0.02445605956017971,0.024665890261530876
3082,0.025057464838027954,0.02466535195708275
3083,0.023478250950574875,0.024664297699928284
3084,0.02397032268345356,0.024660466238856316
3085,0.022700536996126175,0.024661557748913765
3086,0.023551031947135925,0.024657147005200386
3087,0.025067171081900597,0.02465185523033142
3088,0.025316715240478516,0.024660633876919746
3089,0.022839326411485672,0.024679483845829964
3090,0.024721018970012665,0.024690480902791023
3091,0.024888142943382263,0.024691231548786163
3092,0.0233352929353714,0.024691352620720863
3093,0.02309633605182171,0.024698521941900253
3094,0.02451992966234684,0.02470877580344677
3095,0.022989187389612198,0.024713994935154915
3096,0.02320414036512375,0.024705657735466957
3097,0.023652447387576103,0.024695875123143196
3098,0.025440622121095657,0.024691501632332802
3099,0.021842801943421364,0.024695446714758873
3100,0.023263363167643547,0.02470622956752777
3101,0.024442076683044434,0.02471144124865532
3102,0.023224065080285072,0.024713294580578804
3103,0.02316426672041416,0.02471202053129673
3104,0.023421183228492737,0.024710562080144882
3105,0.02450910024344921,0.0247009489685297
3106,0.024499475955963135,0.024695102125406265
3107,0.024454619735479355,0.024691984057426453
3108,0.023518793284893036,0.024684352800250053
3109,0.02455088309943676,0.024668512865900993
3110,0.02480912022292614,0.0246536023914814
3111,0.023625992238521576,0.02465033531188965
3112,0.024302417412400246,0.024630794301629066
3113,0.02399461157619953,0.02462012507021427
3114,0.0240111593157053,0.02461623027920723
3115,0.024075346067547798,0.024616403505206108
3116,0.024445878341794014,0.02462022751569748
3117,0.02434619516134262,0.024616526439785957
3118,0.025504808872938156,0.024595486000180244
3119,0.023809945210814476,0.024600693956017494
3120,0.024229682981967926,0.024635029956698418
3121,0.023904139176011086,0.02461673878133297
3122,0.025556139647960663,0.024597957730293274
3123,0.023436205461621284,0.02462035045027733
3124,0.024795619770884514,0.02466249093413353
3125,0.023335427045822144,0.02466004341840744
3126,0.023574307560920715,0.02463780902326107
3127,0.02406008541584015,0.02462063543498516
3128,0.023781703785061836,0.024620886892080307
3129,0.02328045293688774,0.024618908762931824
3130,0.025527479127049446,0.024616222828626633
3131,0.024801407009363174,0.02461603842675686
3132,0.025088822469115257,0.024631690233945847
3133,0.023990264162421227,0.024631451815366745
3134,0.02647818811237812,0.024623407050967216
3135,0.024313751608133316,0.024644749239087105
3136,0.02242985926568508,0.024668680503964424
3137,0.02249576710164547,0.02466883882880211
3138,0.023231089115142822,0.02466883696615696
3139,0.023737061768770218,0.02466803789138794
3140,0.02458186447620392,0.024660611525177956
3141,0.025728823617100716,0.0246595349162817
3142,0.023445364087820053,0.024662094190716743
3143,0.02328859083354473,0.024652881547808647
3144,0.02427011728286743,0.024644747376441956
3145,0.02452796883881092,0.024642104282975197
3146,0.02431582845747471,0.024647634476423264
3147,0.022944245487451553,0.024654706940054893
3148,0.023314421996474266,0.024654988199472427
3149,0.02556499093770981,0.0246519036591053
3150,0.025663314387202263,0.024637361988425255
3151,0.024592801928520203,0.024612750858068466
3152,0.024854280054569244,0.024588515982031822
3153,0.023472381755709648,0.02458922192454338
3154,0.025522427633404732,0.024597754701972008
3155,0.023889344185590744,0.02460510842502117
3156,0.024502789601683617,0.024607611820101738
3157,0.021850191056728363,0.024612151086330414
3158,0.02575601451098919,0.02462475374341011
3159,0.023734647780656815,0.024643002077937126
3160,0.024976268410682678,0.024654624983668327
3161,0.02245987579226494,0.02468215860426426
3162,0.02313562110066414,0.024714471772313118
3163,0.023675009608268738,0.02474798448383808
3164,0.023400884121656418,0.02476395294070244
3165,0.022772863507270813,0.02474989928305149
3166,0.024318810552358627,0.024734577164053917
3167,0.02556607499718666,0.02471219003200531
3168,0.02355865016579628,0.02469637431204319
3169,0.024718139320611954,0.024686353281140327
3170,0.023702772334218025,0.024687452241778374
3171,0.022847793996334076,0.02471061237156391
3172,0.023825932294130325,0.0247200820595026
3173,0.023000618442893028,0.024723727256059647
3174,0.023944536224007607,0.02468787506222725
3175,0.024173039942979813,0.024685442447662354
3176,0.024348942562937737,0.024704523384571075
3177,0.022791722789406776,0.02472315914928913
3178,0.02425333485007286,0.024733787402510643
3179,0.02253255434334278,0.024726862087845802
3180,0.024696864187717438,0.024711444973945618
3181,0.023576416075229645,0.02469164878129959
3182,0.022871000692248344,0.024675846099853516
3183,0.025357678532600403,0.02466592751443386
3184,0.023052729666233063,0.024673035368323326
3185,0.023802440613508224,0.024675402790308
3186,0.02461378462612629,0.024675440043210983
3187,0.02508007548749447,0.024673491716384888
3188,0.02332485094666481,0.024671506136655807
3189,0.02448504976928234,0.02467312105000019
3190,0.026125311851501465,0.02466822788119316
3191,0.02374330349266529,0.024668918922543526
3192,0.023118797689676285,0.024658365175127983
3193,0.024564532563090324,0.02464468777179718
3194,0.023200683295726776,0.02463945932686329
3195,0.024461526423692703,0.02462756074965
3196,0.023577440530061722,0.02461821585893631
3197,0.023809663951396942,0.024614624679088593
3198,0.02530502714216709,0.02459779940545559
3199,0.023640399798750877,0.024589180946350098
3200,0.025112200528383255,0.024590810760855675
3201,0.02263788878917694,0.0246026199311018
3202,0.023236138746142387,0.02459411323070526
3203,0.024568384513258934,0.024589266628026962
3204,0.023314906284213066,0.02459869720041752
3205,0.024617841467261314,0.024601705372333527
3206,0.02519332803785801,0.024598317220807076
3207,0.023913806304335594,0.024601303040981293
3208,0.02428503893315792,0.024610420688986778
3209,0.023556925356388092,0.02461964823305607
3210,0.024941060692071915,0.02462245523929596
3211,0.02460903488099575,0.024634599685668945
3212,0.024491945281624794,0.024641990661621094
3213,0.02332065999507904,0.02464207634329796
3214,0.023644868284463882,0.024651024490594864
3215,0.023877188563346863,0.024656059220433235
3216,0.024873562157154083,0.024635570123791695
3217,0.021856842562556267,0.024623051285743713
3218,0.02289646677672863,0.02461780421435833
3219,0.02500002086162567,0.024615520611405373
3220,0.023341558873653412,0.024611907079815865
3221,0.02203088440001011,0.024609794840216637
3222,0.02548132836818695,0.024610310792922974
3223,0.023575419560074806,0.024613605812191963
3224,0.0243860874325037,0.024619027972221375
3225,0.023790542036294937,0.024640223011374474
3226,0.02351352386176586,0.02464323490858078
3227,0.025493159890174866,0.024608489125967026
3228,0.024177923798561096,0.02460908703505993
3229,0.026210395619273186,0.024613574147224426
3230,0.024114880710840225,0.024599501863121986
3231,0.023741796612739563,0.024587588384747505
3232,0.023136122152209282,0.024585101753473282
3233,0.024910422042012215,0.024589652195572853
3234,0.02481873519718647,0.02459709160029888
3235,0.023650070652365685,0.024596888571977615
3236,0.0235329270362854,0.024593867361545563
3237,0.023200368508696556,0.02459743246436119
3238,0.025338947772979736,0.024602044373750687
3239,0.023107124492526054,0.024609584361314774
3240,0.02325575053691864,0.02461562678217888
3241,0.02358824759721756,0.02461838535964489
3242,0.023722834885120392,0.024617141112685204
3243,0.02548789046704769,0.024617362767457962
3244,0.024859944358468056,0.024626512080430984
3245,0.024921346455812454,0.024641864001750946
3246,0.023720473051071167,0.02465992048382759
3247,0.025004522874951363,0.02467506378889084
3248,0.023357946425676346,0.024682091549038887
3249,0.02564263716340065,0.024678146466612816
3250,0.024299589917063713,0.02467838115990162
3251,0.023775089532136917,0.024685129523277283
3252,0.024678800255060196,0.02467992901802063
3253,0.023188410326838493,0.02466447465121746
3254,0.02340989001095295,0.024646447971463203
3255,0.025409286841750145,0.024637693539261818
3256,0.023266639560461044,0.024627700448036194
3257,0.023324089124798775,0.024623017758131027
3258,0.023652665317058563,0.0246217530220747
3259,0.02451651357114315,0.02463812194764614
3260,0.02434752881526947,0.024648183956742287
3261,0.023506775498390198,0.024635642766952515
3262,0.02275305800139904,0.02463577874004841
3263,0.024101141840219498,0.024622034281492233
3264,0.024784106761217117,0.024605747312307358
3265,0.02244003303349018,0.02460971288383007
3266,0.0234404094517231,0.024619434028863907
3267,0.024711808189749718,0.024620691314339638
3268,0.02465590089559555,0.024628126993775368
3269,0.022744230926036835,0.024639351293444633
3270,0.0247314665466547,0.024651069194078445
3271,0.022858113050460815,0.024669893085956573
3272,0.023998599499464035,0.024686045944690704
3273,0.024839915335178375,0.024689313024282455
3274,0.023867545649409294,0.024675758555531502
3275,0.02402142994105816,0.02465115673840046
3276,0.023074163123965263,0.024635016918182373
3277,0.022774215787649155,0.02463299036026001
3278,0.023553133010864258,0.02463481016457081
3279,0.024936379864811897,0.024613894522190094
3280,0.02400168776512146,0.024596450850367546
3281,0.02315625734627247,0.024589501321315765
3282,0.023669864982366562,0.02459382452070713
3283,0.02158108726143837,0.02460199035704136
3284,0.024053286761045456,0.024598725140094757
3285,0.023129155859351158,0.024580001831054688
3286,0.024477645754814148,0.024564659222960472
3287,0.02358504757285118,0.02455267682671547
3288,0.02421167679131031,0.024550171568989754
3289,0.02222418412566185,0.024555521085858345
3290,0.023163268342614174,0.02456587553024292
3291,0.02516309916973114,0.024564286693930626
3292,0.023711467161774635,0.024549514055252075
3293,0.025117497891187668,0.024532319977879524
3294,0.024907322600483894,0.02452358417212963
3295,0.023991001769900322,0.024516930803656578
3296,0.024941902607679367,0.024525893852114677
3297,0.022725466638803482,0.024556877091526985
3298,0.024840131402015686,0.02456180565059185
3299,0.02237265557050705,0.02454926259815693
3300,0.024706894531846046,0.024540234357118607
3301,0.023190813139081,0.024538442492485046
3302,0.024774564430117607,0.024543900042772293
3303,0.023997319862246513,0.024553125724196434
3304,0.024011122062802315,0.024565409868955612
3305,0.023256586864590645,0.02457963488996029
3306,0.02392498590052128,0.024591730907559395
3307,0.024350592866539955,0.024603061378002167
3308,0.025115612894296646,0.02461017295718193
3309,0.022658197209239006,0.024621574208140373
3310,0.02366509661078453,0.02464824914932251
3311,0.024965625256299973,0.024660080671310425
3312,0.024185484275221825,0.02466939017176628
3313,0.024694710969924927,0.02468087524175644
3314,0.024957086890935898,0.02467608079314232
3315,0.023077573627233505,0.024673545733094215
3316,0.024743128567934036,0.024680661037564278
3317,0.023189544677734375,0.024681931361556053
3318,0.025591827929019928,0.02467881701886654
3319,0.022694122046232224,0.024686986580491066
3320,0.02397017925977707,0.0246956255286932
3321,0.023382756859064102,0.024687806144356728
3322,0.02472933568060398,0.024669621139764786
3323,0.02408093400299549,0.024661915376782417
3324,0.02374330349266529,0.02467002533376217
3325,0.02474464848637581,0.024676794186234474
3326,0.024374201893806458,0.024680878967046738
3327,0.023649228736758232,0.02466932311654091
3328,0.024292251095175743,0.024653971195220947
3329,0.024327829480171204,0.024644777178764343
3330,0.02493305504322052,0.024634242057800293
3331,0.02539057843387127,0.0246282909065485
3332,0.023254256695508957,0.024618927389383316
3333,0.023696165531873703,0.024597734212875366
3334,0.02401171810925007,0.024579206481575966
3335,0.02333708480000496,0.024566706269979477
3336,0.02307228185236454,0.02455873414874077
3337,0.023542698472738266,0.024552538990974426
3338,0.024374814704060555,0.024553121998906136
3339,0.02509269304573536,0.024561582133173943
3340,0.026392586529254913,0.024572167545557022
3341,0.024303874000906944,0.024569731205701828
3342,0.02313450165092945,0.024565495550632477
3343,0.022885620594024658,0.024566682055592537
3344,0.025472503155469894,0.024556253105401993
3345,0.023999234661459923,0.024551872164011
3346,0.023951686918735504,0.024553664028644562
3347,0.024630321189761162,0.024554496631026268
3348,0.023666659370064735,0.024562640115618706
3349,0.02386847697198391,0.024565421044826508
3350,0.02484925091266632,0.02455124258995056
3351,0.025762010365724564,0.024545805528759956
3352,0.023951219394803047,0.024548513814806938
3353,0.02422161027789116,0.024546155706048012
3354,0.024337520822882652,0.024546530097723007
3355,0.022960558533668518,0.024569781497120857
3356,0.02377203293144703,0.024591371417045593
3357,0.0233008973300457,0.02457994595170021
3358,0.025607367977499962,0.024569196626544
3359,0.022798657417297363,0.0245742816478014
3360,0.023739708587527275,0.024579912424087524
3361,0.023541325703263283,0.024595733731985092
3362,0.02371044084429741,0.02460479363799095
3363,0.023956745862960815,0.02461392991244793
3364,0.02414795756340027,0.024636823683977127
3365,0.023220250383019447,0.024648895487189293
3366,0.02525395341217518,0.024632437154650688
3367,0.024031776934862137,0.024631859734654427
3368,0.021778305992484093,0.024652564898133278
3369,0.023492863401770592,0.024658089503645897
3370,0.0244909655302763,0.02465631626546383
3371,0.023890690878033638,0.02466091327369213
3372,0.025323353707790375,0.024678422138094902
3373,0.023248137906193733,0.024689268320798874
3374,0.02451036125421524,0.02468954399228096
3375,0.02470891922712326,0.024681633338332176
3376,0.023094389587640762,0.02467740885913372
3377,0.02585463598370552,0.02469339221715927
3378,0.02351999096572399,0.024700762704014778
3379,0.024088814854621887,0.02470535598695278
3380,0.023310786113142967,0.02470593899488449
3381,0.02339957281947136,0.024713149294257164
3382,0.023313168436288834,0.024722985923290253
3383,0.023840390145778656,0.024702521041035652
3384,0.02381237968802452,0.02468930557370186
3385,0.024633118882775307,0.024676229804754257
3386,0.024091525003314018,0.024671366438269615
3387,0.0222278144210577,0.02466285042464733
3388,0.024242455139756203,0.02465013414621353
3389,0.023750586435198784,0.024640027433633804
3390,0.023702023550868034,0.024623123928904533
3391,0.02416861429810524,0.024608401581645012
3392,0.023232752457261086,0.024596938863396645
3393,0.023225124925374985,0.024591656401753426
3394,0.02528388798236847,0.024587517604231834
3395,0.022883012890815735,0.02458673156797886
3396,0.022861795499920845,0.02459009736776352
3397,0.024920396506786346,0.024592112749814987
3398,0.024869689717888832,0.02459310181438923
3399,0.022916279733181,0.02458875998854637
3400,0.025985945016145706,0.024590274319052696
3401,0.024905992671847343,0.024613922461867332
3402,0.023992640897631645,0.02461056225001812
3403,0.023020103573799133,0.024594325572252274
3404,0.024167776107788086,0.02458271011710167
3405,0.02407889999449253,0.02458200603723526
3406,0.023699892684817314,0.024583609774708748
3407,0.02657022885978222,0.024571947753429413
3408,0.024430835619568825,0.024578668177127838
3409,0.0245349258184433,0.02458280511200428
3410,0.023893412202596664,0.02455179952085018
3411,0.022696377709507942,0.024531809613108635
3412,0.02362045831978321,0.02452659234404564
3413,0.025000084191560745,0.024526653811335564
3414,0.024375896900892258,0.02452968992292881
3415,0.023039281368255615,0.024531584233045578
3416,0.024353839457035065,0.02453453838825226
3417,0.02578081749379635,0.024537276476621628
3418,0.023860864341259003,0.024537913501262665
3419,0.02339853160083294,0.02453833632171154
3420,0.02279413864016533,0.024540722370147705
3421,0.025234350934624672,0.024555889889597893
3422,0.02353295125067234,0.024573788046836853
3423,0.024654245004057884,0.024574439972639084
3424,0.026034293696284294,0.02457134611904621
3425,0.023575568571686745,0.024582715705037117
3426,0.024338848888874054,0.02460557408630848
3427,0.02317287214100361,0.02462109364569187
3428,0.022911634296178818,0.02464933879673481
3429,0.024941638112068176,0.02466883882880211
3430,0.02274850755929947,0.024686573073267937
3431,0.0231462474912405,0.02469514310359955
3432,0.025606954470276833,0.024660835042595863
3433,0.023687146604061127,0.024643048644065857
3434,0.023753179237246513,0.02464267984032631
3435,0.023950422182679176,0.02463238500058651
3436,0.02404947020113468,0.02463327907025814
3437,0.0241782758384943,0.024652453139424324
3438,0.024327320978045464,0.024643966928124428
3439,0.024416260421276093,0.02462470531463623
3440,0.024794213473796844,0.0246252603828907
3441,0.023266736418008804,0.024625256657600403
3442,0.024080947041511536,0.024618074297904968
3443,0.02353776805102825,0.024612590670585632
3444,0.021785173565149307,0.02461256831884384
3445,0.023441404104232788,0.02462129294872284
3446,0.023886336013674736,0.024627191945910454
3447,0.021979114040732384,0.024620147421956062
3448,0.021578963845968246,0.02460593357682228
3449,0.023643668740987778,0.024602720513939857
3450,0.023186424747109413,0.024594822898507118
3451,0.02497785910964012,0.024590564891695976
3452,0.022784460335969925,0.024589570239186287
3453,0.02390860579907894,0.02459525689482689
3454,0.024567248299717903,0.024596650153398514
3455,0.023524051532149315,0.024597292765975
3456,0.02180331014096737,0.024596229195594788
3457,0.023540139198303223,0.02459697797894478
3458,0.023891238495707512,0.024609258398413658
3459,0.024464262649416924,0.024627171456813812
3460,0.02328535169363022,0.024622950702905655
3461,0.023668233305215836,0.02460981346666813
3462,0.024759922176599503,0.02461506612598896
3463,0.02226303145289421,0.024623585864901543
3464,0.02408670075237751,0.024591432884335518
3465,0.022867275401949883,0.024571942165493965
3466,0.02393602766096592,0.024572845548391342
3467,0.023680003359913826,0.024578409269452095
3468,0.02397722192108631,0.024588901549577713
3469,0.023503797128796577,0.024613000452518463
3470,0.023461678996682167,0.02462904527783394
3471,0.024649595841765404,0.02462504804134369
3472,0.023516612127423286,0.0246281698346138
3473,0.02445041388273239,0.02463163249194622
3474,0.02215350978076458,0.024632379412651062
3475,0.023795805871486664,0.024616528302431107
3476,0.023689821362495422,0.02460431307554245
3477,0.02318132109940052,0.024600688368082047
3478,0.023550713434815407,0.02460264042019844
3479,0.0251862034201622,0.024610666558146477
3480,0.021790195256471634,0.02463885396718979
3481,0.02346206270158291,0.02465992234647274
3482,0.02264523319900036,0.024660851806402206
3483,0.02465597353875637,0.024645788595080376
3484,0.025960218161344528,0.024656053632497787
3485,0.023078855127096176,0.024673093110322952
3486,0.022380618378520012,0.02467547170817852
3487,0.0243525430560112,0.024659372866153717
3488,0.022537318989634514,0.024676047265529633
3489,0.023205509409308434,0.02469361014664173
3490,0.023842666298151016,0.02468787133693695
3491,0.02467607706785202,0.024667205289006233
3492,0.024537138640880585,0.02465839497745037
3493,0.024404486641287804,0.024660848081111908
3494,0.02512366883456707,0.02465704083442688
3495,0.02320917509496212,0.024657055735588074
3496,0.024569477885961533,0.024674439802765846
3497,0.02502153068780899,0.024653978645801544
3498,0.023923732340335846,0.024622177705168724
3499,0.024089904502034187,0.024599868804216385
3500,0.024121051654219627,0.02459288202226162
3501,0.023163141682744026,0.024587947875261307
3502,0.02396601438522339,0.024585988372564316
3503,0.022882575169205666,0.024614790454506874
3504,0.024423863738775253,0.024654943495988846
3505,0.024058213457465172,0.024673130363225937
3506,0.025043705478310585,0.02464613877236843
3507,0.02390184812247753,0.024654589593410492
3508,0.022581804543733597,0.02466980181634426
3509,0.02350441925227642,0.024675196036696434
3510,0.023694589734077454,0.024661224335432053
3511,0.024622811004519463,0.02465488202869892
3512,0.023824987933039665,0.02465876191854477
3513,0.02346334420144558,0.024662386626005173
3514,0.024978064000606537,0.02466127835214138
3515,0.023175353184342384,0.02466457523405552
3516,0.02356119267642498,0.02465948276221752
3517,0.022971244528889656,0.02464977838099003
3518,0.02459001913666725,0.024642283096909523
3519,0.023977963253855705,0.024638451635837555
3520,0.024826522916555405,0.024639315903186798
3521,0.023859653621912003,0.02465067431330681
3522,0.024090440943837166,0.024694636464118958
3523,0.024569880217313766,0.02471308410167694
3524,0.024650629609823227,0.024668246507644653
3525,0.022329095751047134,0.024643657729029655
3526,0.024526750668883324,0.024638397619128227
3527,0.023795288056135178,0.024652305990457535
3528,0.024793578311800957,0.024665016680955887
3529,0.0233900249004364,0.02465921826660633
3530,0.02254004217684269,0.02468263916671276
3531,0.024230914190411568,0.024717649444937706
3532,0.02315419912338257,0.024716276675462723
3533,0.022597044706344604,0.024678215384483337
3534,0.024770274758338928,0.024668239057064056
3535,0.022433070465922356,0.024683913215994835
3536,0.023561881855130196,0.024686388671398163
3537,0.023381831124424934,0.024669215083122253
3538,0.022930707782506943,0.024671468883752823
3539,0.023614322766661644,0.024710476398468018
3540,0.024884559214115143,0.02471199259161949
3541,0.02572523057460785,0.024701518937945366
3542,0.023453274741768837,0.024661649018526077
3543,0.02380702830851078,0.02465854212641716
3544,0.02391803450882435,0.02465808019042015
3545,0.024125395342707634,0.024646658450365067
3546,0.024355679750442505,0.024625135585665703
3547,0.023730522021651268,0.024627257138490677
3548,0.022515300661325455,0.024636682122945786
3549,0.02341410517692566,0.024652983993291855
3550,0.023559175431728363,0.02464091219007969
3551,0.023359384387731552,0.024617081508040428
3552,0.024913953617215157,0.024602612480521202
3553,0.02335738018155098,0.024611180648207664
3554,0.024269921705126762,0.024610962718725204
3555,0.023747069761157036,0.02459142357110977
3556,0.024569300934672356,0.024587681517004967
3557,0.024929706007242203,0.024593587964773178
3558,0.0256152655929327,0.02460096776485443
3559,0.023366931825876236,0.02459666319191456
3560,0.02312633953988552,0.024588676169514656
3561,0.02213274873793125,0.024592792615294456
3562,0.022777598351240158,0.024594472721219063
3563,0.02422100119292736,0.02460457943379879
3564,0.02468372881412506,0.024601897224783897
3565,0.024991502985358238,0.024590037763118744
3566,0.024657050147652626,0.024593127891421318
3567,0.0254212599247694,0.02458983287215233
3568,0.025231435894966125,0.024586064741015434
3569,0.02474999614059925,0.024578670039772987
3570,0.0247360710054636,0.024580391123890877
3571,0.02297173999249935,0.024581462144851685
3572,0.022906921803951263,0.024576665833592415
3573,0.02174953930079937,0.024569423869252205
3574,0.025130456313490868,0.024563530460000038
3575,0.024428537115454674,0.024571126326918602
3576,0.024768630042672157,0.02458258718252182
3577,0.024779044091701508,0.02457531914114952
3578,0.024389373138546944,0.02457842417061329
3579,0.02221788465976715,0.0245905090123415
3580,0.025223350152373314,0.02460530214011669
3581,0.024173589423298836,0.024619463831186295
3582,0.022178426384925842,0.024648327380418777
3583,0.025011209771037102,0.024661773815751076
3584,0.024629758670926094,0.024642879143357277
3585,0.02277345210313797,0.02462979406118393
3586,0.02316826768219471,0.02462451532483101
3587,0.02272298000752926,0.024617401883006096
3588,0.024778826162219048,0.0246079433709383
3589,0.02392977476119995,0.02459871582686901
3590,0.02427145093679428,0.024600906297564507
3591,0.023582661524415016,0.024606097489595413
3592,0.024174761027097702,0.02460237592458725
3593,0.02421535551548004,0.024597028270363808
3594,0.023503825068473816,0.024589253589510918
3595,0.024023549631237984,0.024578921496868134
3596,0.024540472775697708,0.0245787613093853
3597,0.02334076538681984,0.024568770080804825
3598,0.024052081629633904,0.02457362227141857
3599,0.02358127012848854,0.02459719404578209
3600,0.024415338411927223,0.024626119062304497
3601,0.024287907406687737,0.024623047560453415
3602,0.024734903126955032,0.024617236107587814
3603,0.02279289811849594,0.024631446227431297
3604,0.025541771203279495,0.024639733135700226
3605,0.02449292503297329,0.024633541703224182
3606,0.023636141791939735,0.02462277002632618
3607,0.024008754640817642,0.024620739743113518
3608,0.02355342172086239,0.02462219074368477
3609,0.024737650528550148,0.024609753862023354
3610,0.024080362170934677,0.024589456617832184
3611,0.02264389954507351,0.024589689448475838
3612,0.024091891944408417,0.024605780839920044
3613,0.02305823750793934,0.024601740762591362
3614,0.022682765498757362,0.024572333320975304
3615,0.024182340130209923,0.024584949016571045
3616,0.024061568081378937,0.02464035525918007
3617,0.024124247953295708,0.024639248847961426
3618,0.024420378729701042,0.024588394910097122
3619,0.024698760360479355,0.024576235562562943
3620,0.02266201563179493,0.024592457339167595
3621,0.023748129606246948,0.024598846212029457
3622,0.02497612126171589,0.02457248605787754
3623,0.023490162566304207,0.02454526722431183
3624,0.024762775748968124,0.024567121639847755
3625,0.023743603378534317,0.02459612488746643
3626,0.022937927395105362,0.024588199332356453
3627,0.023568717762827873,0.024572845548391342
3628,0.02326802723109722,0.024573730304837227
3629,0.02560495026409626,0.024592451751232147
3630,0.024686750024557114,0.024611111730337143
3631,0.025129320099949837,0.02459634654223919
3632,0.023623967543244362,0.024592628702521324
3633,0.024326451122760773,0.024614403024315834
3634,0.023387713357806206,0.024625949561595917
3635,0.02359471656382084,0.02461458370089531
3636,0.022477272897958755,0.024602048099040985
3637,0.025381889194250107,0.0246083103120327
3638,0.023662714287638664,0.024621551856398582
3639,0.02377299591898918,0.024614199995994568
3640,0.021974559873342514,0.02461559884250164
3641,0.02405088022351265,0.024645837023854256
3642,0.022220425307750702,0.024672463536262512
3643,0.024162784218788147,0.0246427021920681
3644,0.02406291849911213,0.02464471384882927
3645,0.02403390221297741,0.024664277210831642
3646,0.024583354592323303,0.02464769035577774
3647,0.023903990164399147,0.02461627870798111
3648,0.022287307307124138,0.02459525689482689
3649,0.023998282849788666,0.024594012647867203
3650,0.022552812471985817,0.024592572823166847
3651,0.024977222084999084,0.024566814303398132
3652,0.023355094715952873,0.024541780352592468
3653,0.0248700100928545,0.024537693709135056
3654,0.023766377940773964,0.024552082642912865
3655,0.02307458035647869,0.0245611984282732
3656,0.024033227935433388,0.02455979958176613
3657,0.02517368644475937,0.02455912157893181
3658,0.023482460528612137,0.024582820013165474
3659,0.024877745658159256,0.02458290383219719
3660,0.024366674944758415,0.024573160335421562
3661,0.024008402600884438,0.024559903889894485
3662,0.024441316723823547,0.024545930325984955
3663,0.023531178012490273,0.02454577572643757
3664,0.024064017459750175,0.0245419479906559
3665,0.02364538237452507,0.024545148015022278
3666,0.022458216175436974,0.02455940656363964
3667,0.024458009749650955,0.02455679327249527
3668,0.024318257346749306,0.024550626054406166
3669,0.025609180331230164,0.02453972026705742
3670,0.022096915170550346,0.024539483711123466
3671,0.02316811867058277,0.02455730177462101
3672,0.023858223110437393,0.02457283064723015
3673,0.024425527080893517,0.02457316778600216
3674,0.02421528473496437,0.02458929270505905
3675,0.02374662458896637,0.02460845187306404
3676,0.022644177079200745,0.024624332785606384
3677,0.023934008553624153,0.02463158778846264
3678,0.023221420124173164,0.024644119665026665
3679,0.02421610988676548,0.024650143459439278
3680,0.025046180933713913,0.024646004661917686
3681,0.025756917893886566,0.02463727630674839
3682,0.02283128723502159,0.024619443342089653
3683,0.0251653790473938,0.024618277326226234
3684,0.02586299553513527,0.024613961577415466
3685,0.023569637909531593,0.02461320534348488
3686,0.02395099587738514,0.024610688909888268
3687,0.024411840364336967,0.02459985576570034
3688,0.025140242651104927,0.024604562669992447
3689,0.023424405604600906,0.024612972512841225
3690,0.02360488660633564,0.02461407706141472
3691,0.024835746735334396,0.024618878960609436
3692,0.025309672579169273,0.02461504377424717
3693,0.023578284308314323,0.0246115755289793
3694,0.024132883176207542,0.024612948298454285
3695,0.023840436711907387,0.02461014874279499
3696,0.023098794743418694,0.024617306888103485
3697,0.024769531562924385,0.02460631914436817
3698,0.024349605664610863,0.02460012212395668
3699,0.02330276556313038,0.024597901850938797
3700,0.02365139313042164,0.024596937000751495
3701,0.023953262716531754,0.0245995931327343
3702,0.02416600100696087,0.02460106462240219
3703,0.02222616970539093,0.024608805775642395
3704,0.02292572520673275,0.02463112398982048
3705,0.024870024994015694,0.02462615817785263
3706,0.02142375521361828,0.024624286219477654
3707,0.022790899500250816,0.024614008143544197
3708,0.02469390630722046,0.024606719613075256
3709,0.023645173758268356,0.02460459992289543
3710,0.02267834171652794,0.024593455716967583
3711,0.023890381678938866,0.024586141109466553
3712,0.024646485224366188,0.02459893561899662
3713,0.02440069615840912,0.02462376281619072
3714,0.02387138269841671,0.0245809368789196
3715,0.02426495961844921,0.02456100657582283
3716,0.024354027584195137,0.02457512356340885
3717,0.025140482932329178,0.024593472480773926
3718,0.026410076767206192,0.02457110956311226
3719,0.02472248300909996,0.0245865136384964
3720,0.024803128093481064,0.024630198255181313
3721,0.025684157386422157,0.024636603891849518
3722,0.025518490001559258,0.02459626831114292
3723,0.022891821339726448,0.024600230157375336
3724,0.023988895118236542,0.024642521515488625
3725,0.02473272942006588,0.024657586589455605
3726,0.02418920025229454,0.024593017995357513
3727,0.025541018694639206,0.024581169709563255
3728,0.022082248702645302,0.024705708026885986
3729,0.02381918579339981,0.02471611276268959
3730,0.022766778245568275,0.024601532146334648
3731,0.022029319778084755,0.024580270051956177
3732,0.024185115471482277,0.024604110047221184
3733,0.02386457659304142,0.02459055185317993
3734,0.02282964251935482,0.024568311870098114
3735,0.023959867656230927,0.024607684463262558
3736,0.02454449236392975,0.02465471439063549
3737,0.02396705187857151,0.024639928713440895
3738,0.022464433684945107,0.024588357657194138
3739,0.022850681096315384,0.024597307667136192
3740,0.025213217362761497,0.024638550356030464
3741,0.02298988774418831,0.024646446108818054
3742,0.02369754947721958,0.02463773638010025
3743,0.024579321965575218,0.024643583223223686
3744,0.024770667776465416,0.024707987904548645
3745,0.02298436127603054,0.02475760690867901
3746,0.024757899343967438,0.02471504546701908
3747,0.023964110761880875,0.02468615211546421
3748,0.023710383102297783,0.0246867835521698
3749,0.0243972260504961,0.024690667167305946
3750,0.025038274005055428,0.024669060483574867
3751,0.025230610743165016,0.024655189365148544
3752,0.02428223192691803,0.024660034105181694
3753,0.025135839357972145,0.02469618059694767
3754,0.024838903918862343,0.024677395820617676
3755,0.021897418424487114,0.02466011978685856
3756,0.024946492165327072,0.02467290312051773
3757,0.023994870483875275,0.024686597287654877
3758,0.026132844388484955,0.024699240922927856
3759,0.023667536675930023,0.024728404358029366
3760,0.02535899728536606,0.024780211970210075
3761,0.024413878098130226,0.02480567991733551
3762,0.024913940578699112,0.024821436032652855
3763,0.02455556020140648,0.024847010150551796
3764,0.023896774277091026,0.024839652702212334
3765,0.022746572270989418,0.02481377311050892
3766,0.02265373431146145,0.024803582578897476
3767,0.024983886629343033,0.02480507828295231
3768,0.022475259378552437,0.024801773950457573
3769,0.023415811359882355,0.024801570922136307
3770,0.02550603821873665,0.024800827726721764
3771,0.024023108184337616,0.024801423773169518
3772,0.024708183482289314,0.024802934378385544
3773,0.022670691832900047,0.024803126230835915
3774,0.02361791953444481,0.024797851219773293
3775,0.0228837002068758,0.024799639359116554
3776,0.022941946983337402,0.02481045387685299
3777,0.027395958080887794,0.024780521169304848
3778,0.022304987534880638,0.024752695113420486
3779,0.022824030369520187,0.02471998520195484
3780,0.023749884217977524,0.024706225842237473
3781,0.023766174912452698,0.024699578061699867
3782,0.023626765236258507,0.024693313986063004
3783,0.02416263148188591,0.0246833898127079
3784,0.023669973015785217,0.02468188852071762
3785,0.02231842279434204,0.02467283047735691
3786,0.025451362133026123,0.02466478943824768
3787,0.02281525917351246,0.024662863463163376
3788,0.02240399457514286,0.02465028129518032
3789,0.02225526049733162,0.02463827095925808
3790,0.023441506549715996,0.024635663256049156
3791,0.02402656525373459,0.024643171578645706
3792,0.02521766722202301,0.024637067690491676
3793,0.022908978164196014,0.024638356640934944
3794,0.025060957297682762,0.024647261947393417
3795,0.02493550442159176,0.02465548738837242
3796,0.02374514378607273,0.024664564058184624
3797,0.02374042011797428,0.024666279554367065
3798,0.024258436635136604,0.0246664360165596
3799,0.025844328105449677,0.02466665767133236
