,train_loss,test_loss
0,0.03062109835445881,0.030855275690555573
1,0.029777541756629944,0.03070005029439926
2,0.02860819175839424,0.030507447198033333
3,0.031835705041885376,0.030315278097987175
4,0.03054414689540863,0.03013608790934086
5,0.028613442555069923,0.02997642382979393
6,0.0291092898696661,0.029840465635061264
7,0.030704082921147346,0.029728645458817482
8,0.029264651238918304,0.029642878100275993
9,0.029797427356243134,0.029567498713731766
10,0.029523130506277084,0.029494022950530052
11,0.03126605972647667,0.02942913956940174
12,0.03155955672264099,0.029374446719884872
13,0.028290364891290665,0.029332775622606277
14,0.030932510271668434,0.029298163950443268
15,0.030446847900748253,0.029267020523548126
16,0.0288066528737545,0.02924223057925701
17,0.02867732383310795,0.02922273427248001
18,0.030572114512324333,0.02920551598072052
19,0.029141495004296303,0.029187360778450966
20,0.028765970841050148,0.029168609529733658
21,0.027766453102231026,0.029146909713745117
22,0.03014829009771347,0.029124828055500984
23,0.028553441166877747,0.02910352498292923
24,0.028905726969242096,0.029081638902425766
25,0.028480345383286476,0.02906183712184429
26,0.028030825778841972,0.02904168888926506
27,0.028460444882512093,0.029023131355643272
28,0.029230860993266106,0.029003793373703957
29,0.02800615318119526,0.0289826188236475
30,0.02974393591284752,0.028962794691324234
31,0.02918081171810627,0.028944851830601692
32,0.028447763994336128,0.028924735262989998
33,0.029678920283913612,0.02890751138329506
34,0.02779059112071991,0.028891144320368767
35,0.029032358899712563,0.028874440118670464
36,0.02680220641195774,0.028857162222266197
37,0.028525862842798233,0.028839092701673508
38,0.029954759404063225,0.02881912887096405
39,0.02979738637804985,0.028796905651688576
40,0.027200980111956596,0.02877684310078621
41,0.028205037117004395,0.028757603839039803
42,0.028012124821543694,0.02873697131872177
43,0.027685072273015976,0.028717726469039917
44,0.028120314702391624,0.02870282158255577
45,0.029521899297833443,0.02868839167058468
46,0.027740154415369034,0.02867751382291317
47,0.02894822508096695,0.028666861355304718
48,0.0278127770870924,0.028654251247644424
49,0.028462646529078484,0.028646498918533325
50,0.02875295653939247,0.028633546084165573
51,0.02823665924370289,0.028620878234505653
52,0.02998453378677368,0.02861206978559494
53,0.028351157903671265,0.028601907193660736
54,0.02771104872226715,0.028586627915501595
55,0.02934064157307148,0.0285724438726902
56,0.028622528538107872,0.02856045961380005
57,0.029291076585650444,0.028546497225761414
58,0.029253559187054634,0.02853281982243061
59,0.027644675225019455,0.02851610817015171
60,0.03012797422707081,0.028503207489848137
61,0.02878004126250744,0.028486566618084908
62,0.030612263828516006,0.028470493853092194
63,0.02714901976287365,0.028450259938836098
64,0.027986155822873116,0.028432324528694153
65,0.028660381212830544,0.02841377817094326
66,0.029615338891744614,0.028396818786859512
67,0.026510287076234818,0.0283860694617033
68,0.029295822605490685,0.028374433517456055
69,0.02950190380215645,0.028360743075609207
70,0.029152479022741318,0.02835344336926937
71,0.027188194915652275,0.028345275670289993
72,0.029314229264855385,0.028336694464087486
73,0.030296292155981064,0.028325708582997322
74,0.03216279670596123,0.028314562514424324
75,0.02837715856730938,0.02830265276134014
76,0.0304001122713089,0.028290627524256706
77,0.02929079905152321,0.028282513841986656
78,0.027080701664090157,0.028266819193959236
79,0.02849647030234337,0.028252001851797104
80,0.029759593307971954,0.028238652274012566
81,0.028721880167722702,0.028218626976013184
82,0.028220772743225098,0.02819911018013954
83,0.02715657278895378,0.028181249275803566
84,0.028069674968719482,0.028167497366666794
85,0.02746133878827095,0.028156710788607597
86,0.026417989283800125,0.02813870832324028
87,0.028894931077957153,0.028121905401349068
88,0.02849057875573635,0.028099896386265755
89,0.03004729188978672,0.028081020340323448
90,0.027664219960570335,0.028062963858246803
91,0.02962658368051052,0.028040902689099312
92,0.02707141451537609,0.028019631281495094
93,0.026598814874887466,0.028004944324493408
94,0.027140136808156967,0.027981629595160484
95,0.028688017278909683,0.027962250635027885
96,0.02805553935468197,0.027938496321439743
97,0.02765285223722458,0.02792036347091198
98,0.027167635038495064,0.027908869087696075
99,0.028016045689582825,0.02789917215704918
100,0.028168708086013794,0.027890948578715324
101,0.029243752360343933,0.02787749096751213
102,0.027425503358244896,0.0278579480946064
103,0.02810848131775856,0.027838462963700294
104,0.02767959050834179,0.027819043025374413
105,0.02583162672817707,0.02780185639858246
106,0.028172574937343597,0.027788542211055756
107,0.027432236820459366,0.027777325361967087
108,0.025259552523493767,0.027750195935368538
109,0.028542960062623024,0.02771143428981304
110,0.027472222223877907,0.02766566351056099
111,0.027986200526356697,0.027620574459433556
112,0.02698393724858761,0.027588538825511932
113,0.026826046407222748,0.027561839669942856
114,0.02832696959376335,0.0275462344288826
115,0.02774837613105774,0.027533289045095444
116,0.025551704689860344,0.027517708018422127
117,0.025606464594602585,0.027487266808748245
118,0.027537554502487183,0.027469495311379433
119,0.025882767513394356,0.027439508587121964
120,0.027267305180430412,0.027389146387577057
121,0.025758782401680946,0.02734992280602455
122,0.026268672198057175,0.02731618843972683
123,0.027310365810990334,0.02728763036429882
124,0.028968971222639084,0.027268096804618835
125,0.027143817394971848,0.027226390317082405
126,0.02619311213493347,0.027187498286366463
127,0.027051765471696854,0.02714703232049942
128,0.02687646448612213,0.027103757485747337
129,0.02522372081875801,0.027065355330705643
130,0.027805082499980927,0.027039892971515656
131,0.02587566152215004,0.027010610327124596
132,0.024941137060523033,0.026968197897076607
133,0.026696326211094856,0.026942601427435875
134,0.02683420106768608,0.026923581957817078
135,0.02813449501991272,0.026900749653577805
136,0.0286431685090065,0.026861686259508133
137,0.027046235278248787,0.026812275871634483
138,0.026793384924530983,0.026787355542182922
139,0.026452073827385902,0.026762504130601883
140,0.02546197921037674,0.026722732931375504
141,0.026550136506557465,0.02669108845293522
142,0.02783232182264328,0.026643622666597366
143,0.02545241080224514,0.026604918763041496
144,0.02577630989253521,0.026556305587291718
145,0.025929667055606842,0.026512037962675095
146,0.025795362889766693,0.02647896483540535
147,0.027126263827085495,0.02644721418619156
148,0.02537999302148819,0.02643861249089241
149,0.02741091325879097,0.02642027847468853
150,0.025639759376645088,0.026393162086606026
151,0.027508165687322617,0.02633564919233322
152,0.02592582255601883,0.026278194040060043
153,0.027334656566381454,0.026238633319735527
154,0.025313228368759155,0.026223231106996536
155,0.02740045264363289,0.026183465495705605
156,0.027685144916176796,0.026127086952328682
157,0.02495807409286499,0.02610343135893345
158,0.02683575451374054,0.026072174310684204
159,0.02523638866841793,0.02604655921459198
160,0.024853626266121864,0.026050550863146782
161,0.02498169243335724,0.026044689118862152
162,0.025621633976697922,0.026035357266664505
163,0.027386989444494247,0.025998936966061592
164,0.025594595819711685,0.025948889553546906
165,0.025174656882882118,0.02588767558336258
166,0.026482820510864258,0.02585192210972309
167,0.026018476113677025,0.02583318017423153
168,0.02480531670153141,0.025812407955527306
169,0.026165612041950226,0.02576487511396408
170,0.025528062134981155,0.02572399377822876
171,0.02529698610305786,0.025685017928481102
172,0.026093915104866028,0.025660309940576553
173,0.02716725505888462,0.025639353320002556
174,0.025768853724002838,0.025626318529248238
175,0.0264870785176754,0.025604750961065292
176,0.025901945307850838,0.025573018938302994
177,0.026625612750649452,0.025548696517944336
178,0.02540861815214157,0.02551104873418808
179,0.02629896253347397,0.025465598329901695
180,0.025133337825536728,0.025438891723752022
181,0.024841446429491043,0.025418398901820183
182,0.02528265491127968,0.02540184184908867
183,0.025474103167653084,0.025403279811143875
184,0.02616143226623535,0.02537306398153305
185,0.02680809050798416,0.025333670899271965
186,0.024723252281546593,0.025287916883826256
187,0.025337493047118187,0.02523883432149887
188,0.026203155517578125,0.02520798332989216
189,0.024063758552074432,0.02519085444509983
190,0.024969158694148064,0.02519439347088337
191,0.025372566655278206,0.02520255744457245
192,0.024677304551005363,0.025174038484692574
193,0.024620672687888145,0.025136001408100128
194,0.024406876415014267,0.025111092254519463
195,0.0238785520195961,0.025111429393291473
196,0.025258688256144524,0.025088300928473473
197,0.0259568952023983,0.025074288249015808
198,0.024123813956975937,0.025061191990971565
199,0.02513299696147442,0.0250287763774395
200,0.025336282327771187,0.024979596957564354
201,0.02597513608634472,0.02496536262333393
202,0.023890936747193336,0.024952571839094162
203,0.02386125735938549,0.02496005780994892
204,0.025630880147218704,0.02491077594459057
205,0.02462363801896572,0.024853117763996124
206,0.024895021691918373,0.024806620553135872
207,0.025798354297876358,0.024785682559013367
208,0.02568458765745163,0.024791279807686806
209,0.023535417392849922,0.024826006963849068
210,0.026072552427649498,0.024838998913764954
211,0.02419072762131691,0.024821048602461815
212,0.022157449275255203,0.024776464328169823
213,0.02430497668683529,0.02471727877855301
214,0.02589738555252552,0.024693366140127182
215,0.02413216419517994,0.024669267237186432
216,0.024090807884931564,0.024666495621204376
217,0.02527172863483429,0.024647733196616173
218,0.02309965156018734,0.024649055674672127
219,0.02763133868575096,0.024644609540700912
220,0.024554599076509476,0.024619227275252342
221,0.022168364375829697,0.024603912606835365
222,0.024156542494893074,0.024585669860243797
223,0.023770010098814964,0.024558991193771362
224,0.024845656007528305,0.02453850582242012
225,0.024893293157219887,0.024546930566430092
226,0.025015754625201225,0.024559006094932556
227,0.023425020277500153,0.024556729942560196
228,0.02292262576520443,0.024553073570132256
229,0.024144086986780167,0.02454248070716858
230,0.02419188804924488,0.02452942356467247
231,0.024113403633236885,0.024522565305233
232,0.027336981147527695,0.024479828774929047
233,0.025626813992857933,0.024419113993644714
234,0.02562611922621727,0.024388186633586884
235,0.023626120761036873,0.024411283433437347
236,0.02416067384183407,0.02444031834602356
237,0.021901331841945648,0.024476272985339165
238,0.025354057550430298,0.02449011616408825
239,0.023749258369207382,0.024463828653097153
240,0.0257074236869812,0.024430688470602036
241,0.023092787712812424,0.024389440193772316
242,0.024928051978349686,0.024352997541427612
243,0.024245113134384155,0.024349333718419075
244,0.0247537549585104,0.024368425831198692
245,0.027246873825788498,0.02439308911561966
246,0.025582632049918175,0.02439822070300579
247,0.025579405948519707,0.02439088001847267
248,0.025137607008218765,0.024381160736083984
249,0.023151777684688568,0.024386389181017876
250,0.023653540760278702,0.024363555014133453
251,0.024359848350286484,0.024363385513424873
252,0.02200241945683956,0.024347838014364243
253,0.023896735161542892,0.024305013939738274
254,0.021403012797236443,0.024267178028821945
255,0.02506580948829651,0.024233603850007057
256,0.024905182421207428,0.024216115474700928
257,0.027086997404694557,0.024212678894400597
258,0.02598097175359726,0.0241974089294672
259,0.023463638499379158,0.024187110364437103
260,0.02392517402768135,0.024182308465242386
261,0.022427087649703026,0.024194424971938133
262,0.023810802027583122,0.024214038625359535
263,0.02253466285765171,0.024211756885051727
264,0.02415679767727852,0.0242037083953619
265,0.024478714913129807,0.024183165282011032
266,0.024116965010762215,0.02416449785232544
267,0.02407216653227806,0.024142857640981674
268,0.024446621537208557,0.02413117326796055
269,0.022887757048010826,0.02413342334330082
270,0.02271820604801178,0.024112343788146973
271,0.024747010320425034,0.024095812812447548
272,0.02319183014333248,0.024100784212350845
273,0.025286611169576645,0.024082297459244728
274,0.022540917620062828,0.024095885455608368
275,0.024517308920621872,0.02411051280796528
276,0.024233616888523102,0.024125684052705765
277,0.02377757616341114,0.024123884737491608
278,0.02517608366906643,0.024122187867760658
279,0.02475650981068611,0.02409176714718342
280,0.022101929411292076,0.024080615490674973
281,0.02376650460064411,0.02406729944050312
282,0.023747636005282402,0.024059029296040535
283,0.02260063774883747,0.024070220068097115
284,0.023662704974412918,0.02407255955040455
285,0.02390746958553791,0.024080757051706314
286,0.024089336395263672,0.02407902292907238
287,0.022667180746793747,0.024083204567432404
288,0.02317158132791519,0.02407320961356163
289,0.02658877521753311,0.02406294085085392
290,0.02390005812048912,0.024043243378400803
291,0.023661760613322258,0.024031346663832664
292,0.02359408140182495,0.024009281769394875
293,0.023862199857831,0.023986579850316048
294,0.024540256708860397,0.023980235680937767
295,0.02166864462196827,0.02398516982793808
296,0.024148428812623024,0.023983562365174294
297,0.02309742197394371,0.02398703619837761
298,0.025490090250968933,0.02397261932492256
299,0.024447893723845482,0.023940077051520348
300,0.024357406422495842,0.02392149530351162
301,0.022906584665179253,0.02390962466597557
302,0.02686432935297489,0.023922128602862358
303,0.02315392903983593,0.023949136957526207
304,0.02468659169971943,0.0239711944013834
305,0.024369627237319946,0.023984160274267197
306,0.02572900615632534,0.02396564371883869
307,0.02316286973655224,0.023931045085191727
308,0.02349545806646347,0.02390618622303009
309,0.023661842569708824,0.023896189406514168
310,0.025848519057035446,0.023874253034591675
311,0.023714976385235786,0.023896552622318268
312,0.02260700613260269,0.02390109933912754
313,0.02441679872572422,0.0238950252532959
314,0.022374317049980164,0.02388361096382141
315,0.02327907457947731,0.02386004664003849
316,0.022135701030492783,0.023849477991461754
317,0.021809445694088936,0.02385510876774788
318,0.023578982800245285,0.023870162665843964
319,0.023360896855592728,0.023881465196609497
320,0.022561954334378242,0.023889770731329918
321,0.023867810145020485,0.023872876539826393
322,0.023669948801398277,0.0238555409014225
323,0.02425643801689148,0.023847702890634537
324,0.024120047688484192,0.023829035460948944
325,0.023954885080456734,0.023810412734746933
326,0.023817075416445732,0.0238164272159338
327,0.021481899544596672,0.023813510313630104
328,0.022834626957774162,0.023825252428650856
329,0.024457156658172607,0.023836953565478325
330,0.02258644439280033,0.02384316548705101
331,0.02235649712383747,0.023815294727683067
332,0.023967284709215164,0.023774825036525726
333,0.023471280932426453,0.023742537945508957
334,0.02249681018292904,0.02370738796889782
335,0.023166345432400703,0.02368258312344551
336,0.0238654688000679,0.02366333082318306
337,0.023428233340382576,0.023658746853470802
338,0.023515667766332626,0.023671388626098633
339,0.024012800306081772,0.023679841309785843
340,0.023707624524831772,0.02369200624525547
341,0.02140972949564457,0.023722447454929352
342,0.02260931022465229,0.02375972270965576
343,0.023110168054699898,0.023772932589054108
344,0.02393626794219017,0.023757975548505783
345,0.023789135739207268,0.023752300068736076
346,0.02505403943359852,0.02374592423439026
347,0.024773472920060158,0.02374257519841194
348,0.024096529930830002,0.02373395301401615
349,0.02367294207215309,0.023721246048808098
350,0.023494303226470947,0.02370714582502842
351,0.022883208468556404,0.023693153634667397
352,0.024435514584183693,0.02367313951253891
353,0.0209831390529871,0.02366318739950657
354,0.023074738681316376,0.023653840646147728
355,0.024240726605057716,0.023632869124412537
356,0.0240502767264843,0.023618172854185104
357,0.022815050557255745,0.023617619648575783
358,0.022335996851325035,0.023603973910212517
359,0.02339738793671131,0.023593876510858536
360,0.021897457540035248,0.023590588942170143
361,0.023243090137839317,0.023607594892382622
362,0.022968443110585213,0.02361110970377922
363,0.02384878881275654,0.02362344041466713
364,0.02412578836083412,0.02362818643450737
365,0.023049375042319298,0.023623332381248474
366,0.02360546588897705,0.023621806874871254
367,0.023411227390170097,0.023629488423466682
368,0.022959057241678238,0.023632248863577843
369,0.021842431277036667,0.02363676019012928
370,0.02196761965751648,0.023640858009457588
371,0.022945325821638107,0.023628385737538338
372,0.02277970314025879,0.023585721850395203
373,0.023446211591362953,0.023556996136903763
374,0.02317824214696884,0.02353375032544136
375,0.022695286199450493,0.023525159806013107
376,0.022704577073454857,0.02352084591984749
377,0.023038076236844063,0.023531921207904816
378,0.022915706038475037,0.023540988564491272
379,0.024285217747092247,0.023520298302173615
380,0.025652483105659485,0.023508727550506592
381,0.024047479033470154,0.023477844893932343
382,0.02357317879796028,0.02346697635948658
383,0.024507097899913788,0.02346765249967575
384,0.02299879677593708,0.02347278967499733
385,0.02369135618209839,0.02347727306187153
386,0.022127877920866013,0.02347925677895546
387,0.024744052439928055,0.02349155582487583
388,0.023274509236216545,0.023494679480791092
389,0.024863529950380325,0.023489121347665787
390,0.022825082764029503,0.02347412519156933
391,0.024642955511808395,0.02346586436033249
392,0.024914002045989037,0.02345092222094536
393,0.023766204714775085,0.023459959775209427
394,0.023701325058937073,0.023455314338207245
395,0.024994123727083206,0.0234658382833004
396,0.021932922303676605,0.023482630029320717
397,0.02439398691058159,0.023498717695474625
398,0.02341456711292267,0.023505669087171555
399,0.024025052785873413,0.02348989062011242
400,0.02320840395987034,0.023471606895327568
401,0.022885935381054878,0.023442739620804787
402,0.023372286930680275,0.0234291460365057
403,0.02359284833073616,0.02343030832707882
404,0.02259170636534691,0.02341327629983425
405,0.023211995139718056,0.023423921316862106
406,0.022984683513641357,0.02343217097222805
407,0.022455552592873573,0.02344587631523609
408,0.024997185915708542,0.023440178483724594
409,0.024851810187101364,0.02341705560684204
410,0.023937584832310677,0.023415610194206238
411,0.021946199238300323,0.023401841521263123
412,0.02201073057949543,0.023391615599393845
413,0.022354068234562874,0.023383913561701775
414,0.024703316390514374,0.023375697433948517
415,0.023227930068969727,0.023360474035143852
416,0.02310549095273018,0.02335589937865734
417,0.022936809808015823,0.023372547701001167
418,0.02132588066160679,0.023377085104584694
419,0.022927921265363693,0.023389417678117752
420,0.02323104999959469,0.023379135876893997
421,0.02354038879275322,0.023378470912575722
422,0.02273038774728775,0.023352697491645813
423,0.02544899843633175,0.023349707946181297
424,0.02287517860531807,0.02333659864962101
425,0.022966008633375168,0.023330682888627052
426,0.023012015968561172,0.023330163210630417
427,0.023594729602336884,0.02334620989859104
428,0.025156253948807716,0.023342587053775787
429,0.02342422865331173,0.023343758657574654
430,0.022899001836776733,0.023348571732640266
431,0.02314130961894989,0.023338457569479942
432,0.023668905720114708,0.023336652666330338
433,0.023536594584584236,0.023338161408901215
434,0.023843131959438324,0.023335499688982964
435,0.022463936358690262,0.023328106850385666
436,0.022536974400281906,0.02333718352019787
437,0.023670410737395287,0.023310933262109756
438,0.024291224777698517,0.023297667503356934
439,0.023241527378559113,0.02327396161854267
440,0.023485925048589706,0.023255720734596252
441,0.022677049040794373,0.02323130890727043
442,0.023907268419861794,0.023208146914839745
443,0.023200731724500656,0.023197785019874573
444,0.022800695151090622,0.023194577544927597
445,0.024859163910150528,0.023196609690785408
446,0.023582778871059418,0.02320067770779133
447,0.022279560565948486,0.02320217154920101
448,0.021578967571258545,0.02321985736489296
449,0.021578004583716393,0.02323920466005802
450,0.02319946326315403,0.02325334958732128
451,0.022290080785751343,0.02326425537467003
452,0.021895557641983032,0.023246964439749718
453,0.021938955411314964,0.023219142109155655
454,0.023229900747537613,0.023191288113594055
455,0.02493724785745144,0.02315957471728325
456,0.022266922518610954,0.023156624287366867
457,0.02360556274652481,0.02315327152609825
458,0.02278832346200943,0.023140858858823776
459,0.02335740253329277,0.023139629513025284
460,0.023375699296593666,0.02312592975795269
461,0.02267615869641304,0.023109087720513344
462,0.02219625562429428,0.023106595501303673
463,0.022949088364839554,0.023123368620872498
464,0.023212268948554993,0.023139316588640213
465,0.022376669570803642,0.023144511505961418
466,0.02234339714050293,0.023155182600021362
467,0.022459976375102997,0.023166976869106293
468,0.023246048018336296,0.023172792047262192
469,0.022980375215411186,0.02316962368786335
470,0.022137684747576714,0.023141061887145042
471,0.022921152412891388,0.023109953850507736
472,0.023651182651519775,0.023102160543203354
473,0.023477664217352867,0.02309093065559864
474,0.02254561334848404,0.023092741146683693
475,0.02353779785335064,0.02308737300336361
476,0.021778954192996025,0.02310318686068058
477,0.022885538637638092,0.02311057597398758
478,0.023516681045293808,0.023107850924134254
479,0.021533038467168808,0.023107245564460754
480,0.024573691189289093,0.023083485662937164
481,0.025032564997673035,0.023077933117747307
482,0.024414731189608574,0.02303413301706314
483,0.025161121040582657,0.02301640249788761
484,0.023272110149264336,0.02302640676498413
485,0.020106954500079155,0.02302771806716919
486,0.023533470928668976,0.023019377142190933
487,0.024036405608057976,0.023021234199404716
488,0.025246640667319298,0.023029815405607224
489,0.023284059017896652,0.023062510415911674
490,0.021905072033405304,0.023060478270053864
491,0.023752901703119278,0.023075364530086517
492,0.022320201620459557,0.023062219843268394
493,0.022395089268684387,0.023060742765665054
494,0.02413877286016941,0.023042798042297363
495,0.02210179902613163,0.023036321625113487
496,0.022173898294568062,0.023024627938866615
497,0.022123083472251892,0.023047707974910736
498,0.02224670723080635,0.02304663136601448
499,0.021396715193986893,0.023050345480442047
500,0.024310210719704628,0.023067547008395195
501,0.022663870826363564,0.023069802671670914
502,0.023676080629229546,0.023085057735443115
503,0.024128027260303497,0.02310320734977722
504,0.023200826719403267,0.023109344765543938
505,0.023289406672120094,0.02312997542321682
506,0.023139512166380882,0.023135490715503693
507,0.023598719388246536,0.023138323798775673
508,0.021943500265479088,0.023157674819231033
509,0.023696746677160263,0.023170385509729385
510,0.02331538498401642,0.023178929463028908
511,0.023273847997188568,0.023180650547146797
512,0.023743119090795517,0.02315228432416916
513,0.023919450119137764,0.023095732554793358
514,0.023489315062761307,0.023081287741661072
515,0.02264191396534443,0.023060841485857964
516,0.022032292559742928,0.023045655339956284
517,0.022679273039102554,0.023053696379065514
518,0.021590877324342728,0.02304650843143463
519,0.022113941609859467,0.023028874769806862
520,0.02099515125155449,0.02301923930644989
521,0.023099012672901154,0.02301650121808052
522,0.02348286658525467,0.023005107417702675
523,0.023955965414643288,0.023001397028565407
524,0.022372394800186157,0.022984597831964493
525,0.022377973422408104,0.022979743778705597
526,0.021819453686475754,0.022980181500315666
527,0.02210066467523575,0.02299220860004425
528,0.02217625454068184,0.02300461009144783
529,0.0217977873980999,0.023023948073387146
530,0.023407697677612305,0.02301533706486225
531,0.024069245904684067,0.022995585575699806
532,0.020853936672210693,0.0229765847325325
533,0.022489290684461594,0.022954579442739487
534,0.021244678646326065,0.022940196096897125
535,0.02281160280108452,0.022930201143026352
536,0.02215009741485119,0.022930363193154335
537,0.02329132705926895,0.02292037196457386
538,0.023777391761541367,0.02289549633860588
539,0.023340247571468353,0.02287689968943596
540,0.02216995693743229,0.022884424775838852
541,0.02183580957353115,0.022900117561221123
542,0.024683786556124687,0.022905470803380013
543,0.02378453128039837,0.022913701832294464
544,0.021784726530313492,0.02292371354997158
545,0.022919917479157448,0.022935960441827774
546,0.022605065256357193,0.022960254922509193
547,0.02261546440422535,0.02295033074915409
548,0.023914378136396408,0.022932788357138634
549,0.02223937027156353,0.022905828431248665
550,0.023164188489317894,0.02288411743938923
551,0.022982968017458916,0.02286280319094658
552,0.020550375804305077,0.022858761250972748
553,0.02190856635570526,0.02285444177687168
554,0.02218015119433403,0.022860882803797722
555,0.020913472399115562,0.022858429700136185
556,0.022541288286447525,0.022839238867163658
557,0.023985933512449265,0.022825492545962334
558,0.023002345114946365,0.02281881496310234
559,0.022968530654907227,0.022829797118902206
560,0.02268804796040058,0.022842856124043465
561,0.02015191875398159,0.022859346121549606
562,0.02507932484149933,0.022878259420394897
563,0.02331736870110035,0.022879399359226227
564,0.022627616301178932,0.022874195128679276
565,0.023119833320379257,0.022892490029335022
566,0.021709464490413666,0.022901609539985657
567,0.02112485282123089,0.02293836884200573
568,0.0228839460760355,0.02297176793217659
569,0.023391110822558403,0.02300296351313591
570,0.021227797493338585,0.0230075903236866
571,0.022372113540768623,0.022998442873358727
572,0.0217520073056221,0.022984055802226067
573,0.02437458746135235,0.02295880950987339
574,0.022319894284009933,0.02291656844317913
575,0.023805728182196617,0.02288472279906273
576,0.02239556796848774,0.022865790873765945
577,0.022043753415346146,0.022856082767248154
578,0.021976236253976822,0.02281671017408371
579,0.021763311699032784,0.022805754095315933
580,0.021156659349799156,0.022811947390437126
581,0.022185534238815308,0.022816341370344162
582,0.023061132058501244,0.022812798619270325
583,0.02216312475502491,0.022806042805314064
584,0.02202572301030159,0.02278721332550049
585,0.022920750081539154,0.022776875644922256
586,0.021592190489172935,0.02275831066071987
587,0.022934211418032646,0.022743530571460724
588,0.021887535229325294,0.02272212505340576
589,0.022175734862685204,0.022721000015735626
590,0.022020433098077774,0.02273188903927803
591,0.02181128039956093,0.02273120917379856
592,0.02096243016421795,0.022724991664290428
593,0.020295413210988045,0.02271985448896885
594,0.022598469629883766,0.022699056193232536
595,0.021844495087862015,0.02269657701253891
596,0.021540721878409386,0.022696008905768394
597,0.022331934422254562,0.02267204038798809
598,0.0216952133923769,0.02268390543758869
599,0.022594839334487915,0.022690698504447937
600,0.023387514054775238,0.02268783561885357
601,0.022622205317020416,0.022704241797327995
602,0.02454298734664917,0.022696979343891144
603,0.022724367678165436,0.022699490189552307
604,0.02218421921133995,0.02270238660275936
605,0.024342525750398636,0.022700054571032524
606,0.023178717121481895,0.022706670686602592
607,0.02314734272658825,0.022708460688591003
608,0.022740308195352554,0.022713137790560722
609,0.022189244627952576,0.02273080125451088
610,0.022678209468722343,0.022720886394381523
611,0.020122313871979713,0.022679446265101433
612,0.023096291348338127,0.02266589179635048
613,0.02190418727695942,0.022671617567539215
614,0.02247617579996586,0.022689733654260635
615,0.022495632991194725,0.02268185280263424
616,0.02195766568183899,0.02268303371965885
617,0.02132350578904152,0.022699421271681786
618,0.022723542526364326,0.02270146831870079
619,0.02169436775147915,0.022703472524881363
620,0.02207750827074051,0.022715061902999878
621,0.02227928303182125,0.02273513749241829
622,0.022803859785199165,0.022709161043167114
623,0.021385421976447105,0.022700022906064987
624,0.02216792292892933,0.022689703851938248
625,0.023180479183793068,0.022687723860144615
626,0.021054819226264954,0.022694706916809082
627,0.02207951992750168,0.02269621193408966
628,0.023942308500409126,0.022687053307890892
629,0.02185794524848461,0.022683246061205864
630,0.022768450900912285,0.02268742211163044
631,0.021362753584980965,0.022679507732391357
632,0.022938191890716553,0.02267036773264408
633,0.021268216893076897,0.02267186902463436
634,0.024360088631510735,0.022664422169327736
635,0.02325732819736004,0.022668831050395966
636,0.02281954325735569,0.022664153948426247
637,0.02130366675555706,0.022665759548544884
638,0.022989952936768532,0.0226723812520504
639,0.022359685972332954,0.02269047498703003
640,0.02145017683506012,0.02271590195596218
641,0.023261023685336113,0.022722508758306503
642,0.023332124575972557,0.02272084169089794
643,0.023287372663617134,0.022728541865944862
644,0.022629190236330032,0.022733306512236595
645,0.02313706837594509,0.02274702675640583
646,0.02227071300148964,0.022788727656006813
647,0.02302406169474125,0.022814899682998657
648,0.021172383800148964,0.022828906774520874
649,0.020940981805324554,0.022827742621302605
650,0.022403063252568245,0.0228042583912611
651,0.02225668542087078,0.022773636505007744
652,0.02136932499706745,0.022746680304408073
653,0.021562466397881508,0.022723853588104248
654,0.022932246327400208,0.02271086908876896
655,0.023301994428038597,0.022709159180521965
656,0.020703580230474472,0.02268679067492485
657,0.02040417492389679,0.022674022242426872
658,0.02297157235443592,0.02266213670372963
659,0.023814307525753975,0.02263842523097992
660,0.023552486672997475,0.02262711152434349
661,0.021451789885759354,0.022630393505096436
662,0.02345217950642109,0.022602517157793045
663,0.02400137111544609,0.022567130625247955
664,0.022339267656207085,0.022556228563189507
665,0.022687461227178574,0.02256186306476593
666,0.02106226421892643,0.022579511627554893
667,0.022359294816851616,0.022566143423318863
668,0.022667549550533295,0.022573404014110565
669,0.023397130891680717,0.022553877905011177
670,0.02249283343553543,0.02252873405814171
671,0.025523923337459564,0.02251388132572174
672,0.023004427552223206,0.02250080555677414
673,0.02339007891714573,0.022486327216029167
674,0.022306745871901512,0.022499926388263702
675,0.022390028461813927,0.02250155806541443
676,0.023273689672350883,0.022489119321107864
677,0.02260597236454487,0.022521574050188065
678,0.021377934142947197,0.022525927051901817
679,0.021794356405735016,0.022516481578350067
680,0.025361085310578346,0.02251507341861725
681,0.020210403949022293,0.0225161574780941
682,0.024208709597587585,0.02251620404422283
683,0.023365899920463562,0.022553835064172745
684,0.021608911454677582,0.022564325481653214
685,0.023345572873950005,0.02256479486823082
686,0.022475574165582657,0.022561226040124893
687,0.022464396432042122,0.02254248782992363
688,0.02261912263929844,0.0225201603025198
689,0.02162584662437439,0.02250329777598381
690,0.022678660228848457,0.022476322948932648
691,0.023401174694299698,0.02244548685848713
692,0.021616283804178238,0.02245202660560608
693,0.023743484169244766,0.022436777129769325
694,0.02293972857296467,0.022448785603046417
695,0.02192695066332817,0.02247384563088417
696,0.024347709491848946,0.02250729128718376
697,0.021170534193515778,0.02252851612865925
698,0.022588158026337624,0.02252853475511074
699,0.02188831754028797,0.022519806399941444
700,0.02315329946577549,0.02251516468822956
701,0.020223010331392288,0.022484421730041504
702,0.019486458972096443,0.022459091618657112
703,0.023045092821121216,0.022431716322898865
704,0.022005446255207062,0.0224140714854002
705,0.022788239642977715,0.02241445519030094
706,0.023581894114613533,0.022417403757572174
707,0.022272314876317978,0.022430429235100746
708,0.022758176550269127,0.022460026666522026
709,0.02018149569630623,0.022500308230519295
710,0.021227166056632996,0.02253342606127262
711,0.023022308945655823,0.022517526522278786
712,0.024531617760658264,0.02250453270971775
713,0.021375302225351334,0.022463083267211914
714,0.022876277565956116,0.022445321083068848
715,0.02334628254175186,0.022417593747377396
716,0.023072414100170135,0.022405501455068588
717,0.02228321135044098,0.022441908717155457
718,0.02257217839360237,0.022467684000730515
719,0.020775077864527702,0.022532152011990547
720,0.021919546648859978,0.02255607768893242
721,0.02352013625204563,0.02257438376545906
722,0.023677214980125427,0.022576287388801575
723,0.02370007522404194,0.022583458572626114
724,0.021368173882365227,0.022582706063985825
725,0.021381091326475143,0.022545604035258293
726,0.020701168105006218,0.02251731976866722
727,0.02215752564370632,0.022466296330094337
728,0.02302587777376175,0.02240482158958912
729,0.020474418997764587,0.02239362895488739
730,0.022429537028074265,0.022366255521774292
731,0.021897628903388977,0.022357335314154625
732,0.022031372413039207,0.022351745516061783
733,0.022847792133688927,0.02235344983637333
734,0.022446729242801666,0.02236056886613369
735,0.02210216410458088,0.0223696306347847
736,0.02212703600525856,0.02240416780114174
737,0.022169863805174828,0.0224253311753273
738,0.024175727739930153,0.022443728521466255
739,0.0220950860530138,0.022459939122200012
740,0.02195371687412262,0.022462252527475357
741,0.022002436220645905,0.02246851660311222
742,0.021616043522953987,0.02247442677617073
743,0.02167896181344986,0.02246960997581482
744,0.022712888196110725,0.022464826703071594
745,0.023097475990653038,0.022452885285019875
746,0.021498534828424454,0.022427555173635483
747,0.02131246030330658,0.02239038050174713
748,0.021816357970237732,0.02235284261405468
749,0.020874522626399994,0.02233266271650791
750,0.021696556359529495,0.0223355945199728
751,0.020725911483168602,0.02235395461320877
752,0.02371266297996044,0.022355837747454643
753,0.02126532606780529,0.022359224036335945
754,0.02183316834270954,0.022364087402820587
755,0.021151559427380562,0.022355230525135994
756,0.0219623651355505,0.02233067713677883
757,0.021459832787513733,0.02229337953031063
758,0.02202405408024788,0.02229377068579197
759,0.02221757359802723,0.022294245660305023
760,0.020850513130426407,0.022313566878437996
761,0.020940450951457024,0.02232382446527481
762,0.02087799459695816,0.02231420949101448
763,0.02350469119846821,0.022315651178359985
764,0.022387197241187096,0.022334735840559006
765,0.023508312180638313,0.022326208651065826
766,0.022516902536153793,0.022337477654218674
767,0.021886268630623817,0.022334182634949684
768,0.022568868473172188,0.022332286462187767
769,0.02204611524939537,0.022343363612890244
770,0.022142190486192703,0.02232571877539158
771,0.021238870918750763,0.02232564426958561
772,0.020511118695139885,0.022328391671180725
773,0.02138335630297661,0.022332334890961647
774,0.020893963053822517,0.022330008447170258
775,0.021272921934723854,0.02232116088271141
776,0.0208157766610384,0.022289996966719627
777,0.02075766585767269,0.022267397493124008
778,0.023876333609223366,0.022264478728175163
779,0.021039165556430817,0.022254517301917076
780,0.021968772634863853,0.022265294566750526
781,0.02146991714835167,0.022273259237408638
782,0.02046910859644413,0.022300558164715767
783,0.02187785878777504,0.022344529628753662
784,0.021657846868038177,0.022393373772501945
785,0.02079944685101509,0.022391650825738907
786,0.021592890843749046,0.022352972999215126
787,0.022984415292739868,0.022319259122014046
788,0.023169146850705147,0.02226739563047886
789,0.02113080583512783,0.0222398042678833
790,0.02074657566845417,0.022239744663238525
791,0.022556060925126076,0.02223893441259861
792,0.019851410761475563,0.02224532887339592
793,0.022815877571702003,0.022257108241319656
794,0.023108627647161484,0.0222771055996418
795,0.022554652765393257,0.022309444844722748
796,0.02192755788564682,0.022307734936475754
797,0.022149745374917984,0.022310078144073486
798,0.023208696395158768,0.022298481315374374
799,0.022222787141799927,0.02227817289531231
800,0.022792156785726547,0.02225770428776741
801,0.021240219473838806,0.022238465026021004
802,0.02025880105793476,0.02223449945449829
803,0.0218980610370636,0.022216202691197395
804,0.023008374497294426,0.022201376035809517
805,0.02212974801659584,0.022194329649209976
806,0.021842870861291885,0.022186553105711937
807,0.022613046690821648,0.02220398373901844
808,0.021265465766191483,0.02223893627524376
809,0.02255089394748211,0.022280128672719002
810,0.021659035235643387,0.02232503518462181
811,0.02072136476635933,0.022353656589984894
812,0.021906690672039986,0.02235446684062481
813,0.022079402580857277,0.02233867719769478
814,0.021266590803861618,0.022307123988866806
815,0.02133585326373577,0.02229408361017704
816,0.021871022880077362,0.022298773750662804
817,0.02182612195611,0.02228662557899952
818,0.023182645440101624,0.022290222346782684
819,0.020872104912996292,0.022318093106150627
820,0.022323161363601685,0.022302130237221718
821,0.02037706784904003,0.022280162200331688
822,0.01990601047873497,0.022263821214437485
823,0.02320430427789688,0.022241124883294106
824,0.022137625142931938,0.022242315113544464
825,0.0221630297601223,0.022239863872528076
826,0.021078703925013542,0.022263912484049797
827,0.023025328293442726,0.02231176383793354
828,0.021748865023255348,0.022344425320625305
829,0.023479096591472626,0.022350860759615898
830,0.02258143573999405,0.022351408377289772
831,0.022045888006687164,0.02229485847055912
832,0.022302862256765366,0.022273460403084755
833,0.022048896178603172,0.02224227972328663
834,0.02329249307513237,0.022214315831661224
835,0.02152116410434246,0.022199973464012146
836,0.021565698087215424,0.022180398926138878
837,0.023206623271107674,0.02215806022286415
838,0.02319392003118992,0.022158829495310783
839,0.021125106140971184,0.02215396799147129
840,0.020966123789548874,0.022122999653220177
841,0.021578913554549217,0.022110208868980408
842,0.021831000223755836,0.02213960699737072
843,0.020816771313548088,0.02218245528638363
844,0.02194446511566639,0.02221163921058178
845,0.02247278206050396,0.022228969261050224
846,0.023006167262792587,0.022230783477425575
847,0.020943742245435715,0.022244423627853394
848,0.022011855617165565,0.022259889170527458
849,0.022220997139811516,0.022259892895817757
850,0.022823024541139603,0.022263726219534874
851,0.019271451979875565,0.022252125665545464
852,0.021013550460338593,0.022249042987823486
853,0.020912285894155502,0.022254765033721924
854,0.023347966372966766,0.022246377542614937
855,0.021740933880209923,0.022255972027778625
856,0.022228848189115524,0.022267339751124382
857,0.02397780679166317,0.022280536592006683
858,0.02237638458609581,0.022284775972366333
859,0.020939569920301437,0.022305624559521675
860,0.021995825693011284,0.022281542420387268
861,0.02156326174736023,0.022243455052375793
862,0.022097360342741013,0.02220902405679226
863,0.02129961922764778,0.02220313251018524
864,0.022408153861761093,0.02217521332204342
865,0.021852806210517883,0.02215193398296833
866,0.022197864949703217,0.022155147045850754
867,0.021175934001803398,0.022147400304675102
868,0.023068953305482864,0.022144660353660583
869,0.02221825160086155,0.02215188927948475
870,0.021111808717250824,0.022165942937135696
871,0.021663039922714233,0.022166650742292404
872,0.022742565721273422,0.022174537181854248
873,0.020843006670475006,0.022166475653648376
874,0.022563936188817024,0.02215266227722168
875,0.02105565555393696,0.022155379876494408
876,0.022824401035904884,0.022134162485599518
877,0.021096564829349518,0.02212095446884632
878,0.02182622440159321,0.022088104858994484
879,0.021201830357313156,0.02209600806236267
880,0.022480402141809464,0.02205629274249077
881,0.021288897842168808,0.022055145353078842
882,0.022347858175635338,0.022080902010202408
883,0.02238619513809681,0.02211255580186844
884,0.020713942125439644,0.022157466039061546
885,0.02083529531955719,0.02220156230032444
886,0.022318381816148758,0.022225581109523773
887,0.02160867303609848,0.022217029705643654
888,0.02203460969030857,0.022207966074347496
889,0.022153163328766823,0.022163482382893562
890,0.02207476831972599,0.022142041474580765
891,0.020745472982525826,0.022129308432340622
892,0.023098859935998917,0.022103790193796158
893,0.022730952128767967,0.022087041288614273
894,0.023873144760727882,0.02205747924745083
895,0.02100076526403427,0.02205624058842659
896,0.021476583555340767,0.02205110527575016
897,0.020900726318359375,0.022080888971686363
898,0.02152349054813385,0.022076867520809174
899,0.023118000477552414,0.022080382332205772
900,0.021034760400652885,0.022083869203925133
901,0.019955260679125786,0.022098461166024208
902,0.020183945074677467,0.022099724039435387
903,0.022163428366184235,0.022093141451478004
904,0.022255538031458855,0.022077016532421112
905,0.022847818210721016,0.02207581326365471
906,0.022152556106448174,0.022061720490455627
907,0.02158314920961857,0.022062795236706734
908,0.021752268075942993,0.022068941965699196
909,0.022644469514489174,0.022050730884075165
910,0.021210089325904846,0.02207588218152523
911,0.02141115441918373,0.02209688164293766
912,0.02156064845621586,0.022104820236563683
913,0.021982714533805847,0.02211868204176426
914,0.021302903071045876,0.02211982011795044
915,0.022406991571187973,0.02209598384797573
916,0.022333307191729546,0.022074652835726738
917,0.020414015278220177,0.022087177261710167
918,0.0228513702750206,0.02211049571633339
919,0.023109236732125282,0.02211182937026024
920,0.021008551120758057,0.0220889151096344
921,0.02032209374010563,0.022123554721474648
922,0.02335980534553528,0.022137515246868134
923,0.021755827590823174,0.022156335413455963
924,0.021432142704725266,0.02214384265244007
925,0.02342168241739273,0.02211657166481018
926,0.022504113614559174,0.022088170051574707
927,0.022331099957227707,0.0220707468688488
928,0.02082771621644497,0.02206525206565857
929,0.020723840221762657,0.022048546001315117
930,0.02154107578098774,0.022054530680179596
931,0.0236460343003273,0.02205890789628029
932,0.021557429805397987,0.022066308185458183
933,0.021356219425797462,0.02207362651824951
934,0.02218502014875412,0.022077519446611404
935,0.022285541519522667,0.022076604887843132
936,0.021891584619879723,0.02207357808947563
937,0.021623974665999413,0.02208489365875721
938,0.02212723158299923,0.022097401320934296
939,0.020815294235944748,0.02207992598414421
940,0.022792989388108253,0.022075343877077103
941,0.021414101123809814,0.02206261456012726
942,0.022986555472016335,0.022076306864619255
943,0.02112547680735588,0.022083360701799393
944,0.021425506100058556,0.022083120420575142
945,0.021193161606788635,0.02209409326314926
946,0.021941717714071274,0.02210492081940174
947,0.02215341478586197,0.02211114391684532
948,0.022814946249127388,0.02210910990834236
949,0.021155262365937233,0.02210947871208191
950,0.02036312222480774,0.022137988358736038
951,0.02130596712231636,0.022177882492542267
952,0.02205483429133892,0.022197147831320763
953,0.020167281851172447,0.02223246730864048
954,0.021464962512254715,0.022251518443226814
955,0.020618541166186333,0.022237058728933334
956,0.022713463753461838,0.022191602736711502
957,0.02126731351017952,0.022150786593556404
958,0.021251434460282326,0.022113846614956856
959,0.021807488054037094,0.022078389301896095
960,0.020088011398911476,0.022035865113139153
961,0.021489957347512245,0.021989133208990097
962,0.022295745089650154,0.0219747181981802
963,0.021761033684015274,0.021953163668513298
964,0.020845970138907433,0.021943530067801476
965,0.02188122272491455,0.02195918746292591
966,0.021226268261671066,0.02195742353796959
967,0.021773993968963623,0.021970393136143684
968,0.021599609404802322,0.02198364958167076
969,0.021710766479372978,0.02199682965874672
970,0.02453528344631195,0.021994097158312798
971,0.021590285003185272,0.02198280580341816
972,0.02224966138601303,0.02196286804974079
973,0.022882459685206413,0.02197698876261711
974,0.02169700711965561,0.02195957489311695
975,0.021520625799894333,0.02196291647851467
976,0.022070858627557755,0.021971028298139572
977,0.022363414987921715,0.021975994110107422
978,0.02118082158267498,0.021983981132507324
979,0.022887734696269035,0.021985698491334915
980,0.02195616438984871,0.021973563358187675
981,0.020854070782661438,0.021967247128486633
982,0.02135046012699604,0.021953385323286057
983,0.019947489723563194,0.021956562995910645
984,0.021864628419280052,0.021954620257019997
985,0.0217102263122797,0.02195882238447666
986,0.02292693220078945,0.021968770772218704
987,0.02235012874007225,0.02197415940463543
988,0.022069338709115982,0.02197391726076603
989,0.022420337423682213,0.021980173885822296
990,0.021549448370933533,0.021997258067131042
991,0.023276370018720627,0.02200252190232277
992,0.022134535014629364,0.021996023133397102
993,0.020958945155143738,0.022007621824741364
994,0.020151136443018913,0.02197635918855667
995,0.021797198802232742,0.02195252664387226
996,0.021660545840859413,0.021936409175395966
997,0.023461537435650826,0.021929528564214706
998,0.02235778048634529,0.021940112113952637
999,0.022746946662664413,0.021931443363428116
1000,0.020597070455551147,0.021942101418972015
1001,0.022713441401720047,0.021929297596216202
1002,0.021234940737485886,0.02193966507911682
1003,0.020263398066163063,0.021925002336502075
1004,0.021280279383063316,0.02190733142197132
1005,0.0212895218282938,0.02188793569803238
1006,0.02391899563372135,0.021904967725276947
1007,0.022458277642726898,0.02189873903989792
1008,0.023017939180135727,0.021920915693044662
1009,0.02224990352988243,0.021935192868113518
1010,0.022240256890654564,0.021943097934126854
1011,0.023021047934889793,0.021955439820885658
1012,0.021741803735494614,0.02193339541554451
1013,0.022174295037984848,0.021891187876462936
1014,0.019223498180508614,0.021869175136089325
1015,0.021867047995328903,0.021855272352695465
1016,0.023425143212080002,0.02182885631918907
1017,0.02111095003783703,0.021858587861061096
1018,0.023383544757962227,0.021885652095079422
1019,0.020491106435656548,0.021917536854743958
1020,0.021421384066343307,0.021947620436549187
1021,0.0220714770257473,0.021973377093672752
1022,0.022059570997953415,0.02196856401860714
1023,0.021746940910816193,0.0219462551176548
1024,0.021139448508620262,0.021907569840550423
1025,0.020357809960842133,0.021916862577199936
1026,0.02229313738644123,0.02188950590789318
1027,0.02223052829504013,0.02192077599465847
1028,0.023495201021432877,0.021910781040787697
1029,0.022883083671331406,0.02188003435730934
1030,0.021496793255209923,0.02184602990746498
1031,0.022603262215852737,0.021832872182130814
1032,0.021315447986125946,0.02184309996664524
1033,0.02108236402273178,0.021884968504309654
1034,0.02134624682366848,0.021878179162740707
1035,0.02117902785539627,0.02186647616326809
1036,0.022301532328128815,0.021830081939697266
1037,0.022479070350527763,0.021827001124620438
1038,0.020282458513975143,0.021838176995515823
1039,0.021193386986851692,0.02183929830789566
1040,0.020516090095043182,0.02183922380208969
1041,0.02329697087407112,0.021829470992088318
1042,0.021713271737098694,0.021831408143043518
1043,0.02248956821858883,0.021862801164388657
1044,0.021536557003855705,0.02188020944595337
1045,0.02097874879837036,0.021907610818743706
1046,0.022167164832353592,0.021901238709688187
1047,0.021445630118250847,0.021899577230215073
1048,0.020860224962234497,0.0219001155346632
1049,0.022857746109366417,0.021872282028198242
1050,0.021835271269083023,0.02185058780014515
1051,0.023059101775288582,0.021840505301952362
1052,0.019630709663033485,0.02180478908121586
1053,0.021936489269137383,0.021797750145196915
1054,0.020899834111332893,0.02180374413728714
1055,0.020927445963025093,0.021802552044391632
1056,0.02211509644985199,0.021794414147734642
1057,0.02068503014743328,0.021821502596139908
1058,0.02069789730012417,0.02182098850607872
1059,0.02188851684331894,0.021828068420290947
1060,0.021946754306554794,0.021861199289560318
1061,0.020572837442159653,0.02190142683684826
1062,0.02321290224790573,0.021919192746281624
1063,0.022190144285559654,0.02194124646484852
1064,0.022229613736271858,0.02193349413573742
1065,0.02144770137965679,0.021952398121356964
1066,0.02205599844455719,0.021931668743491173
1067,0.02270517311990261,0.021914290264248848
1068,0.021506931632757187,0.021891972050070763
1069,0.02085689641535282,0.02188768796622753
1070,0.023600831627845764,0.021874718368053436
1071,0.02035113424062729,0.021863317117094994
1072,0.022262243553996086,0.02185562066733837
1073,0.022402232512831688,0.02188146486878395
1074,0.019562438130378723,0.021884866058826447
1075,0.02393917366862297,0.02184751257300377
1076,0.02124977484345436,0.02181554026901722
1077,0.020624915137887,0.021806443110108376
1078,0.021818673238158226,0.021827271208167076
1079,0.021124668419361115,0.021854247897863388
1080,0.02177681401371956,0.02185014635324478
1081,0.02150982990860939,0.021862179040908813
1082,0.02242559939622879,0.021860146895051003
1083,0.021291416138410568,0.021833470091223717
1084,0.020897626876831055,0.02184123545885086
1085,0.02009693905711174,0.02181336283683777
1086,0.02219259925186634,0.021786516532301903
1087,0.022582368925213814,0.021771308034658432
1088,0.02079406939446926,0.021755093708634377
1089,0.021515527740120888,0.021750111132860184
1090,0.02135292813181877,0.02173348143696785
1091,0.021599801257252693,0.021744724363088608
1092,0.021601339802145958,0.02174939401447773
1093,0.02069748379290104,0.021732885390520096
1094,0.021762045100331306,0.021749353036284447
1095,0.020851360633969307,0.021761519834399223
1096,0.021507693454623222,0.0217797439545393
1097,0.02460949681699276,0.021781092509627342
1098,0.021267414093017578,0.02179041877388954
1099,0.02331474982202053,0.021787207573652267
1100,0.02171372063457966,0.02179904468357563
1101,0.02055259607732296,0.02184370346367359
1102,0.022390469908714294,0.02189171500504017
1103,0.022852130234241486,0.021886074915528297
1104,0.020185217261314392,0.021882543340325356
1105,0.022442832589149475,0.021854007616639137
1106,0.023456919938325882,0.02182835340499878
1107,0.02168450877070427,0.02179805189371109
1108,0.022955985739827156,0.021810177713632584
1109,0.021726541221141815,0.021793629974126816
1110,0.02130686677992344,0.021773597225546837
1111,0.02220241166651249,0.02178659662604332
1112,0.022746451199054718,0.021795151755213737
1113,0.020686114206910133,0.021791592240333557
1114,0.02126532793045044,0.021785911172628403
1115,0.022121062502264977,0.021791554987430573
1116,0.023373454809188843,0.021787423640489578
1117,0.021141406148672104,0.02174932323396206
1118,0.021306131035089493,0.021780872717499733
1119,0.02116837166249752,0.021779833361506462
1120,0.023768287152051926,0.021819353103637695
1121,0.023011183366179466,0.02182958833873272
1122,0.022344276309013367,0.021783487871289253
1123,0.022119134664535522,0.021760839968919754
1124,0.02177552320063114,0.021747421473264694
1125,0.021778663620352745,0.021766651421785355
1126,0.020598506554961205,0.02178015187382698
1127,0.020054969936609268,0.02180848829448223
1128,0.02156733348965645,0.02183723822236061
1129,0.023667950183153152,0.021864665672183037
1130,0.02270352654159069,0.02185909077525139
1131,0.021276764571666718,0.02184823341667652
1132,0.0207170732319355,0.02183992601931095
1133,0.019533026963472366,0.021834764629602432
1134,0.020855175331234932,0.021822277456521988
1135,0.021916724741458893,0.021839836612343788
1136,0.02181767299771309,0.021844027563929558
1137,0.020676705986261368,0.02184596098959446
1138,0.020152496173977852,0.021861692890524864
1139,0.021904991939663887,0.021848542615771294
1140,0.021525831893086433,0.021835336461663246
1141,0.021379882469773293,0.02181287482380867
1142,0.01903228648006916,0.02181348390877247
1143,0.019313227385282516,0.021794917061924934
1144,0.02080046758055687,0.021805290132761
1145,0.01971275918185711,0.021789195016026497
1146,0.02087291330099106,0.02178010158240795
1147,0.02105708234012127,0.021772243082523346
1148,0.020604750141501427,0.021789558231830597
1149,0.022041868418455124,0.021807651966810226
1150,0.022319020703434944,0.021813947707414627
1151,0.019616683945059776,0.021842071786522865
1152,0.020935388281941414,0.021847235038876534
1153,0.02141835354268551,0.021852945908904076
1154,0.023458654060959816,0.021830080077052116
1155,0.01963653415441513,0.021815670654177666
1156,0.020407618954777718,0.021786093711853027
1157,0.021012287586927414,0.021753793582320213
1158,0.022735275328159332,0.021733948960900307
1159,0.021371962502598763,0.021746141836047173
1160,0.021760988980531693,0.02172037772834301
1161,0.021913934499025345,0.02171649970114231
1162,0.020658893510699272,0.02172665111720562
1163,0.02174033783376217,0.021748876199126244
1164,0.020094403997063637,0.02176732011139393
1165,0.021449359133839607,0.021775605157017708
1166,0.02362760715186596,0.021761571988463402
1167,0.021885016933083534,0.021755019202828407
1168,0.020561186596751213,0.02173372358083725
1169,0.021901017054915428,0.021725324913859367
1170,0.02154827117919922,0.021749328821897507
1171,0.023142965510487556,0.021776363253593445
1172,0.021165352314710617,0.021764714270830154
1173,0.019837964326143265,0.021759822964668274
1174,0.021246666088700294,0.02174990065395832
1175,0.02310224622488022,0.02176813781261444
1176,0.021251870319247246,0.021795637905597687
1177,0.023146722465753555,0.02178632654249668
1178,0.02135670743882656,0.021787555888295174
1179,0.020580073818564415,0.021815918385982513
1180,0.02027146890759468,0.021816004067659378
1181,0.02118881605565548,0.021801922470331192
1182,0.02146603912115097,0.021814221516251564
1183,0.02002122439444065,0.021812962368130684
1184,0.02094958908855915,0.02183018997311592
1185,0.022855743765830994,0.02183043211698532
1186,0.02187212184071541,0.021810410544276237
1187,0.023057563230395317,0.021804863587021828
1188,0.021258527413010597,0.02182157337665558
1189,0.021034078672528267,0.02182730659842491
1190,0.01921861618757248,0.021847201511263847
1191,0.021834487095475197,0.021864481270313263
1192,0.02320321835577488,0.021866871044039726
1193,0.0231681689620018,0.021855538710951805
1194,0.0218664538115263,0.021857742220163345
1195,0.021326852962374687,0.021831555292010307
1196,0.020979130640625954,0.02182913012802601
1197,0.021272553130984306,0.02180454693734646
1198,0.0223679319024086,0.02182454615831375
1199,0.019722016528248787,0.021815845742821693
1200,0.02016979083418846,0.021830247715115547
1201,0.022595716640353203,0.0218272153288126
1202,0.021423356607556343,0.02182229794561863
1203,0.02164643257856369,0.021782685071229935
1204,0.021066689863801003,0.021774012595415115
1205,0.02266087383031845,0.021762654185295105
1206,0.022011276334524155,0.021763348951935768
1207,0.021939586848020554,0.021752875298261642
1208,0.02230699732899666,0.021718863397836685
1209,0.02324199490249157,0.021710041910409927
1210,0.021886251866817474,0.02171347290277481
1211,0.02123521827161312,0.02172868885099888
1212,0.022254016250371933,0.02174362726509571
1213,0.019393883645534515,0.021755842491984367
1214,0.021709751337766647,0.021765319630503654
1215,0.019999921321868896,0.02179824188351631
1216,0.023526612669229507,0.021808328106999397
1217,0.022909559309482574,0.021783098578453064
1218,0.021072333678603172,0.021781206130981445
1219,0.020691948011517525,0.02178780734539032
1220,0.020985344424843788,0.02176835387945175
1221,0.021554920822381973,0.021789994090795517
1222,0.0209665484726429,0.021779293194413185
1223,0.02158193662762642,0.02176811918616295
1224,0.02273593470454216,0.02175310254096985
1225,0.02068939246237278,0.021731894463300705
1226,0.02204171195626259,0.02169564738869667
1227,0.022320464253425598,0.021671760827302933
1228,0.020198602229356766,0.02170647867023945
1229,0.02301923930644989,0.021741122007369995
1230,0.020758673548698425,0.021761715412139893
1231,0.021115854382514954,0.02174418792128563
1232,0.023450462147593498,0.02172567881643772
1233,0.022228889167308807,0.021738315001130104
1234,0.021508628502488136,0.021731508895754814
1235,0.02102130465209484,0.021718010306358337
1236,0.022048965096473694,0.021705612540245056
1237,0.021131157875061035,0.02172214537858963
1238,0.021177824586629868,0.021727371960878372
1239,0.01844113878905773,0.02171616069972515
1240,0.021715227514505386,0.021713003516197205
1241,0.019919799640774727,0.021722404286265373
1242,0.02060350589454174,0.021733049303293228
1243,0.0222855843603611,0.021722257137298584
1244,0.020110495388507843,0.02169961668550968
1245,0.020398849621415138,0.02168898470699787
1246,0.020583972334861755,0.021674463525414467
1247,0.021807093173265457,0.021677924320101738
1248,0.022359179332852364,0.021686803549528122
1249,0.021022003144025803,0.02169831097126007
1250,0.02264893427491188,0.021686717867851257
1251,0.02186453901231289,0.021694542840123177
1252,0.02207479067146778,0.021700019016861916
1253,0.02266898937523365,0.021710475906729698
1254,0.024047626182436943,0.02173886075615883
1255,0.021250156685709953,0.021790774539113045
1256,0.02123098075389862,0.021776750683784485
1257,0.023387359455227852,0.02173318713903427
1258,0.0206114761531353,0.021726829931139946
1259,0.02206883206963539,0.02172655612230301
1260,0.021084774285554886,0.02172863483428955
1261,0.019861355423927307,0.021743010729551315
1262,0.02235187403857708,0.021746547892689705
1263,0.020954757928848267,0.021748945116996765
1264,0.022082993760704994,0.021738136187195778
1265,0.02099137008190155,0.021729599684476852
1266,0.020598674193024635,0.021754687651991844
1267,0.02146293595433235,0.021775614470243454
1268,0.019556870684027672,0.021788140758872032
1269,0.02140318974852562,0.021767403930425644
1270,0.019974952563643456,0.021764954552054405
1271,0.02230295166373253,0.021766560152173042
1272,0.02088480442762375,0.021756649017333984
1273,0.02122216671705246,0.02176595665514469
1274,0.021254530176520348,0.02177863009274006
1275,0.022797100245952606,0.02176152728497982
1276,0.020076807588338852,0.02174537256360054
1277,0.01982109434902668,0.021735779941082
1278,0.020877186208963394,0.021740412339568138
1279,0.021684834733605385,0.021749140694737434
1280,0.021642370149493217,0.02175653912127018
1281,0.023974645882844925,0.021751392632722855
1282,0.021928586065769196,0.021754484623670578
1283,0.0208235215395689,0.02174782007932663
1284,0.02112768217921257,0.02175239659845829
1285,0.020808234810829163,0.021763313561677933
1286,0.02011006511747837,0.021778294816613197
1287,0.02156112901866436,0.021777493879199028
1288,0.021687639877200127,0.02178368717432022
1289,0.022665996104478836,0.021763673052191734
1290,0.021124234423041344,0.02177097275853157
1291,0.021823497489094734,0.021757546812295914
1292,0.021589217707514763,0.021758422255516052
1293,0.02100297249853611,0.021731814369559288
1294,0.022156059741973877,0.021728361025452614
1295,0.020267082378268242,0.021707473322749138
1296,0.02194836363196373,0.021708451211452484
1297,0.02290346659719944,0.021702900528907776
1298,0.02118154615163803,0.021698471158742905
1299,0.023079577833414078,0.021692510694265366
1300,0.021550219506025314,0.021710311993956566
1301,0.020704839378595352,0.02170807123184204
1302,0.020638106390833855,0.021719880402088165
1303,0.022112442180514336,0.021728672087192535
1304,0.019686827436089516,0.021767500787973404
1305,0.023105761036276817,0.02179049700498581
1306,0.021391093730926514,0.02179183065891266
1307,0.020675860345363617,0.021777670830488205
1308,0.021734273061156273,0.02175247296690941
1309,0.022618204355239868,0.021740004420280457
1310,0.021897640079259872,0.02171941287815571
1311,0.021564140915870667,0.021715383976697922
1312,0.02076709270477295,0.021715939044952393
1313,0.02369845286011696,0.0217126477509737
1314,0.02230026200413704,0.02170695550739765
1315,0.022635173052549362,0.021693019196391106
1316,0.022363746538758278,0.02168569155037403
1317,0.021856287494301796,0.021671529859304428
1318,0.022456740960478783,0.021649159491062164
1319,0.022135548293590546,0.021631311625242233
1320,0.02214222215116024,0.021633997559547424
1321,0.0202040933072567,0.021663831546902657
1322,0.0227362010627985,0.021685617044568062
1323,0.021064752712845802,0.021671656519174576
1324,0.022122150287032127,0.0216898825019598
1325,0.021340377628803253,0.021684536710381508
1326,0.02186765894293785,0.02167748473584652
1327,0.020603563636541367,0.021681277081370354
1328,0.021138902753591537,0.021650316193699837
1329,0.021738452836871147,0.02165525034070015
1330,0.02218407392501831,0.02162269502878189
1331,0.022152459248900414,0.021629255264997482
1332,0.020438315346837044,0.02164338529109955
1333,0.021914025768637657,0.02164190076291561
1334,0.021143054589629173,0.021636880934238434
1335,0.020016223192214966,0.021653147414326668
1336,0.02155356854200363,0.021639622747898102
1337,0.020331766456365585,0.02165868692100048
1338,0.02031317912042141,0.02165779285132885
1339,0.02055053971707821,0.021665126085281372
1340,0.022971393540501595,0.021679876372218132
1341,0.019832676276564598,0.021691851317882538
1342,0.022218674421310425,0.021696388721466064
1343,0.020316151902079582,0.021686239168047905
1344,0.02190368063747883,0.02169375866651535
1345,0.02221641317009926,0.021678058430552483
1346,0.023084603250026703,0.02166127599775791
1347,0.020972125232219696,0.0216386578977108
1348,0.019849276170134544,0.021661426872015
1349,0.02095845900475979,0.021667340770363808
1350,0.020777331665158272,0.021688735112547874
1351,0.021378275007009506,0.02168744057416916
1352,0.02335759624838829,0.021682599559426308
1353,0.020867686718702316,0.021639011800289154
1354,0.019744927063584328,0.02162790484726429
1355,0.021096108481287956,0.02162063680589199
1356,0.021619170904159546,0.021652599796652794
1357,0.021723046898841858,0.021672336384654045
1358,0.020184820517897606,0.02168262004852295
1359,0.02131769061088562,0.021685371175408363
1360,0.021566595882177353,0.021682126447558403
1361,0.020025303587317467,0.021671153604984283
1362,0.02060055173933506,0.021698826923966408
1363,0.022606486454606056,0.021686965599656105
1364,0.02087734080851078,0.021715594455599785
1365,0.019820477813482285,0.021736593917012215
1366,0.02236826904118061,0.021767111495137215
1367,0.021607181057333946,0.021769456565380096
1368,0.02270333841443062,0.021764807403087616
1369,0.020971201360225677,0.02176089584827423
1370,0.022141480818390846,0.021741459146142006
1371,0.020344959571957588,0.02174171432852745
1372,0.021365264430642128,0.021739516407251358
1373,0.021053967997431755,0.02173253893852234
1374,0.023914078250527382,0.021720372140407562
1375,0.020942049100995064,0.02171732857823372
1376,0.021145328879356384,0.02173689939081669
1377,0.021379634737968445,0.021733960136771202
1378,0.020492587238550186,0.021729255095124245
1379,0.02166394330561161,0.021760867908596992
1380,0.021680111065506935,0.021774817258119583
1381,0.020257316529750824,0.021752934902906418
1382,0.021630730479955673,0.02171996608376503
1383,0.020988168194890022,0.021732892841100693
1384,0.021241486072540283,0.02171604335308075
1385,0.021119238808751106,0.021744826808571815
1386,0.020103076472878456,0.021762721240520477
1387,0.020378438755869865,0.021753765642642975
1388,0.02226674184203148,0.021743664517998695
1389,0.020804859697818756,0.021748056635260582
1390,0.020601162686944008,0.02175220102071762
1391,0.019573144614696503,0.02176222763955593
1392,0.021827001124620438,0.021739428862929344
1393,0.021079031750559807,0.021727198734879494
1394,0.021886758506298065,0.02171160839498043
1395,0.02092793583869934,0.021711034700274467
1396,0.020719626918435097,0.021695630624890327
1397,0.02284342795610428,0.02168741263449192
1398,0.02073756232857704,0.021675581112504005
1399,0.02104579098522663,0.021686453372240067
1400,0.020660728216171265,0.021661903709173203
1401,0.020128309726715088,0.021672550588846207
1402,0.021378260105848312,0.021690180525183678
1403,0.020884618163108826,0.021688807755708694
1404,0.02196080982685089,0.021713046357035637
1405,0.020460650324821472,0.02169632725417614
1406,0.022481603547930717,0.02166995219886303
1407,0.02241433411836624,0.02165534906089306
1408,0.022719336673617363,0.021633345633745193
1409,0.022606808692216873,0.02163044922053814
1410,0.021000996232032776,0.021609090268611908
1411,0.0212470144033432,0.02158919721841812
1412,0.02287451922893524,0.02156752534210682
1413,0.021227380260825157,0.021590232849121094
1414,0.019718635827302933,0.02159710042178631
1415,0.021882565692067146,0.021598534658551216
1416,0.020504416897892952,0.021600650623440742
1417,0.02366604097187519,0.02159973792731762
1418,0.019850347191095352,0.021585384383797646
1419,0.021452924236655235,0.021586375311017036
1420,0.020011242479085922,0.021578459069132805
1421,0.02196584641933441,0.021605702117085457
1422,0.023142056539654732,0.02161445841193199
1423,0.021709328517317772,0.021621808409690857
1424,0.019186226651072502,0.02162504941225052
1425,0.019735725596547127,0.0216075349599123
1426,0.020736077800393105,0.021619094535708427
1427,0.022280683740973473,0.021592292934656143
1428,0.020439788699150085,0.021599236875772476
1429,0.020966311916708946,0.02161715365946293
1430,0.021359113976359367,0.021640559658408165
1431,0.02117522433400154,0.021642791107296944
1432,0.020446231588721275,0.021617572754621506
1433,0.02115018106997013,0.021626407280564308
1434,0.02414112351834774,0.021600088104605675
1435,0.020470036193728447,0.02155890129506588
1436,0.02237687073647976,0.02154204435646534
1437,0.023041218519210815,0.021531466394662857
1438,0.02060290239751339,0.021557388827204704
1439,0.021882249042391777,0.021581385284662247
1440,0.021092331036925316,0.021631674841046333
1441,0.020104115828871727,0.021667025983333588
1442,0.02085057832300663,0.02166486531496048
1443,0.021874302998185158,0.021661460399627686
1444,0.02050362154841423,0.021655060350894928
1445,0.020374242216348648,0.02164214290678501
1446,0.02062983065843582,0.021618591621518135
1447,0.020932035520672798,0.02159547060728073
1448,0.021564891561865807,0.02157815359532833
1449,0.02121693827211857,0.021600738167762756
1450,0.020161574706435204,0.021616745740175247
1451,0.022253580391407013,0.02161964774131775
1452,0.020932167768478394,0.021604476496577263
1453,0.022568056359887123,0.02161983773112297
1454,0.021571557968854904,0.021604474633932114
1455,0.02111370861530304,0.02159903571009636
1456,0.020454520359635353,0.021596763283014297
1457,0.020538585260510445,0.021580582484602928
1458,0.021754665300250053,0.021591227501630783
1459,0.020818201825022697,0.02162664197385311
1460,0.02242223732173443,0.021631427109241486
1461,0.02062111347913742,0.021613601595163345
1462,0.020607588812708855,0.02161034382879734
1463,0.0208106841892004,0.021590476855635643
1464,0.021671853959560394,0.021592631936073303
1465,0.022435300052165985,0.021596506237983704
1466,0.02078610099852085,0.021619772538542747
1467,0.023480795323848724,0.021616823971271515
1468,0.021699946373701096,0.02161824144423008
1469,0.023335404694080353,0.021636078134179115
1470,0.021178754046559334,0.02166251838207245
1471,0.02232554741203785,0.02166198194026947
1472,0.022453341633081436,0.0216505229473114
1473,0.02019408904016018,0.021649256348609924
1474,0.02240445278584957,0.0216410830616951
1475,0.022029539570212364,0.021608565002679825
1476,0.01941254734992981,0.021611303091049194
1477,0.022157978266477585,0.021626217290759087
1478,0.019964072853326797,0.021640276536345482
1479,0.019848842173814774,0.021658185869455338
1480,0.021515775471925735,0.021673915907740593
1481,0.021578237414360046,0.021687859669327736
1482,0.02103441394865513,0.021686527878046036
1483,0.021219251677393913,0.02166159823536873
1484,0.021716507151722908,0.02165800705552101
1485,0.021558964625000954,0.021651005372405052
1486,0.021969811990857124,0.021633589640259743
1487,0.021352073177695274,0.021634327247738838
1488,0.02097717486321926,0.021638477221131325
1489,0.023131081834435463,0.021640116348862648
1490,0.024815859273076057,0.021658040583133698
1491,0.021879779174923897,0.0216770451515913
1492,0.022943340241909027,0.02170242927968502
1493,0.020770365372300148,0.021716175600886345
1494,0.023856446146965027,0.0217088982462883
1495,0.020873531699180603,0.021671142429113388
1496,0.022690555080771446,0.021641520783305168
1497,0.020916540175676346,0.021612226963043213
1498,0.020384443923830986,0.021594492718577385
1499,0.02150445431470871,0.02156924456357956
1500,0.022127408534288406,0.021584952250123024
1501,0.02146214246749878,0.02159781940281391
1502,0.02202487550675869,0.021567335352301598
1503,0.020181316882371902,0.021562688052654266
1504,0.021812215447425842,0.02154797874391079
1505,0.021464552730321884,0.02152375876903534
1506,0.02182403951883316,0.021506836637854576
1507,0.023403894156217575,0.0214957557618618
1508,0.021185554563999176,0.021480703726410866
1509,0.02038177102804184,0.021491238847374916
1510,0.02142793871462345,0.0214859489351511
1511,0.02206365391612053,0.021503685042262077
1512,0.02190973609685898,0.021496741101145744
1513,0.02138279750943184,0.021479008719325066
1514,0.02240418829023838,0.021491756662726402
1515,0.021026795729994774,0.02149958536028862
1516,0.021056707948446274,0.021493759006261826
1517,0.021305223926901817,0.0215060506016016
1518,0.022336507216095924,0.021507645025849342
1519,0.02040085382759571,0.021523352712392807
1520,0.018309112638235092,0.021536262705922127
1521,0.02161586470901966,0.02155640907585621
1522,0.021861277520656586,0.021576685830950737
1523,0.020879046991467476,0.021593157202005386
1524,0.021035086363554,0.021611113101243973
1525,0.02207399159669876,0.02160811424255371
1526,0.020526397973299026,0.02159457840025425
1527,0.021848110482096672,0.02156640775501728
1528,0.022574422881007195,0.02156822383403778
1529,0.021653035655617714,0.021556992083787918
1530,0.020146116614341736,0.021590666845440865
1531,0.022769497707486153,0.021608928218483925
1532,0.020883632823824883,0.021591713652014732
1533,0.021514764055609703,0.02157927304506302
1534,0.021612655371427536,0.021577544510364532
1535,0.0228127371519804,0.02156040258705616
1536,0.021944785490632057,0.021546117961406708
1537,0.021143551915884018,0.021551886573433876
1538,0.02042332850396633,0.0215609073638916
1539,0.02017981745302677,0.021562693640589714
1540,0.02179625816643238,0.021576128900051117
1541,0.020539019256830215,0.02156810462474823
1542,0.020752927288413048,0.02155846543610096
1543,0.021253839135169983,0.02153288573026657
1544,0.0202848669141531,0.021494081243872643
1545,0.021960515528917313,0.021497294306755066
1546,0.01991506852209568,0.02150375209748745
1547,0.019923413172364235,0.021494682878255844
1548,0.020781205967068672,0.021509332582354546
1549,0.021665552631020546,0.0215202197432518
1550,0.02185923233628273,0.021494628861546516
1551,0.02239731140434742,0.0214861948043108
1552,0.02191457338631153,0.021479874849319458
1553,0.020602714270353317,0.021480264142155647
1554,0.021183190867304802,0.02148275636136532
1555,0.021241482347249985,0.021510755643248558
1556,0.02134431153535843,0.021529220044612885
1557,0.020839538425207138,0.02153506502509117
1558,0.020526181906461716,0.02155088260769844
1559,0.02211230807006359,0.021546391770243645
1560,0.021323738619685173,0.021562891080975533
1561,0.021784517914056778,0.021591637283563614
1562,0.020540399476885796,0.02162826806306839
1563,0.020173845812678337,0.021683013066649437
1564,0.020626991987228394,0.021726736798882484
1565,0.020433099940419197,0.021718624979257584
1566,0.019535237923264503,0.021675001829862595
1567,0.020467789843678474,0.021647300571203232
1568,0.02180219627916813,0.021610641852021217
1569,0.021582921966910362,0.02159050665795803
1570,0.020214304327964783,0.021579546853899956
1571,0.021299488842487335,0.021582528948783875
1572,0.021263467147946358,0.021565299481153488
1573,0.020776310935616493,0.02154272422194481
1574,0.021334638819098473,0.021523190662264824
1575,0.022684521973133087,0.021525807678699493
1576,0.021796975284814835,0.021518437191843987
1577,0.020438535138964653,0.02152758277952671
1578,0.021101107820868492,0.02150259166955948
1579,0.021007321774959564,0.021521322429180145
1580,0.021378198638558388,0.021521255373954773
1581,0.022860217839479446,0.021533124148845673
1582,0.02022799663245678,0.02152251824736595
1583,0.01989489607512951,0.02153625153005123
1584,0.02011409029364586,0.02154526300728321
1585,0.020518353208899498,0.021554335951805115
1586,0.02237992361187935,0.021557776257395744
1587,0.02135530859231949,0.021596675738692284
1588,0.02269240841269493,0.021622339263558388
1589,0.02007092908024788,0.02163625694811344
1590,0.02133743092417717,0.02164919674396515
1591,0.021794330328702927,0.021649545058608055
1592,0.021648310124874115,0.02162432111799717
1593,0.021550917997956276,0.021632257848978043
1594,0.02038830891251564,0.021633703261613846
1595,0.020082799717783928,0.02163609117269516
1596,0.02169090136885643,0.021630005910992622
1597,0.019599758088588715,0.02161405235528946
1598,0.022997254505753517,0.021555664017796516
1599,0.020723475143313408,0.021548189222812653
1600,0.02099052257835865,0.021538907662034035
1601,0.020317215472459793,0.021490812301635742
1602,0.021341688930988312,0.021487373858690262
1603,0.023165034130215645,0.02147188037633896
1604,0.019217032939195633,0.021468671038746834
1605,0.020480457693338394,0.02146889455616474
1606,0.020774422213435173,0.021486280485987663
1607,0.020634599030017853,0.021496770903468132
1608,0.02046152949333191,0.021492497995495796
1609,0.020761894062161446,0.021482404321432114
1610,0.020260773599147797,0.02149096317589283
1611,0.022008102387189865,0.021482257172465324
1612,0.022188369184732437,0.021508371457457542
1613,0.02181529626250267,0.021541353315114975
1614,0.02216953970491886,0.021530352532863617
1615,0.021067330613732338,0.02153591252863407
1616,0.02093714289367199,0.021574238315224648
1617,0.022468626499176025,0.021538736298680305
1618,0.022035544738173485,0.021524041891098022
1619,0.022645840421319008,0.02150988020002842
1620,0.020129380747675896,0.021532388404011726
1621,0.022154903039336205,0.021527327597141266
1622,0.02065511979162693,0.021532712504267693
1623,0.021113405004143715,0.021547172218561172
1624,0.020610066130757332,0.021564673632383347
1625,0.021007094532251358,0.02157500758767128
1626,0.019089756533503532,0.021579833701252937
1627,0.020227793604135513,0.021567655727267265
1628,0.020196205005049706,0.021560709923505783
1629,0.022560905665159225,0.02155163139104843
1630,0.022494493052363396,0.021553831174969673
1631,0.022284746170043945,0.0215456560254097
1632,0.021921545267105103,0.02153857797384262
1633,0.02119230106472969,0.021507350727915764
1634,0.02021803893148899,0.021524524316191673
1635,0.021136555820703506,0.021535370498895645
1636,0.02263287641108036,0.021524429321289062
1637,0.022409193217754364,0.021528080105781555
1638,0.02144550532102585,0.021540142595767975
1639,0.022203534841537476,0.02154933474957943
1640,0.020513392984867096,0.021571658551692963
1641,0.02185824140906334,0.02155151031911373
1642,0.022997869178652763,0.0215300265699625
1643,0.022669421508908272,0.021533584222197533
1644,0.020296264439821243,0.021545400843024254
1645,0.021982012316584587,0.021543273702263832
1646,0.021247541531920433,0.021549317985773087
1647,0.021379521116614342,0.021533068269491196
1648,0.021298855543136597,0.021508414298295975
1649,0.020915644243359566,0.021501416340470314
1650,0.0225943885743618,0.021489905193448067
1651,0.020337700843811035,0.021455543115735054
1652,0.021504729986190796,0.021434281021356583
1653,0.021414654329419136,0.021413490176200867
1654,0.020190194249153137,0.021391836926341057
1655,0.02120389975607395,0.02139516919851303
1656,0.019861320033669472,0.021381434053182602
1657,0.02092348225414753,0.021397307515144348
1658,0.022018827497959137,0.021408328786492348
1659,0.02102801203727722,0.021442532539367676
1660,0.021517978981137276,0.02146235480904579
1661,0.021527575328946114,0.021492158994078636
1662,0.020239470526576042,0.021518489345908165
1663,0.02234502136707306,0.021519295871257782
1664,0.021122751757502556,0.021541325375437737
1665,0.022070003673434258,0.021562177687883377
1666,0.023328186944127083,0.02154535986483097
1667,0.022829681634902954,0.021501028910279274
1668,0.02062261290848255,0.02151392586529255
1669,0.0218635443598032,0.021508948877453804
1670,0.0219484344124794,0.021500641480088234
1671,0.02192460373044014,0.02150045894086361
1672,0.02183692343533039,0.021514717489480972
1673,0.021221090108156204,0.021491488441824913
1674,0.020969726145267487,0.021462831646203995
1675,0.020492196083068848,0.021446706727147102
1676,0.021302729845046997,0.02145630680024624
1677,0.021433241665363312,0.02145569771528244
1678,0.020020751282572746,0.021458402276039124
1679,0.020136455073952675,0.021467357873916626
1680,0.021812718361616135,0.021476080641150475
1681,0.021619610488414764,0.021456394344568253
1682,0.021118657663464546,0.02144147828221321
1683,0.01991354674100876,0.02142021805047989
1684,0.02049381472170353,0.021415140479803085
1685,0.0207537729293108,0.02142438478767872
1686,0.02287929877638817,0.02144571766257286
1687,0.01989925466477871,0.021438060328364372
1688,0.020499730482697487,0.021444525569677353
1689,0.01900131069123745,0.02142883837223053
1690,0.01939656026661396,0.02143302746117115
1691,0.021745501086115837,0.02142108976840973
1692,0.021027445793151855,0.021413752809166908
1693,0.020790113136172295,0.021432649344205856
1694,0.02088330313563347,0.02142595313489437
1695,0.02238440327346325,0.021408909931778908
1696,0.021692762151360512,0.021421674638986588
1697,0.021292399615049362,0.02144385315477848
1698,0.021577754989266396,0.02144858054816723
1699,0.02263219654560089,0.021469786763191223
1700,0.02221013233065605,0.021459046751260757
1701,0.020329734310507774,0.021465236321091652
1702,0.021533586084842682,0.021494826301932335
1703,0.01955574005842209,0.021496450528502464
1704,0.020230140537023544,0.02149359881877899
1705,0.022847816348075867,0.021514004096388817
1706,0.019951259717345238,0.02150139957666397
1707,0.022045845165848732,0.021503059193491936
1708,0.021333834156394005,0.021526416763663292
1709,0.021603211760520935,0.021543854847550392
1710,0.020953962579369545,0.021566713228821754
1711,0.021607540547847748,0.02156415767967701
1712,0.01972506381571293,0.02157542109489441
1713,0.021375853568315506,0.02155051939189434
1714,0.0227747093886137,0.021516649052500725
1715,0.019772376865148544,0.021491236984729767
1716,0.020413853228092194,0.0214932132512331
1717,0.020057080313563347,0.021505294367671013
1718,0.02049953117966652,0.02150951512157917
1719,0.01915435492992401,0.021544359624385834
1720,0.018918994814157486,0.021541820839047432
1721,0.022654471918940544,0.021539678797125816
1722,0.021952422335743904,0.02152114175260067
1723,0.02134094014763832,0.02153097838163376
1724,0.022013146430253983,0.0215552169829607
1725,0.020678188651800156,0.021556781604886055
1726,0.01932946778833866,0.021564573049545288
1727,0.022641612216830254,0.021574601531028748
1728,0.02182673290371895,0.021578237414360046
1729,0.01937767304480076,0.021583693102002144
1730,0.021173274144530296,0.02156810089945793
1731,0.021480439230799675,0.021574372425675392
1732,0.01996246725320816,0.02156801149249077
1733,0.022057771682739258,0.021562056615948677
1734,0.022322800010442734,0.021556269377470016
1735,0.02254563383758068,0.02153805084526539
1736,0.021763207390904427,0.02151685580611229
1737,0.022173967212438583,0.021540788933634758
1738,0.020173845812678337,0.021570701152086258
1739,0.02100997231900692,0.02154882811009884
1740,0.02040674537420273,0.021530166268348694
1741,0.022406283766031265,0.021538784727454185
1742,0.02194558084011078,0.021543817594647408
1743,0.020042743533849716,0.02152448520064354
1744,0.019984960556030273,0.02149876020848751
1745,0.0207822322845459,0.021503187716007233
1746,0.02198120206594467,0.021472323685884476
1747,0.021530117839574814,0.02147737145423889
1748,0.02181515283882618,0.021472128108143806
1749,0.021432211622595787,0.02146490104496479
1750,0.021846119314432144,0.021455995738506317
1751,0.01960911974310875,0.02144678309559822
1752,0.021172743290662766,0.021468112245202065
1753,0.020489010959863663,0.02149956487119198
1754,0.02093500643968582,0.02151276171207428
1755,0.021268481388688087,0.021540183573961258
1756,0.023435696959495544,0.021540075540542603
1757,0.022227691486477852,0.021535160019993782
1758,0.022140750661492348,0.02152867428958416
1759,0.020889190956950188,0.021502189338207245
1760,0.02050143852829933,0.021494263783097267
1761,0.020233869552612305,0.021504011005163193
1762,0.021949518471956253,0.021509375423192978
1763,0.02097455784678459,0.021517209708690643
1764,0.022993430495262146,0.021531378850340843
1765,0.020685536786913872,0.021536126732826233
1766,0.0202577356249094,0.02153059095144272
1767,0.02093919739127159,0.021522996947169304
1768,0.021123064681887627,0.021535729989409447
1769,0.02104218304157257,0.021527044475078583
1770,0.020757531747221947,0.021516643464565277
1771,0.021019363775849342,0.02152630127966404
1772,0.022704705595970154,0.02151978388428688
1773,0.019629035145044327,0.021523885428905487
1774,0.021345816552639008,0.021537449210882187
1775,0.020626116544008255,0.02152710035443306
1776,0.021641261875629425,0.02149171382188797
1777,0.01947190798819065,0.02149658277630806
1778,0.023682599887251854,0.021506302058696747
1779,0.021404586732387543,0.021519623696804047
1780,0.02123439870774746,0.021503740921616554
1781,0.019966445863246918,0.02148314379155636
1782,0.022050149738788605,0.021465830504894257
1783,0.022064058110117912,0.02145482785999775
1784,0.021635189652442932,0.021477963775396347
1785,0.020569385960698128,0.021521056070923805
1786,0.022241905331611633,0.021533682942390442
1787,0.02285005711019039,0.021520817652344704
1788,0.02224799618124962,0.021518340334296227
1789,0.02219047211110592,0.021505281329154968
1790,0.022360624745488167,0.021482912823557854
1791,0.02036159113049507,0.021473929286003113
1792,0.020548995584249496,0.02145649865269661
1793,0.020783226937055588,0.021440232172608376
1794,0.01933464966714382,0.02144728973507881
1795,0.022278573364019394,0.021447010338306427
1796,0.020521318539977074,0.021451907232403755
1797,0.0196014866232872,0.02146100625395775
1798,0.020982779562473297,0.021460335701704025
1799,0.022060440853238106,0.02145533263683319
1800,0.021356483921408653,0.021448010578751564
1801,0.021770810708403587,0.02144978940486908
1802,0.020888501778244972,0.021456200629472733
1803,0.021368004381656647,0.021454280242323875
1804,0.021351246163249016,0.02145092934370041
1805,0.020784512162208557,0.021456513553857803
1806,0.021308863535523415,0.021451296284794807
1807,0.020433250814676285,0.02144922874867916
1808,0.02013245038688183,0.021476585417985916
1809,0.02119959145784378,0.02148774266242981
1810,0.023241594433784485,0.02149287238717079
1811,0.020854955539107323,0.021471720188856125
1812,0.022011715918779373,0.021469086408615112
1813,0.0216273982077837,0.02145029418170452
1814,0.023397473618388176,0.02144695073366165
1815,0.019691942259669304,0.021457938477396965
1816,0.021498369053006172,0.02146776393055916
1817,0.020186882466077805,0.02145981229841709
1818,0.021281646564602852,0.02144489996135235
1819,0.022191455587744713,0.02144981548190117
1820,0.02010149322450161,0.021431606262922287
1821,0.02006070874631405,0.021417679265141487
1822,0.02061578258872032,0.021431460976600647
1823,0.022045310586690903,0.02139412797987461
1824,0.020544730126857758,0.0213992390781641
1825,0.02192825637757778,0.0214155875146389
1826,0.020420443266630173,0.02142915315926075
1827,0.02116968296468258,0.021442357450723648
1828,0.023000309243798256,0.021446870639920235
1829,0.021628137677907944,0.021448202431201935
1830,0.022077010944485664,0.021441271528601646
1831,0.02218686230480671,0.021392425522208214
1832,0.022178050130605698,0.021381478756666183
1833,0.021433698013424873,0.021378343924880028
1834,0.0206314567476511,0.0213782861828804
1835,0.02134961634874344,0.021378520876169205
1836,0.020280905067920685,0.021405445411801338
1837,0.020204655826091766,0.021412841975688934
1838,0.02122959867119789,0.021410854533314705
1839,0.022941572591662407,0.021407028660178185
1840,0.019934305921196938,0.02140093222260475
1841,0.0205859187990427,0.02139095962047577
1842,0.021114686504006386,0.02138712629675865
1843,0.021134305745363235,0.021386679261922836
1844,0.022423498332500458,0.021385692059993744
1845,0.02116716280579567,0.02138330228626728
1846,0.020395532250404358,0.02138320729136467
1847,0.02175021544098854,0.02138007991015911
1848,0.020006004720926285,0.02137366682291031
1849,0.021131495013833046,0.02138875052332878
1850,0.021291140466928482,0.02143067866563797
1851,0.021963045001029968,0.02145557850599289
1852,0.019902093335986137,0.02145996317267418
1853,0.019025703892111778,0.0214766263961792
1854,0.02038484439253807,0.0214987862855196
1855,0.02337518148124218,0.02154754474759102
1856,0.017990736290812492,0.021540673449635506
1857,0.02227128855884075,0.02152966521680355
1858,0.02338283136487007,0.02152066119015217
1859,0.021414965391159058,0.021508894860744476
1860,0.021136999130249023,0.021501317620277405
1861,0.021026281639933586,0.02148890309035778
1862,0.02146095223724842,0.021477671340107918
1863,0.020177597180008888,0.02144838497042656
1864,0.01975775882601738,0.021456001326441765
1865,0.023297298699617386,0.021454812958836555
1866,0.021160097792744637,0.02146194688975811
1867,0.02451455406844616,0.021465647965669632
1868,0.02020290307700634,0.02147940918803215
1869,0.022153079509735107,0.021466810256242752
1870,0.021002085879445076,0.021457061171531677
1871,0.022113030776381493,0.021431248635053635
1872,0.020762739703059196,0.021427271887660027
1873,0.01993327960371971,0.021428296342492104
1874,0.021446863189339638,0.021421387791633606
1875,0.02233387716114521,0.021439969539642334
1876,0.022304998710751534,0.02143886126577854
1877,0.020850561559200287,0.021420419216156006
1878,0.020871153101325035,0.021396752446889877
1879,0.021337231621146202,0.02142539620399475
1880,0.022556042298674583,0.021441088989377022
1881,0.02046979032456875,0.021473713219165802
1882,0.020360779017210007,0.021487507969141006
1883,0.022357085719704628,0.021502148360013962
1884,0.02053680643439293,0.021475551649928093
1885,0.02105250023305416,0.021444978192448616
1886,0.021151673048734665,0.021397288888692856
1887,0.02006646618247032,0.02136574126780033
1888,0.021144462749361992,0.02136301063001156
1889,0.0227397158741951,0.02138528972864151
1890,0.02030661702156067,0.021393710747361183
1891,0.022779595106840134,0.021368911489844322
1892,0.02011840045452118,0.02139667421579361
1893,0.020132368430495262,0.021404912695288658
1894,0.020509779453277588,0.021417923271656036
1895,0.02164788544178009,0.02142293192446232
1896,0.021270280703902245,0.021417738869786263
1897,0.019231300801038742,0.02141464874148369
1898,0.020773550495505333,0.02141234651207924
1899,0.021858016029000282,0.021407710388302803
1900,0.021733319386839867,0.021435445174574852
1901,0.022051461040973663,0.02145121432840824
1902,0.0222384762018919,0.021472018212080002
1903,0.020186640322208405,0.021464062854647636
1904,0.01961548812687397,0.02147543802857399
1905,0.019141647964715958,0.02144736424088478
1906,0.019605837762355804,0.021427245810627937
1907,0.019899995997548103,0.02142995409667492
1908,0.020254753530025482,0.02141420729458332
1909,0.020799808204174042,0.021417338401079178
1910,0.02197032794356346,0.021405577659606934
1911,0.021699000149965286,0.021408354863524437
1912,0.02040918730199337,0.021409790962934494
1913,0.020967720076441765,0.02140963263809681
1914,0.020671524107456207,0.02137855812907219
1915,0.021928589791059494,0.02138691395521164
1916,0.02125248871743679,0.02141501195728779
1917,0.020293906331062317,0.021418580785393715
1918,0.020600570365786552,0.021472107619047165
1919,0.019831674173474312,0.021534061059355736
1920,0.02037022076547146,0.021535947918891907
1921,0.023151619359850883,0.021495483815670013
1922,0.02288268320262432,0.02145535685122013
1923,0.021013950929045677,0.021439848467707634
1924,0.021235233172774315,0.021413467824459076
1925,0.019599027931690216,0.021423762664198875
1926,0.02120950259268284,0.021433204412460327
1927,0.0199247058480978,0.02142951637506485
1928,0.022681212052702904,0.021443089470267296
1929,0.020814871415495872,0.02145613171160221
1930,0.021577153354883194,0.021450847387313843
1931,0.01985168270766735,0.021429799497127533
1932,0.020122850313782692,0.021468641236424446
1933,0.020787149667739868,0.021478649228811264
1934,0.021151423454284668,0.021457523107528687
1935,0.020424051210284233,0.021462809294462204
1936,0.021266672760248184,0.02145354263484478
1937,0.022884629666805267,0.0214369036257267
1938,0.019789915531873703,0.021432088688015938
1939,0.02101394161581993,0.02142099291086197
1940,0.020011238753795624,0.02141924761235714
1941,0.02105008251965046,0.02141411229968071
1942,0.02042235992848873,0.021441547200083733
1943,0.020112421363592148,0.021449871361255646
1944,0.018806790933012962,0.02145569585263729
1945,0.021666595712304115,0.021459367126226425
1946,0.02075769007205963,0.02147573232650757
1947,0.019829655066132545,0.0214786846190691
1948,0.01973346620798111,0.021485786885023117
1949,0.020969802513718605,0.02148459665477276
1950,0.018558213487267494,0.021474596112966537
1951,0.020632926374673843,0.021496064960956573
1952,0.022139931097626686,0.021479180082678795
1953,0.02213907055556774,0.021461697295308113
1954,0.02124376781284809,0.021447939798235893
1955,0.021370217204093933,0.02147509902715683
1956,0.021960660815238953,0.021495429798960686
1957,0.02012360282242298,0.021510019898414612
1958,0.02155718021094799,0.021526673808693886
1959,0.020117944106459618,0.021519148722290993
1960,0.020734481513500214,0.021512940526008606
1961,0.021719444543123245,0.021507704630494118
1962,0.01933971233665943,0.021511860191822052
1963,0.021505309268832207,0.021503260359168053
1964,0.022404801100492477,0.021493669599294662
1965,0.021641060709953308,0.02152368053793907
1966,0.01885756105184555,0.021548977121710777
1967,0.022085953503847122,0.021577991545200348
1968,0.02146049588918686,0.02158329263329506
1969,0.02117440663278103,0.02160118706524372
1970,0.021843990311026573,0.02160322107374668
1971,0.02155083417892456,0.021613502874970436
1972,0.021906627342104912,0.021610677242279053
1973,0.02030024118721485,0.021583057940006256
1974,0.02055290900170803,0.021592995151877403
1975,0.023007379844784737,0.02157437615096569
1976,0.02109031192958355,0.02155178412795067
1977,0.021947946399450302,0.02150849997997284
1978,0.021755792200565338,0.021490100771188736
1979,0.0231469813734293,0.021497169509530067
1980,0.020253967493772507,0.021520525217056274
1981,0.022003643214702606,0.02150808647274971
1982,0.018570339307188988,0.02151699922978878
1983,0.020950237289071083,0.021502571180462837
1984,0.02003348059952259,0.021496951580047607
1985,0.021695995703339577,0.021488890051841736
1986,0.019500568509101868,0.021459847688674927
1987,0.021104568615555763,0.02142317034304142
1988,0.02226429246366024,0.02142968215048313
1989,0.020356953144073486,0.021422434598207474
1990,0.02173791080713272,0.021419210359454155
1991,0.02148045040667057,0.021441668272018433
1992,0.021537603810429573,0.02146182581782341
1993,0.02119709737598896,0.021465731784701347
1994,0.02206255868077278,0.02146724984049797
1995,0.019921408966183662,0.02147044613957405
1996,0.022485440596938133,0.021465759724378586
1997,0.02164505235850811,0.021483229473233223
1998,0.021175814792513847,0.02147706039249897
1999,0.02076088637113571,0.02147435024380684
2000,0.021935710683465004,0.021492650732398033
2001,0.021418286487460136,0.021501289680600166
2002,0.02269275113940239,0.021506091579794884
2003,0.020230354741215706,0.021514344960451126
2004,0.02128031477332115,0.021465694531798363
2005,0.02081475779414177,0.02147633768618107
2006,0.02032315917313099,0.02145824395120144
2007,0.0219279732555151,0.021475236862897873
2008,0.022549645975232124,0.021483127027750015
2009,0.02117382362484932,0.021454792469739914
2010,0.022241435945034027,0.021462509408593178
2011,0.020866142585873604,0.021475661545991898
2012,0.019678480923175812,0.02143131196498871
2013,0.021742844954133034,0.021407855674624443
2014,0.0214860700070858,0.02135501615703106
2015,0.02097242698073387,0.02135690301656723
2016,0.019324015825986862,0.021380744874477386
2017,0.022076252847909927,0.02137998305261135
2018,0.02165599726140499,0.021404866129159927
2019,0.021896183490753174,0.021424947306513786
2020,0.021583400666713715,0.02144126407802105
2021,0.02109423652291298,0.021432870998978615
2022,0.021414998918771744,0.021399229764938354
2023,0.02102798968553543,0.0213879756629467
2024,0.021157272160053253,0.021393902599811554
2025,0.02091505378484726,0.02141297422349453
2026,0.021451931446790695,0.021413186565041542
2027,0.019947703927755356,0.021424664184451103
2028,0.020926492288708687,0.021421127021312714
2029,0.020423581823706627,0.021441198885440826
2030,0.020575493574142456,0.02145039662718773
2031,0.022549787536263466,0.021472124382853508
2032,0.021846825256943703,0.021484315395355225
2033,0.021476248279213905,0.02149505354464054
2034,0.020305387675762177,0.021518122404813766
2035,0.021388335153460503,0.021515220403671265
2036,0.020033471286296844,0.021518360823392868
2037,0.020883653312921524,0.02152135781943798
2038,0.021627308800816536,0.021497640758752823
2039,0.02051115408539772,0.02148369885981083
2040,0.020216215401887894,0.021443447098135948
2041,0.019952643662691116,0.021432694047689438
2042,0.020358070731163025,0.021421095356345177
2043,0.018678857013583183,0.021409720182418823
2044,0.02201732061803341,0.021381791681051254
2045,0.020312491804361343,0.021381691098213196
2046,0.02088126912713051,0.021383721381425858
2047,0.019270770251750946,0.021375736221671104
2048,0.021017564460635185,0.0214037224650383
2049,0.021145470440387726,0.02140852063894272
2050,0.02008523978292942,0.021435534581542015
2051,0.01961165852844715,0.02146819792687893
2052,0.02054903283715248,0.021475203335285187
2053,0.020337382331490517,0.021482929587364197
2054,0.020295066758990288,0.021477527916431427
2055,0.021116117015480995,0.02146914042532444
2056,0.022304296493530273,0.02146373689174652
2057,0.021777920424938202,0.021451223641633987
2058,0.020460255444049835,0.021425016224384308
2059,0.020301977172493935,0.021409759297966957
2060,0.02053041197359562,0.021418845281004906
2061,0.019404049962759018,0.021428482607007027
2062,0.02075211890041828,0.021473394706845284
2063,0.019623037427663803,0.021507279947400093
2064,0.021866178140044212,0.021513793617486954
2065,0.022294629365205765,0.021501410752534866
2066,0.02229587361216545,0.021465932950377464
2067,0.021187955513596535,0.021446000784635544
2068,0.020262084901332855,0.021419303491711617
2069,0.019596528261899948,0.021404407918453217
2070,0.01981566660106182,0.02138528600335121
2071,0.02029580809175968,0.02135859988629818
2072,0.02140900492668152,0.021351175382733345
2073,0.02090556174516678,0.02134620025753975
2074,0.02278320863842964,0.021373040974140167
2075,0.02151510864496231,0.021374553442001343
2076,0.021683910861611366,0.02139190398156643
2077,0.023090045899152756,0.021403158083558083
2078,0.02119755558669567,0.021410008892416954
2079,0.020824376493692398,0.02141897939145565
2080,0.021726040169596672,0.021429482847452164
2081,0.020391954109072685,0.02143692411482334
2082,0.022039825096726418,0.021439258009195328
2083,0.01920463889837265,0.021448038518428802
2084,0.01946493797004223,0.02146470546722412
2085,0.01987323723733425,0.021458258852362633
2086,0.020661113783717155,0.021459126845002174
2087,0.02067405916750431,0.021442120894789696
2088,0.019866108894348145,0.021416500210762024
2089,0.020917817950248718,0.02139727771282196
2090,0.021215785294771194,0.021376289427280426
2091,0.020325053483247757,0.021348750218749046
2092,0.02180364727973938,0.02134636603295803
2093,0.02035706862807274,0.02132902853190899
2094,0.01999945193529129,0.021331390365958214
2095,0.020024290308356285,0.02132810465991497
2096,0.02229837141931057,0.02132948487997055
2097,0.020039508119225502,0.021359888836741447
2098,0.02220945432782173,0.0213729590177536
2099,0.02064802125096321,0.021392228081822395
2100,0.01950743794441223,0.021406326442956924
2101,0.022966472432017326,0.021418927237391472
2102,0.019629832357168198,0.021442696452140808
2103,0.01979958452284336,0.021462857723236084
2104,0.02024625428020954,0.02146628312766552
2105,0.020721420645713806,0.021442744880914688
2106,0.02026347815990448,0.021450890228152275
2107,0.02080487832427025,0.02143903449177742
2108,0.020933398976922035,0.02143091708421707
2109,0.021667033433914185,0.0213996022939682
2110,0.020786447450518608,0.021405667066574097
2111,0.020030399784445763,0.02140044793486595
2112,0.021393507719039917,0.0213957317173481
2113,0.0213928185403347,0.021406223997473717
2114,0.020646290853619576,0.021429309621453285
2115,0.021847611293196678,0.021478688344359398
2116,0.021472472697496414,0.02152305096387863
2117,0.019164862111210823,0.021526090800762177
2118,0.02052631601691246,0.02151275798678398
2119,0.022536324337124825,0.021480010822415352
2120,0.019737984985113144,0.02143203094601631
2121,0.02287614718079567,0.021410273388028145
2122,0.02041514217853546,0.021414250135421753
2123,0.020473985001444817,0.02143263816833496
2124,0.019869688898324966,0.021442070603370667
2125,0.02121744491159916,0.02144659496843815
2126,0.021570319309830666,0.02141307294368744
2127,0.020810682326555252,0.021390356123447418
2128,0.021976346150040627,0.021363014355301857
2129,0.021024692803621292,0.02135341428220272
2130,0.021292483434081078,0.021367693319916725
2131,0.02073591761291027,0.02134927175939083
2132,0.02245071716606617,0.02136099711060524
2133,0.0232576634734869,0.02136804349720478
2134,0.02115883119404316,0.02134012244641781
2135,0.02061174251139164,0.021334446966648102
2136,0.02232731133699417,0.02133875899016857
2137,0.022303687408566475,0.02137872204184532
2138,0.020263489335775375,0.021431803703308105
2139,0.02152397483587265,0.02142878994345665
2140,0.02103235200047493,0.021372487768530846
2141,0.02072843164205551,0.02133307233452797
2142,0.019711866974830627,0.02132459357380867
2143,0.02048221230506897,0.021329453215003014
2144,0.022176343947649002,0.02132897451519966
2145,0.02134440653026104,0.021340060979127884
2146,0.02271208167076111,0.021324055269360542
2147,0.02140801027417183,0.021295787766575813
2148,0.02007308229804039,0.021292289718985558
2149,0.020762572064995766,0.021286148577928543
2150,0.022895148023962975,0.02126457542181015
2151,0.020734278485178947,0.021277902647852898
2152,0.02087303437292576,0.02130901999771595
2153,0.021511800587177277,0.021320117637515068
2154,0.022304560989141464,0.02130352333188057
2155,0.022506970912218094,0.021304700523614883
2156,0.021170776337385178,0.021301211789250374
2157,0.020268764346837997,0.02131740190088749
2158,0.02254953794181347,0.021341867744922638
2159,0.02159844897687435,0.02134396880865097
2160,0.019787615165114403,0.02134784683585167
2161,0.02028290368616581,0.021372033283114433
2162,0.021669045090675354,0.021362120285630226
2163,0.02218201383948326,0.021349038928747177
2164,0.02068687230348587,0.02136017568409443
2165,0.019571134820580482,0.021353892982006073
2166,0.020826561376452446,0.021349646151065826
2167,0.019480274990200996,0.021354341879487038
2168,0.022583041340112686,0.021347710862755775
2169,0.02150699310004711,0.021324435248970985
2170,0.020662721246480942,0.02132490649819374
2171,0.021764082834124565,0.02132733352482319
2172,0.021513093262910843,0.021312132477760315
2173,0.01943640410900116,0.021316461265087128
2174,0.023482218384742737,0.021316563710570335
2175,0.020898424088954926,0.021338187158107758
2176,0.021532662212848663,0.0213259719312191
2177,0.02168220281600952,0.021334094926714897
2178,0.02221819758415222,0.021345235407352448
2179,0.0194748155772686,0.021375887095928192
2180,0.020954864099621773,0.021403197199106216
2181,0.022278817370533943,0.021416084840893745
2182,0.020519714802503586,0.021418007090687752
2183,0.01947229728102684,0.02141299843788147
2184,0.021662062034010887,0.021406540647149086
2185,0.01975236088037491,0.021414240822196007
2186,0.02154667302966118,0.02145814336836338
2187,0.021328603848814964,0.021500051021575928
2188,0.01888279803097248,0.02156783640384674
2189,0.022336112335324287,0.021614210680127144
2190,0.023372622206807137,0.021584689617156982
2191,0.022297797724604607,0.021559815853834152
2192,0.021023856475949287,0.021536581218242645
2193,0.023544354364275932,0.02150479145348072
2194,0.0224650576710701,0.02148454077541828
2195,0.02064204029738903,0.021443042904138565
2196,0.021354036405682564,0.02141309529542923
2197,0.021346183493733406,0.02143627591431141
2198,0.022918259724974632,0.02143166773021221
2199,0.02194778062403202,0.021440725773572922
2200,0.020350277423858643,0.02145145647227764
2201,0.0213147085160017,0.02143656089901924
2202,0.02218671329319477,0.02144772745668888
2203,0.023400278761982918,0.021419329568743706
2204,0.021361077204346657,0.021394748240709305
2205,0.020358875393867493,0.021359099075198174
2206,0.022407405078411102,0.021324072033166885
2207,0.021646497771143913,0.021307557821273804
2208,0.019206851720809937,0.02129136212170124
2209,0.021935133263468742,0.02129853330552578
2210,0.0224650539457798,0.021309610456228256
2211,0.0192993376404047,0.02134883590042591
2212,0.021096790209412575,0.021365664899349213
2213,0.020552167668938637,0.021383408457040787
2214,0.021547244861721992,0.0213933102786541
2215,0.01882859878242016,0.02139347791671753
2216,0.01886735111474991,0.021383265033364296
2217,0.02124805748462677,0.021379197016358376
2218,0.020212339237332344,0.021380726248025894
2219,0.02046065405011177,0.021356137469410896
2220,0.020957844331860542,0.021360287442803383
2221,0.023884765803813934,0.021363429725170135
2222,0.019436700269579887,0.02137652039527893
2223,0.020780429244041443,0.021408051252365112
2224,0.022371387109160423,0.0214417465031147
2225,0.021532446146011353,0.021457061171531677
2226,0.021090416237711906,0.02144160494208336
2227,0.022371554747223854,0.021443171426653862
2228,0.019921932369470596,0.021440522745251656
2229,0.02159629575908184,0.02141505479812622
2230,0.022554829716682434,0.02137899212539196
2231,0.020219676196575165,0.021358562633395195
2232,0.021475298330187798,0.02135257050395012
2233,0.021399980410933495,0.021320153027772903
2234,0.02214253693819046,0.021305344998836517
2235,0.020895542576909065,0.02131567895412445
2236,0.02195623889565468,0.021319055929780006
2237,0.021858422085642815,0.021327141672372818
2238,0.020643392577767372,0.021334897726774216
2239,0.01981668919324875,0.021303191781044006
2240,0.02150184102356434,0.02129075489938259
2241,0.021641673520207405,0.021256670355796814
2242,0.021260036155581474,0.02125212736427784
2243,0.02020556852221489,0.021267304196953773
2244,0.021604161709547043,0.021266527473926544
2245,0.019068893045186996,0.02125464379787445
2246,0.021446214988827705,0.021285826340317726
2247,0.019902851432561874,0.021294455975294113
2248,0.022368820384144783,0.021318849176168442
2249,0.01973351463675499,0.021306222304701805
2250,0.021463638171553612,0.021338239312171936
2251,0.02130419760942459,0.02135957032442093
2252,0.019307604059576988,0.02134959027171135
2253,0.0221039317548275,0.021340342238545418
2254,0.01920338161289692,0.021337617188692093
2255,0.02114940620958805,0.02135370299220085
2256,0.020969664677977562,0.02135578729212284
2257,0.021462388336658478,0.02135998010635376
2258,0.022213008254766464,0.021349791437387466
2259,0.02197840064764023,0.02137492224574089
2260,0.021567462012171745,0.02142168954014778
2261,0.020499365404248238,0.021463679149746895
2262,0.02048569917678833,0.021501097828149796
2263,0.02054322324693203,0.02149943821132183
2264,0.02046852372586727,0.021462637931108475
2265,0.022073036059737206,0.021434739232063293
2266,0.01850012131035328,0.021416831761598587
2267,0.02243320643901825,0.0214236993342638
2268,0.019767962396144867,0.02142862044274807
2269,0.021274114027619362,0.021435992792248726
2270,0.024253303185105324,0.02144940383732319
2271,0.020700503140687943,0.021464936435222626
2272,0.021528294309973717,0.021451452746987343
2273,0.020649593323469162,0.021469993516802788
2274,0.021671241149306297,0.021449053660035133
2275,0.02078213170170784,0.0214412659406662
2276,0.02121460810303688,0.021435242146253586
2277,0.0198886189609766,0.021440019831061363
2278,0.02082168683409691,0.021468231454491615
2279,0.021333426237106323,0.02145092748105526
2280,0.02194526605308056,0.02144806832075119
2281,0.020304115489125252,0.021450785920023918
2282,0.022191258147358894,0.021413233131170273
2283,0.02192523516714573,0.02142021432518959
2284,0.02072681114077568,0.021429991349577904
2285,0.021203098818659782,0.021418392658233643
2286,0.021919511258602142,0.021429991349577904
2287,0.021475892513990402,0.021432437002658844
2288,0.02179674059152603,0.021423323079943657
2289,0.02212870493531227,0.021405121311545372
2290,0.022253651171922684,0.021408796310424805
2291,0.021077336743474007,0.021421438083052635
2292,0.020306799560785294,0.021403655409812927
2293,0.020956899970769882,0.021407274529337883
2294,0.020316649228334427,0.02138357236981392
2295,0.02151194028556347,0.02137070894241333
2296,0.021453697234392166,0.021366875618696213
2297,0.020853227004408836,0.02135155163705349
2298,0.021069027483463287,0.021321263164281845
2299,0.02045472525060177,0.021313169971108437
2300,0.021214894950389862,0.021307628601789474
2301,0.0207902193069458,0.021309534087777138
2302,0.02040674351155758,0.02131614089012146
2303,0.02072661742568016,0.02131073549389839
2304,0.020372871309518814,0.021303538233041763
2305,0.021930502727627754,0.02130279317498207
2306,0.02050163410604,0.021331634372472763
2307,0.021761558949947357,0.021338418126106262
2308,0.020209528505802155,0.021345527842640877
2309,0.019476154819130898,0.02136312425136566
2310,0.02073642611503601,0.021374685689806938
2311,0.020179783925414085,0.02139976993203163
2312,0.020758749917149544,0.021402105689048767
2313,0.019284749403595924,0.021411679685115814
2314,0.020341692492365837,0.021375559270381927
2315,0.020204804837703705,0.021363943815231323
2316,0.020226482301950455,0.021353313699364662
2317,0.0205373652279377,0.021350190043449402
2318,0.02105782926082611,0.021338028833270073
2319,0.021242013201117516,0.021312842145562172
2320,0.022771606221795082,0.021303338930010796
2321,0.02215592935681343,0.02129574865102768
2322,0.022683724761009216,0.021315202116966248
2323,0.021605392917990685,0.021347718313336372
2324,0.02205881103873253,0.021351253613829613
2325,0.022135287523269653,0.021374396979808807
2326,0.020463453605771065,0.021394088864326477
2327,0.022241681814193726,0.021418940275907516
2328,0.02109360694885254,0.02144523710012436
2329,0.0210611242800951,0.02147858217358589
2330,0.02184119261801243,0.0215347521007061
2331,0.022040795534849167,0.021537940949201584
2332,0.02100479044020176,0.02155230939388275
2333,0.02108176425099373,0.02152576670050621
2334,0.020831571891903877,0.021473288536071777
2335,0.022934697568416595,0.0214395672082901
2336,0.018647365272045135,0.021446019411087036
2337,0.02080243080854416,0.02144993469119072
2338,0.022435687482357025,0.021466918289661407
2339,0.02231624349951744,0.021471789106726646
2340,0.02108193002641201,0.021465381607413292
2341,0.0228838250041008,0.02144869603216648
2342,0.02220231108367443,0.021419143304228783
2343,0.02073865383863449,0.021410098299384117
2344,0.020640289410948753,0.021393613889813423
2345,0.021628301590681076,0.02142215520143509
2346,0.020646853372454643,0.021428465843200684
2347,0.021136287599802017,0.0214312095195055
2348,0.020915962755680084,0.021430641412734985
2349,0.020285800099372864,0.02145799621939659
2350,0.0203605554997921,0.021426379680633545
2351,0.01934286579489708,0.021415965631604195
2352,0.021595070138573647,0.021411772817373276
2353,0.022625358775258064,0.021393563598394394
2354,0.02006007730960846,0.021407464519143105
2355,0.018883230164647102,0.021399905905127525
2356,0.02068735845386982,0.021426038816571236
2357,0.02092944085597992,0.021439237520098686
2358,0.020572494715452194,0.02143048122525215
2359,0.021107016131281853,0.021439144387841225
2360,0.020439032465219498,0.02141786925494671
2361,0.022209925577044487,0.021356604993343353
2362,0.02072085812687874,0.021334044635295868
2363,0.021720651537179947,0.021306786686182022
2364,0.019280707463622093,0.021302081644535065
2365,0.020308461040258408,0.021318897604942322
2366,0.021892759948968887,0.021322911605238914
2367,0.02029215730726719,0.021315721794962883
2368,0.021391358226537704,0.021313151344656944
2369,0.02115238830447197,0.021309223026037216
2370,0.02056216262280941,0.02129651978611946
2371,0.01952599361538887,0.021292082965373993
2372,0.0220932774245739,0.021270107477903366
2373,0.022053703665733337,0.021292492747306824
2374,0.02136128954589367,0.02133280411362648
2375,0.020828211680054665,0.021368738263845444
2376,0.02025960013270378,0.021361812949180603
2377,0.020238906145095825,0.02139425463974476
2378,0.020712971687316895,0.021364515647292137
2379,0.019286930561065674,0.02136847749352455
2380,0.021357592195272446,0.021352989599108696
2381,0.02082555554807186,0.02132808417081833
2382,0.022718720138072968,0.021319715306162834
2383,0.02189505286514759,0.021342016756534576
2384,0.0237645972520113,0.021362902596592903
2385,0.019607016816735268,0.021380968391895294
2386,0.021335454657673836,0.021386543288826942
2387,0.021008774638175964,0.021363291889429092
2388,0.021137719973921776,0.021341923624277115
2389,0.01986517570912838,0.021342286840081215
2390,0.02052532695233822,0.02133331634104252
2391,0.020640848204493523,0.0213150791823864
2392,0.020609160885214806,0.021328967064619064
2393,0.021390315145254135,0.021338775753974915
2394,0.022997355088591576,0.02132413163781166
2395,0.02135584130883217,0.021321620792150497
2396,0.020732510834932327,0.02131243795156479
2397,0.020712098106741905,0.02129358984529972
2398,0.02276182919740677,0.02125517837703228
2399,0.01968061365187168,0.02124251052737236
2400,0.01918480545282364,0.021236123517155647
2401,0.02184922620654106,0.021241320297122
2402,0.021842947229743004,0.021252935752272606
2403,0.021262506023049355,0.02125609666109085
2404,0.021979544311761856,0.02125236764550209
2405,0.018419582396745682,0.02127576619386673
2406,0.020931797102093697,0.02128296159207821
2407,0.020152302458882332,0.021288279443979263
2408,0.01997590810060501,0.021284908056259155
2409,0.01993618719279766,0.021281186491250992
2410,0.022201508283615112,0.02128303237259388
2411,0.0187237411737442,0.0212904941290617
2412,0.020610827952623367,0.021280795335769653
2413,0.021381234750151634,0.021273845806717873
2414,0.021250944584608078,0.021255649626255035
2415,0.02038128487765789,0.021265102550387383
2416,0.02083677612245083,0.02128351666033268
2417,0.01948469877243042,0.021295182406902313
2418,0.022213805466890335,0.021266290917992592
2419,0.023565413430333138,0.021255776286125183
2420,0.02198147214949131,0.02123223803937435
2421,0.021383460611104965,0.021242542192339897
2422,0.020907780155539513,0.021230848506093025
2423,0.019855352118611336,0.021250691264867783
2424,0.01938692480325699,0.02127506583929062
2425,0.021295662969350815,0.021254345774650574
2426,0.021409422159194946,0.02123773843050003
2427,0.02105713076889515,0.021247005090117455
2428,0.020725928246974945,0.02125132456421852
2429,0.020714767277240753,0.021256009116768837
2430,0.02025623247027397,0.02126655913889408
2431,0.02237556502223015,0.021260496228933334
2432,0.021038919687271118,0.021276338025927544
2433,0.020348042249679565,0.021289223805069923
2434,0.019955100491642952,0.021294238045811653
2435,0.02076171524822712,0.021266654133796692
2436,0.022380702197551727,0.021290652453899384
2437,0.022175393998622894,0.021295586600899696
2438,0.02123710699379444,0.021279700100421906
2439,0.020159579813480377,0.021256914362311363
2440,0.019689878448843956,0.021256068721413612
2441,0.0199118684977293,0.021270334720611572
2442,0.02060600183904171,0.021274255588650703
2443,0.021332399919629097,0.021304897964000702
2444,0.020919613540172577,0.02130565606057644
2445,0.0202993992716074,0.02129185013473034
2446,0.02248454838991165,0.0213107131421566
2447,0.019842926412820816,0.021297747269272804
2448,0.02143002673983574,0.021325478330254555
2449,0.021571332588791847,0.021332997828722
2450,0.021146565675735474,0.021331077441573143
2451,0.022417036816477776,0.021311013028025627
2452,0.022225037217140198,0.02131078764796257
2453,0.02015211246907711,0.02128668874502182
2454,0.021123655140399933,0.021278245374560356
2455,0.020881516858935356,0.02126968279480934
2456,0.02180331200361252,0.021255046129226685
2457,0.01921856962144375,0.021229134872555733
2458,0.022153133526444435,0.021222103387117386
2459,0.020221907645463943,0.02121751382946968
2460,0.018860135227441788,0.021217649802565575
2461,0.021303290501236916,0.02122184820473194
2462,0.02177608571946621,0.02122168429195881
2463,0.018718529492616653,0.02122441679239273
2464,0.02329663559794426,0.02121131122112274
2465,0.02133072540163994,0.02119276486337185
2466,0.020426716655492783,0.021196870133280754
2467,0.01885654777288437,0.02120727300643921
2468,0.020135728642344475,0.0212157741189003
2469,0.0202863160520792,0.021224763244390488
2470,0.019615480676293373,0.02123938500881195
2471,0.019560471177101135,0.02122555859386921
2472,0.020297495648264885,0.021240970119833946
2473,0.019205790013074875,0.021257324144244194
2474,0.021206408739089966,0.021278882399201393
2475,0.021614380180835724,0.02130652591586113
2476,0.02331143617630005,0.0213345754891634
2477,0.022024566307663918,0.02132282592356205
2478,0.021875955164432526,0.021318741142749786
2479,0.019643645733594894,0.02128812111914158
2480,0.020756378769874573,0.021311532706022263
2481,0.02014893852174282,0.02133128233253956
2482,0.019230999052524567,0.021342985332012177
2483,0.02016858011484146,0.021334785968065262
2484,0.020777540281414986,0.02131771482527256
2485,0.02128388173878193,0.02129399962723255
2486,0.022149454802274704,0.02126273885369301
2487,0.020858118310570717,0.021246684715151787
2488,0.02044077031314373,0.021240919828414917
2489,0.020570656284689903,0.021231552585959435
2490,0.02100163698196411,0.02124137431383133
2491,0.020079199224710464,0.021221105009317398
2492,0.02245945855975151,0.02122979611158371
2493,0.02349693700671196,0.021228257566690445
2494,0.02177918329834938,0.021229002624750137
2495,0.01944829523563385,0.021257130429148674
2496,0.01899399794638157,0.02124299295246601
2497,0.023018712177872658,0.021248778328299522
2498,0.02145192213356495,0.0212705098092556
2499,0.020711570978164673,0.02128022164106369
2500,0.020205697044730186,0.02128625474870205
2501,0.020131155848503113,0.021332256495952606
2502,0.01857178844511509,0.021365217864513397
2503,0.019572101533412933,0.021376345306634903
2504,0.02003057673573494,0.02136276476085186
2505,0.02098793350160122,0.0213458389043808
2506,0.02013465017080307,0.021321212872862816
2507,0.02013147808611393,0.021310491487383842
2508,0.01819511316716671,0.02130107954144478
2509,0.019614800810813904,0.021308526396751404
2510,0.019696418195962906,0.02131035178899765
2511,0.01986834779381752,0.021313820034265518
2512,0.020997757092118263,0.021304059773683548
2513,0.020254140719771385,0.021297479048371315
2514,0.01980552449822426,0.021293574944138527
2515,0.021489083766937256,0.021278884261846542
2516,0.019724149256944656,0.021279020234942436
2517,0.021475398913025856,0.021297164261341095
2518,0.021595047786831856,0.02130754664540291
2519,0.021219773218035698,0.02132474072277546
2520,0.0215026643127203,0.021341074258089066
2521,0.01921147294342518,0.02136235125362873
2522,0.019440431147813797,0.02136901766061783
2523,0.02062913589179516,0.021352507174015045
2524,0.02269788272678852,0.021349094808101654
2525,0.02091432921588421,0.02136416733264923
2526,0.02257872372865677,0.02136332355439663
2527,0.02134682983160019,0.02136339619755745
2528,0.0221738051623106,0.02137305773794651
2529,0.02181747555732727,0.02135128527879715
2530,0.01878797449171543,0.021332846954464912
2531,0.02029123157262802,0.02131122536957264
2532,0.018437683582305908,0.021355314180254936
2533,0.01934056542813778,0.02136462740600109
2534,0.022142115980386734,0.02139757201075554
2535,0.0202894639223814,0.021413832902908325
2536,0.022226542234420776,0.02143026515841484
2537,0.020806627348065376,0.02141416445374489
2538,0.020800605416297913,0.021415013819932938
2539,0.0220053531229496,0.021389557048678398
2540,0.021042518317699432,0.021335255354642868
2541,0.020694227889180183,0.021341590210795403
2542,0.020947370678186417,0.021376054733991623
2543,0.019550954923033714,0.021388504654169083
2544,0.021466635167598724,0.021403297781944275
2545,0.02212079055607319,0.021415967494249344
2546,0.018729660660028458,0.02142520435154438
2547,0.02138659730553627,0.021408159285783768
2548,0.022306034341454506,0.021381692960858345
2549,0.021588699892163277,0.021359464153647423
2550,0.020743412896990776,0.021328693255782127
2551,0.020165758207440376,0.021321851760149002
2552,0.020696984604001045,0.02130414918065071
2553,0.020865606144070625,0.021299656480550766
2554,0.020853064954280853,0.021312257274985313
2555,0.020988984033465385,0.021318631246685982
2556,0.020660778507590294,0.021321019157767296
2557,0.021077604964375496,0.02131369523704052
2558,0.01985631138086319,0.021336818113923073
2559,0.022586945444345474,0.021314671263098717
2560,0.02261379361152649,0.021325726062059402
2561,0.021527767181396484,0.02133025974035263
2562,0.021649131551384926,0.021365467458963394
2563,0.019449040293693542,0.02139444835484028
2564,0.021872039884328842,0.021398765966296196
2565,0.018841063603758812,0.02136164717376232
2566,0.019214661791920662,0.02136177569627762
2567,0.020960964262485504,0.02133970521390438
2568,0.02129407972097397,0.02133401669561863
2569,0.020129594951868057,0.02134658768773079
2570,0.02111733891069889,0.02135941945016384
2571,0.02076263725757599,0.021365204825997353
2572,0.020489418879151344,0.021336013451218605
2573,0.019305305555462837,0.021322516724467278
2574,0.022392980754375458,0.021338995546102524
2575,0.021739529445767403,0.021351883187890053
2576,0.02249431610107422,0.02134966105222702
2577,0.02106414921581745,0.021340109407901764
2578,0.019942481070756912,0.021347232162952423
2579,0.022115614265203476,0.021339863538742065
2580,0.020654652267694473,0.02135111764073372
2581,0.020668189972639084,0.021357987076044083
2582,0.022244099527597427,0.021359572187066078
2583,0.02062574215233326,0.021380720660090446
2584,0.023053791373968124,0.02136531099677086
2585,0.020118890330195427,0.021389733999967575
2586,0.019559986889362335,0.021382741630077362
2587,0.019859271124005318,0.02136094868183136
2588,0.021920420229434967,0.02135442942380905
2589,0.022531598806381226,0.02134888991713524
2590,0.019872859120368958,0.02134057506918907
2591,0.02120959758758545,0.02134086936712265
2592,0.021164841949939728,0.02134627476334572
2593,0.02287996932864189,0.021346094086766243
2594,0.02343570627272129,0.021331947296857834
2595,0.0207070242613554,0.02132025733590126
2596,0.02070453390479088,0.02130475826561451
2597,0.019846677780151367,0.021292371675372124
2598,0.019739720970392227,0.02127428911626339
2599,0.021404022350907326,0.021258104592561722
2600,0.020170098170638084,0.021263616159558296
2601,0.021136745810508728,0.02126876637339592
2602,0.018494879826903343,0.02130168490111828
2603,0.020872432738542557,0.02132026106119156
2604,0.02010374888777733,0.021355628967285156
2605,0.02296004630625248,0.021355900913476944
2606,0.02277151495218277,0.021378638222813606
2607,0.020324598997831345,0.021384406834840775
2608,0.021990494802594185,0.021375363692641258
2609,0.0193653404712677,0.021365543827414513
2610,0.021422067657113075,0.02138541266322136
2611,0.0203559473156929,0.021380819380283356
2612,0.020445091649889946,0.021397266536951065
2613,0.019370507448911667,0.021393239498138428
2614,0.02149263024330139,0.021352190524339676
2615,0.02134813368320465,0.02134060114622116
2616,0.0213887020945549,0.021338559687137604
2617,0.0218716599047184,0.021311502903699875
2618,0.02237960882484913,0.021303409710526466
2619,0.02024536207318306,0.02127603441476822
2620,0.020296862348914146,0.021280286833643913
2621,0.020181819796562195,0.021300485357642174
2622,0.020997967571020126,0.021262116730213165
2623,0.019876690581440926,0.02126147598028183
2624,0.020144164562225342,0.021264176815748215
2625,0.019758915528655052,0.02128029428422451
2626,0.021769564598798752,0.021310847252607346
2627,0.020250122994184494,0.021331394091248512
2628,0.019703270867466927,0.021337635815143585
2629,0.02114258147776127,0.02134091593325138
2630,0.02001207508146763,0.021327311173081398
2631,0.02082790620625019,0.021319815889000893
2632,0.021435845643281937,0.02133513055741787
2633,0.02208373136818409,0.021328840404748917
2634,0.019809912890195847,0.021318484097719193
2635,0.020923616364598274,0.02131584845483303
2636,0.019056670367717743,0.021329591050744057
2637,0.0197615846991539,0.02132846787571907
2638,0.019391430541872978,0.021312398836016655
2639,0.020747823640704155,0.02131825126707554
2640,0.02217816188931465,0.021306930109858513
2641,0.02072889730334282,0.02129792794585228
2642,0.023100608959794044,0.021283846348524094
2643,0.021486807614564896,0.021262990310788155
2644,0.0193934366106987,0.02124279923737049
2645,0.019614161923527718,0.02127506211400032
2646,0.019965939223766327,0.02125643752515316
2647,0.02139849215745926,0.021268580108880997
2648,0.020039305090904236,0.021284768357872963
2649,0.02168603427708149,0.02128416672348976
2650,0.02140762098133564,0.021322688087821007
2651,0.022398173809051514,0.021327883005142212
2652,0.019942916929721832,0.02129887230694294
2653,0.020441250875592232,0.02130594477057457
2654,0.018785318359732628,0.021265922114253044
2655,0.022331951186060905,0.021272169426083565
2656,0.021595222875475883,0.021281229332089424
2657,0.02000734955072403,0.021270539611577988
2658,0.021822134032845497,0.021297503262758255
2659,0.019606847316026688,0.021308504045009613
2660,0.022526748478412628,0.021322550252079964
2661,0.020261188969016075,0.021324895322322845
2662,0.020827356725931168,0.02132701501250267
2663,0.020546842366456985,0.021303506568074226
2664,0.01960056833922863,0.021291011944413185
2665,0.021152790635824203,0.02127087675035
2666,0.0226031132042408,0.021239811554551125
2667,0.020589368417859077,0.0212223120033741
2668,0.020590180531144142,0.021226195618510246
2669,0.019721733406186104,0.021228577941656113
2670,0.019140610471367836,0.021254008635878563
2671,0.02001636102795601,0.021272733807563782
2672,0.02268577739596367,0.021259021013975143
2673,0.019247518852353096,0.02121857926249504
2674,0.02099938504397869,0.02120729722082615
2675,0.019627632573246956,0.02120661921799183
2676,0.020840009674429893,0.021199267357587814
2677,0.019712219014763832,0.02124180644750595
2678,0.020821131765842438,0.021236909553408623
2679,0.022973423823714256,0.02125583589076996
2680,0.02124108374118805,0.021254975348711014
2681,0.020847296342253685,0.021251047030091286
2682,0.019987286999821663,0.0212386604398489
2683,0.01979774422943592,0.021252192556858063
2684,0.02227308228611946,0.021264951676130295
2685,0.02178732119500637,0.021260425448417664
2686,0.021566063165664673,0.021299943327903748
2687,0.01892920397222042,0.02129938267171383
2688,0.020962636917829514,0.02134411782026291
2689,0.02205202542245388,0.021346289664506912
2690,0.020940328016877174,0.021354511380195618
2691,0.01994364708662033,0.021313989534974098
2692,0.020138705149292946,0.021311704069375992
2693,0.02126407064497471,0.021292297169566154
2694,0.021283147856593132,0.02128501422703266
2695,0.019741378724575043,0.021266518160700798
2696,0.021455327048897743,0.02126266434788704
2697,0.020286476239562035,0.021274859085679054
2698,0.018539052456617355,0.02126121334731579
2699,0.019679568707942963,0.02124902606010437
2700,0.020596982911229134,0.021222520619630814
2701,0.019879117608070374,0.021224508062005043
2702,0.02057313732802868,0.021193960681557655
2703,0.021105464547872543,0.02119939588010311
2704,0.020905733108520508,0.02122623659670353
2705,0.021728219464421272,0.021261977031826973
2706,0.022219987586140633,0.021305721253156662
2707,0.022419722750782967,0.02130891941487789
2708,0.021780138835310936,0.021304460242390633
2709,0.020336344838142395,0.021299149841070175
2710,0.019663577899336815,0.021304728463292122
2711,0.02112598717212677,0.021309779956936836
2712,0.02093673124909401,0.021305173635482788
2713,0.020838510245084763,0.021309439092874527
2714,0.019592409953475,0.02132226899266243
2715,0.020391538739204407,0.02134116366505623
2716,0.021474715322256088,0.021366063505411148
2717,0.020494122058153152,0.021378150209784508
2718,0.0199870765209198,0.021391669288277626
2719,0.01900458335876465,0.021417027339339256
2720,0.0211249478161335,0.02138913981616497
2721,0.020180027931928635,0.021334568038582802
2722,0.01981484331190586,0.021320393308997154
2723,0.018694711849093437,0.021335678175091743
2724,0.021380381658673286,0.021350717172026634
2725,0.01821238361299038,0.02135552279651165
2726,0.021464398130774498,0.021352622658014297
2727,0.020826691761612892,0.0213469248265028
2728,0.02198049984872341,0.021345563232898712
2729,0.02177596464753151,0.021366460248827934
2730,0.020912762731313705,0.021337240934371948
2731,0.021493632346391678,0.021358992904424667
2732,0.020407412201166153,0.02133970893919468
2733,0.020750010386109352,0.021332072094082832
2734,0.02132689580321312,0.02131637930870056
2735,0.021182619035243988,0.021314673125743866
2736,0.02135692536830902,0.021324390545487404
2737,0.022774595767259598,0.021359793841838837
2738,0.020039666444063187,0.021365614607930183
2739,0.022453444078564644,0.021395137533545494
2740,0.021291226148605347,0.021416354924440384
2741,0.020717734470963478,0.021426178514957428
2742,0.021097706630825996,0.021428583189845085
2743,0.020296834409236908,0.021407024934887886
2744,0.02200145088136196,0.021403608843684196
2745,0.023082224652171135,0.021377230063080788
2746,0.019719930365681648,0.02136385813355446
2747,0.02069108560681343,0.02138528972864151
2748,0.018876302987337112,0.02137654460966587
2749,0.021269671618938446,0.021374603733420372
2750,0.01938650943338871,0.0214023869484663
2751,0.022738207131624222,0.021413642913103104
2752,0.020194243639707565,0.021421488374471664
2753,0.020905375480651855,0.021450256928801537
2754,0.020748808979988098,0.021448209881782532
2755,0.02106713503599167,0.021435115486383438
2756,0.02017868682742119,0.02144666016101837
2757,0.019358184188604355,0.021449653431773186
2758,0.018874144181609154,0.021471450105309486
2759,0.02153916470706463,0.02147890068590641
2760,0.02025466039776802,0.021468468010425568
2761,0.02158907987177372,0.02145538665354252
2762,0.019975751638412476,0.021425819024443626
2763,0.02011423371732235,0.02143387496471405
2764,0.01979372464120388,0.021428745239973068
2765,0.02073654532432556,0.021417640149593353
2766,0.020541444420814514,0.021406278014183044
2767,0.02033991925418377,0.021379416808485985
2768,0.020975491032004356,0.021385207772254944
2769,0.022142276167869568,0.021371984854340553
2770,0.023380586877465248,0.02135593071579933
2771,0.023267749696969986,0.02133646421134472
2772,0.020268945023417473,0.02131699025630951
2773,0.01881096512079239,0.021308941766619682
2774,0.017626047134399414,0.021293165162205696
2775,0.022089023143053055,0.021280333399772644
2776,0.021127652376890182,0.02126314863562584
2777,0.0207865908741951,0.02127583883702755
2778,0.022153865545988083,0.021265191957354546
2779,0.02099698968231678,0.021261928603053093
2780,0.020631657913327217,0.021273978054523468
2781,0.020999372005462646,0.021256983280181885
2782,0.0211836788803339,0.021255992352962494
2783,0.020961632952094078,0.021266136318445206
2784,0.021879812702536583,0.02128847874701023
2785,0.020068885758519173,0.021316643804311752
2786,0.0208120159804821,0.02132900431752205
2787,0.02020769566297531,0.021350182592868805
2788,0.02120450884103775,0.021344594657421112
2789,0.020887713879346848,0.021334264427423477
2790,0.020491385832428932,0.021343793720006943
2791,0.019050966948270798,0.021337434649467468
2792,0.021534685045480728,0.021334422752261162
2793,0.020566044375300407,0.021343642845749855
2794,0.02092057280242443,0.02135169692337513
2795,0.021969323977828026,0.02134697698056698
2796,0.02088249661028385,0.02134525775909424
2797,0.02108866162598133,0.021347302943468094
2798,0.021187758073210716,0.0213336031883955
2799,0.021429523825645447,0.021347902715206146
2800,0.019871776923537254,0.0213877372443676
2801,0.021634243428707123,0.021422594785690308
2802,0.01975824497640133,0.02143252082169056
2803,0.019790885969996452,0.02143407054245472
2804,0.022174732759594917,0.0214085653424263
2805,0.02078343741595745,0.0213963370770216
2806,0.01929028518497944,0.021372266113758087
2807,0.021676840260624886,0.02137298323214054
2808,0.021538449451327324,0.021368617191910744
2809,0.02231292985379696,0.02133112959563732
2810,0.020540403202176094,0.021337062120437622
2811,0.020164746791124344,0.02132253721356392
2812,0.02129262313246727,0.021305100992321968
2813,0.02051403373479843,0.021281225606799126
2814,0.0199584923684597,0.02128617651760578
2815,0.01878039911389351,0.02126138098537922
2816,0.019940897822380066,0.021257156506180763
2817,0.02021195739507675,0.021263577044010162
2818,0.0211035143584013,0.021264463663101196
2819,0.021959122270345688,0.021245572715997696
2820,0.019814856350421906,0.021250169724225998
2821,0.02136545069515705,0.021205199882388115
2822,0.021920427680015564,0.02122809924185276
2823,0.022701002657413483,0.021239645779132843
2824,0.021034374833106995,0.021269170567393303
2825,0.019230658188462257,0.021304700523614883
2826,0.021532006561756134,0.021311936900019646
2827,0.020386124029755592,0.02131781540811062
2828,0.020545050501823425,0.021306365728378296
2829,0.01970110461115837,0.021265625953674316
2830,0.020398613065481186,0.02124665305018425
2831,0.019947784021496773,0.021210361272096634
2832,0.01974935457110405,0.021196572110056877
2833,0.021060405299067497,0.021220562979578972
2834,0.021024838089942932,0.02124873176217079
2835,0.02067333646118641,0.021283434703946114
2836,0.021037552505731583,0.021283574402332306
2837,0.02119862474501133,0.021286560222506523
2838,0.02074560523033142,0.021277356892824173
2839,0.021028518676757812,0.021292660385370255
2840,0.021472090855240822,0.021256817504763603
2841,0.021096983924508095,0.021279145032167435
2842,0.022181417793035507,0.02128063328564167
2843,0.022914564236998558,0.021287275478243828
2844,0.02098943293094635,0.02129773236811161
2845,0.020259607583284378,0.021313998848199844
2846,0.020094459876418114,0.021361790597438812
2847,0.020095238462090492,0.021359071135520935
2848,0.022254586219787598,0.021360531449317932
2849,0.021643979474902153,0.021326540037989616
2850,0.01972063072025776,0.02129116840660572
2851,0.02242879942059517,0.021265873685479164
2852,0.021269258111715317,0.02125955931842327
2853,0.020607784390449524,0.021269220858812332
2854,0.02077784202992916,0.021279260516166687
2855,0.021653132513165474,0.021280735731124878
2856,0.0207685399800539,0.02128479816019535
2857,0.02129419520497322,0.02127610146999359
2858,0.02163512073457241,0.02125895954668522
2859,0.021422186866402626,0.02125610038638115
2860,0.02116178721189499,0.021313628181815147
2861,0.021235352382063866,0.021320011466741562
2862,0.020031515508890152,0.021308764815330505
2863,0.019533079117536545,0.021318266168236732
2864,0.020271942019462585,0.021322809159755707
2865,0.019549008458852768,0.021313128992915154
2866,0.02011021040380001,0.02131117507815361
2867,0.020792152732610703,0.021295178681612015
2868,0.021575484424829483,0.021299287676811218
2869,0.020666293799877167,0.021285109221935272
2870,0.01939592882990837,0.02130446955561638
2871,0.019565189257264137,0.021320872008800507
2872,0.022494427859783173,0.021316243335604668
2873,0.021905474364757538,0.02130933664739132
2874,0.02243342250585556,0.021314525976777077
2875,0.02004646137356758,0.0213041789829731
2876,0.022267403081059456,0.021290330216288567
2877,0.020523861050605774,0.021308911964297295
2878,0.020741235464811325,0.02129623293876648
2879,0.022101586684584618,0.021270211786031723
2880,0.021141240373253822,0.02128736861050129
2881,0.019205275923013687,0.021294862031936646
2882,0.019480982795357704,0.021296536549925804
2883,0.020560994744300842,0.021296463906764984
2884,0.020914766937494278,0.021273043006658554
2885,0.021137244999408722,0.021260105073451996
2886,0.02153618261218071,0.02128218300640583
2887,0.020393311977386475,0.021263286471366882
2888,0.020012911409139633,0.02127222716808319
2889,0.02131226472556591,0.02127542719244957
2890,0.02281416393816471,0.02127882093191147
2891,0.019951816648244858,0.021269282326102257
2892,0.019344955682754517,0.021265888586640358
2893,0.022017933428287506,0.021245284005999565
2894,0.021142013370990753,0.021245963871479034
2895,0.020379643887281418,0.021210553124547005
2896,0.020516345277428627,0.02121327444911003
2897,0.02200770191848278,0.021206088364124298
2898,0.021299995481967926,0.021204998716711998
2899,0.021150199696421623,0.021244380623102188
2900,0.02075081877410412,0.02127828076481819
2901,0.020472295582294464,0.021316487342119217
2902,0.01990637741982937,0.021306339651346207
2903,0.02051519602537155,0.021302618086338043
2904,0.02137453854084015,0.021284667775034904
2905,0.021805666387081146,0.021243274211883545
2906,0.02037820778787136,0.0212379302829504
2907,0.02054840885102749,0.021244922652840614
2908,0.020509008318185806,0.021251538768410683
2909,0.02096571773290634,0.02127811126410961
2910,0.019689645618200302,0.02130967192351818
2911,0.020271752029657364,0.02129998989403248
2912,0.01986861415207386,0.021299494430422783
2913,0.0207076296210289,0.0212965440005064
2914,0.021762220188975334,0.021310653537511826
2915,0.021123267710208893,0.021319342777132988
2916,0.020218251273036003,0.021307989954948425
2917,0.020694410428404808,0.02131497487425804
2918,0.021154295653104782,0.021320734173059464
2919,0.02110219933092594,0.021294260397553444
2920,0.021239303052425385,0.021304618567228317
2921,0.02112683095037937,0.02131533995270729
2922,0.02082272805273533,0.0213016364723444
2923,0.019167613238096237,0.021300526335835457
2924,0.02232362888753414,0.021309565752744675
2925,0.020442716777324677,0.02128756418824196
2926,0.02091244049370289,0.021288501098752022
2927,0.01848461851477623,0.021267421543598175
2928,0.021101418882608414,0.021234575659036636
2929,0.02151339501142502,0.021225130185484886
2930,0.020805034786462784,0.02120058983564377
2931,0.02023821324110031,0.021218642592430115
2932,0.02083754539489746,0.021223925054073334
2933,0.020697345957159996,0.021232228726148605
2934,0.021615128964185715,0.02123912237584591
2935,0.02048211358487606,0.02124747633934021
2936,0.019727686420083046,0.02124343439936638
2937,0.019382866099476814,0.021232545375823975
2938,0.020984837785363197,0.021226733922958374
2939,0.02183564193546772,0.021226121112704277
2940,0.02137111686170101,0.021229630336165428
2941,0.02101447992026806,0.021225878968834877
2942,0.021565943956375122,0.021210895851254463
2943,0.020134393125772476,0.021202752366662025
2944,0.020388329401612282,0.0211943369358778
2945,0.021638156846165657,0.021193576976656914
2946,0.019525598734617233,0.02119494415819645
2947,0.021131644025444984,0.021172979846596718
2948,0.019829530268907547,0.021186383441090584
2949,0.021385420113801956,0.021178338676691055
2950,0.020344870164990425,0.021184680983424187
2951,0.020119963213801384,0.02120201848447323
2952,0.0212264247238636,0.021225417032837868
2953,0.020846977829933167,0.021248022094368935
2954,0.01922130212187767,0.021264923736453056
2955,0.019935930147767067,0.02128469944000244
2956,0.022100526839494705,0.021284164860844612
2957,0.020648915320634842,0.021269777789711952
2958,0.02137746848165989,0.02126673050224781
2959,0.020740315318107605,0.02123880758881569
2960,0.02330048568546772,0.021228816360235214
2961,0.021730119362473488,0.02125384472310543
2962,0.021882303059101105,0.021266093477606773
2963,0.021581966429948807,0.021280992776155472
2964,0.019919682294130325,0.021269308403134346
2965,0.021819204092025757,0.021256539970636368
2966,0.021470125764608383,0.021258197724819183
2967,0.022867484018206596,0.021255305036902428
2968,0.021392585709691048,0.021261828020215034
2969,0.020890846848487854,0.02125452272593975
2970,0.021107660606503487,0.0212570633739233
2971,0.019873788580298424,0.021234627813100815
2972,0.02024763822555542,0.021236788481473923
2973,0.019965196028351784,0.021240435540676117
2974,0.020294595509767532,0.02124769054353237
2975,0.019209250807762146,0.021243803203105927
2976,0.021805578842759132,0.02123759686946869
2977,0.021370530128479004,0.021239284425973892
2978,0.020975833758711815,0.021238451823592186
2979,0.02044796198606491,0.021234415471553802
2980,0.021839646622538567,0.021243391558527946
2981,0.0219611506909132,0.021241754293441772
2982,0.020903170108795166,0.02125553786754608
2983,0.02033030241727829,0.02125987783074379
2984,0.021103370934724808,0.021265434101223946
2985,0.02187727391719818,0.02125193551182747
2986,0.019957341253757477,0.021254882216453552
2987,0.020316246896982193,0.021240558475255966
2988,0.020563999190926552,0.02123897150158882
2989,0.020465940237045288,0.02124549262225628
2990,0.01950261741876602,0.02124248817563057
2991,0.02039780467748642,0.021248362958431244
2992,0.021073097363114357,0.02123456634581089
2993,0.021372783929109573,0.02123202756047249
2994,0.020777305588126183,0.02121836133301258
2995,0.02147858776152134,0.021241409704089165
2996,0.021394411101937294,0.021227817982435226
2997,0.020795071497559547,0.021247930824756622
2998,0.020185483619570732,0.021241025999188423
2999,0.020288890227675438,0.02121751941740513
3000,0.0218525193631649,0.021211495622992516
3001,0.0196134764701128,0.021219706162810326
3002,0.020541081205010414,0.021232321858406067
3003,0.02005745843052864,0.021234838292002678
3004,0.020328326150774956,0.02122834138572216
3005,0.021195143461227417,0.021224986761808395
3006,0.021571969613432884,0.021234696730971336
3007,0.020749438554048538,0.021218864247202873
3008,0.021961305290460587,0.021209662780165672
3009,0.022053919732570648,0.021207379177212715
3010,0.02089056372642517,0.021182982251048088
3011,0.02198251336812973,0.021186701953411102
3012,0.020362799987196922,0.02120157890021801
3013,0.021645721048116684,0.021204926073551178
3014,0.02054179087281227,0.02123173698782921
3015,0.022541847079992294,0.021227655932307243
3016,0.019426364451646805,0.021224133670330048
3017,0.019997769966721535,0.021221835166215897
3018,0.02053050883114338,0.02122066542506218
3019,0.021314024925231934,0.021206416189670563
3020,0.021175308153033257,0.021228699013590813
3021,0.019680727273225784,0.021239522844552994
3022,0.02128036879003048,0.021248558536171913
3023,0.022460609674453735,0.021250665187835693
3024,0.021108107641339302,0.02126583270728588
3025,0.020057568326592445,0.02127804234623909
3026,0.02248712070286274,0.02125636860728264
3027,0.022809546440839767,0.021237947046756744
3028,0.02152135595679283,0.02121792919933796
3029,0.020845789462327957,0.021243885159492493
3030,0.021350624039769173,0.021244511008262634
3031,0.021088769659399986,0.02125435508787632
3032,0.021848231554031372,0.021258819848299026
3033,0.021725496277213097,0.021256836131215096
3034,0.020434577018022537,0.021247435361146927
3035,0.020163733512163162,0.021253904327750206
3036,0.019890107214450836,0.021276336163282394
3037,0.020376475527882576,0.02126079611480236
3038,0.02168957144021988,0.021243814378976822
3039,0.02164999023079872,0.021246163174510002
3040,0.02202371507883072,0.021225204691290855
3041,0.02015538513660431,0.02120049111545086
3042,0.02077239379286766,0.021187489852309227
3043,0.01974271982908249,0.02120807021856308
3044,0.020133545622229576,0.021214816719293594
3045,0.01991179957985878,0.021225519478321075
3046,0.02038014493882656,0.021213648840785027
3047,0.021797219291329384,0.021211065351963043
3048,0.020061783492565155,0.021218206733465195
3049,0.019461823627352715,0.0212116539478302
3050,0.020644590258598328,0.021216537803411484
3051,0.01870698854327202,0.021224649623036385
3052,0.023032287135720253,0.021249188110232353
3053,0.020467255264520645,0.021246561780571938
3054,0.021519532427191734,0.02124854363501072
3055,0.021367469802498817,0.021260356530547142
3056,0.0195186585187912,0.021277323365211487
3057,0.020995231345295906,0.02130707912147045
3058,0.01926432177424431,0.021312279626727104
3059,0.02152114547789097,0.021304700523614883
3060,0.02178119868040085,0.021310636773705482
3061,0.020671239122748375,0.021298745647072792
3062,0.021773459389805794,0.021299462765455246
3063,0.021212872117757797,0.021302280947566032
3064,0.020404601469635963,0.02130906470119953
3065,0.021288149058818817,0.021317578852176666
3066,0.020353954285383224,0.021316196769475937
3067,0.021745195612311363,0.021309420466423035
3068,0.020568300038576126,0.021291904151439667
3069,0.02093714475631714,0.021266020834445953
3070,0.0196645800024271,0.02126111462712288
3071,0.018787529319524765,0.021268941462039948
3072,0.02007731795310974,0.021250247955322266
3073,0.01866249367594719,0.02124582976102829
3074,0.021763645112514496,0.021243415772914886
3075,0.020130183547735214,0.021265124902129173
3076,0.020813526585698128,0.021273810416460037
3077,0.020596886053681374,0.021278981119394302
3078,0.019533127546310425,0.02128005027770996
3079,0.020055357366800308,0.021249284967780113
3080,0.021368198096752167,0.021245814859867096
3081,0.021246599033474922,0.021255655214190483
3082,0.021131113171577454,0.02125384286046028
3083,0.021726975217461586,0.021237259730696678
3084,0.020090820267796516,0.021244104951620102
3085,0.020257066935300827,0.021269027143716812
3086,0.022041212767362595,0.02127988636493683
3087,0.01984042301774025,0.021291982382535934
3088,0.022654039785265923,0.021284617483615875
3089,0.020829064771533012,0.021274641156196594
3090,0.021339837461709976,0.021264690905809402
3091,0.019858907908201218,0.021252240985631943
3092,0.020323792472481728,0.021233510226011276
3093,0.019712714478373528,0.021218668669462204
3094,0.020079554989933968,0.021220654249191284
3095,0.01991235837340355,0.021236602216959
3096,0.02237667329609394,0.021216625347733498
3097,0.020375698804855347,0.021232757717370987
3098,0.02072730101644993,0.021236492320895195
3099,0.0205460786819458,0.021236028522253036
3100,0.020738529041409492,0.021255217492580414
3101,0.01988336443901062,0.02126247249543667
3102,0.020351259037852287,0.02126322127878666
3103,0.020959118381142616,0.021302344277501106
3104,0.019504688680171967,0.02130601741373539
3105,0.020232975482940674,0.021305803209543228
3106,0.020975325256586075,0.02129042148590088
3107,0.02192210964858532,0.02126823365688324
3108,0.021221298724412918,0.021217290312051773
3109,0.020936597138643265,0.0212068073451519
3110,0.022522397339344025,0.021205822005867958
3111,0.022224416956305504,0.021214548498392105
3112,0.020789286121726036,0.02123795822262764
3113,0.021493516862392426,0.02124161086976528
3114,0.020642759278416634,0.021256783977150917
3115,0.02233213745057583,0.021268095821142197
3116,0.02184714563190937,0.021278049796819687
3117,0.020898442715406418,0.021278994157910347
3118,0.022128315642476082,0.021293245255947113
3119,0.021230114623904228,0.021314501762390137
3120,0.021226927638053894,0.021338125690817833
3121,0.02016531489789486,0.021340740844607353
3122,0.01995881088078022,0.021327415481209755
3123,0.021933093667030334,0.021312963217496872
3124,0.021548278629779816,0.02129845879971981
3125,0.021481100469827652,0.021273117512464523
3126,0.019792387261986732,0.021270427852869034
3127,0.01933269202709198,0.021242881193757057
3128,0.02153869904577732,0.021216852590441704
3129,0.02021741308271885,0.021217547357082367
3130,0.022508546710014343,0.02119940146803856
3131,0.020045315846800804,0.02120179310441017
3132,0.018165914341807365,0.02122233621776104
3133,0.019715799018740654,0.021232804283499718
3134,0.019669877365231514,0.02124636620283127
3135,0.023743556812405586,0.021245617419481277
3136,0.021282823756337166,0.02121260203421116
3137,0.02113792672753334,0.0212140791118145
3138,0.02300257608294487,0.021203260868787766
3139,0.02060331217944622,0.021202215924859047
3140,0.02006179839372635,0.02120888978242874
3141,0.021130062639713287,0.021236993372440338
3142,0.020994625985622406,0.02126413583755493
3143,0.02072385884821415,0.021287543699145317
3144,0.01898040436208248,0.021303484216332436
3145,0.020996324717998505,0.02130870893597603
3146,0.021955467760562897,0.021298134699463844
3147,0.02018875814974308,0.021272830665111542
3148,0.021389072760939598,0.021252723410725594
3149,0.020497092977166176,0.02125101536512375
3150,0.021860696375370026,0.0212697833776474
3151,0.02173513174057007,0.021286312490701675
3152,0.02198794111609459,0.021315988153219223
3153,0.020368380472064018,0.02132950909435749
3154,0.02173122949898243,0.021329596638679504
3155,0.020268971100449562,0.02131802961230278
3156,0.02033509500324726,0.02126810885965824
3157,0.019774338230490685,0.02122127264738083
3158,0.020901737734675407,0.021190956234931946
3159,0.021577512845396996,0.021154506132006645
3160,0.021143054589629173,0.0211398396641016
3161,0.01888286881148815,0.021125955507159233
3162,0.022295407950878143,0.021147452294826508
3163,0.021239817142486572,0.0211653895676136
3164,0.020895743742585182,0.02116970717906952
3165,0.02288373000919819,0.021178530529141426
3166,0.021866504102945328,0.021181106567382812
3167,0.021280257031321526,0.02119571901857853
3168,0.02116701379418373,0.021191364154219627
3169,0.02023000828921795,0.02120480127632618
3170,0.019102277234196663,0.021167943254113197
3171,0.021645355969667435,0.021169442683458328
3172,0.020881136879324913,0.021184340119361877
3173,0.021563928574323654,0.02120538428425789
3174,0.02199813351035118,0.021210696548223495
3175,0.021265296265482903,0.021227147430181503
3176,0.019836781546473503,0.021208953112363815
3177,0.021166246384382248,0.02120167203247547
3178,0.02043532393872738,0.021208232268691063
3179,0.02179175429046154,0.021178923547267914
3180,0.02046528272330761,0.021199073642492294
3181,0.019657757133245468,0.021201269701123238
3182,0.02029000222682953,0.02121587283909321
3183,0.019327715039253235,0.02122245356440544
3184,0.020434191450476646,0.021224303171038628
3185,0.02172110602259636,0.021215852349996567
3186,0.019100533798336983,0.021227411925792694
3187,0.020672621205449104,0.021232226863503456
3188,0.020109280943870544,0.021231839433312416
3189,0.019289785996079445,0.02124275267124176
3190,0.02182742767035961,0.021239450201392174
3191,0.0218559168279171,0.02122977189719677
3192,0.020131155848503113,0.02122524008154869
3193,0.01972006820142269,0.021237516775727272
3194,0.02052951045334339,0.02120421826839447
3195,0.01877223700284958,0.021170515567064285
3196,0.021380942314863205,0.02118736505508423
3197,0.021971438080072403,0.021227367222309113
3198,0.020980043336749077,0.021235736086964607
3199,0.020595474168658257,0.02124011144042015
3200,0.02003026194870472,0.021217137575149536
3201,0.022782178595662117,0.021217122673988342
3202,0.020556949079036713,0.02121087536215782
3203,0.01908479444682598,0.02120324596762657
3204,0.019695604220032692,0.02118963934481144
3205,0.020777322351932526,0.02117476798593998
3206,0.020948732271790504,0.021182263270020485
3207,0.022075966000556946,0.021182864904403687
3208,0.020181596279144287,0.02118515782058239
3209,0.02279883436858654,0.021183544769883156
3210,0.02030358463525772,0.021194206550717354
3211,0.0208017248660326,0.021167870610952377
3212,0.018626246601343155,0.021183950826525688
3213,0.020775550976395607,0.021200919523835182
3214,0.021760625764727592,0.021197203546762466
3215,0.01961894892156124,0.02121049165725708
3216,0.01837063767015934,0.021176867187023163
3217,0.018354641273617744,0.021165205165743828
3218,0.021620705723762512,0.021174684166908264
3219,0.019961021840572357,0.021209001541137695
3220,0.020446117967367172,0.021244408562779427
3221,0.01981041394174099,0.021243955940008163
3222,0.020338214933872223,0.021238066256046295
3223,0.021864254027605057,0.0212235227227211
3224,0.021982142701745033,0.021221349015831947
3225,0.020627353340387344,0.02118690498173237
3226,0.019628172740340233,0.021167568862438202
3227,0.020479394122958183,0.02115754783153534
3228,0.022212417796254158,0.021163277328014374
3229,0.021730517968535423,0.0211621206253767
3230,0.020695984363555908,0.021152066066861153
3231,0.020843815058469772,0.0211502593010664
3232,0.019591886550188065,0.02114199660718441
3233,0.02152070961892605,0.0211333055049181
3234,0.020301517099142075,0.021165769547224045
3235,0.020507313311100006,0.021174216642975807
3236,0.020863231271505356,0.02118564397096634
3237,0.021343126893043518,0.02117758058011532
3238,0.022178517654538155,0.021184757351875305
3239,0.02013937197625637,0.021193524822592735
3240,0.02164314314723015,0.02117280662059784
3241,0.02047727070748806,0.02116849645972252
3242,0.018765881657600403,0.021160470321774483
3243,0.020792314782738686,0.021154001355171204
3244,0.020695878192782402,0.02116239257156849
3245,0.023387182503938675,0.021163642406463623
3246,0.02188955806195736,0.021141164004802704
3247,0.021527975797653198,0.0211107786744833
3248,0.020488470792770386,0.021140670403838158
3249,0.020737534388899803,0.02115708589553833
3250,0.020374685525894165,0.02117788977921009
3251,0.01894315518438816,0.02120075561106205
3252,0.020500440150499344,0.021227220073342323
3253,0.02044828049838543,0.02122718095779419
3254,0.019756214693188667,0.021223781630396843
3255,0.021068958565592766,0.02121109701693058
3256,0.01977233961224556,0.021217772737145424
3257,0.020433589816093445,0.021217748522758484
3258,0.020048609003424644,0.021193524822592735
3259,0.01979776844382286,0.02117380127310753
3260,0.01985967345535755,0.021175339818000793
3261,0.020797956734895706,0.02117237076163292
3262,0.02189493738114834,0.02115258015692234
3263,0.0205732099711895,0.02115342579782009
3264,0.01959407702088356,0.021158801391720772
3265,0.020242273807525635,0.02116304636001587
3266,0.02017129771411419,0.021122679114341736
3267,0.01981499046087265,0.021109651774168015
3268,0.020082097500562668,0.02110365219414234
3269,0.020174769684672356,0.021124832332134247
3270,0.020073125138878822,0.021130254492163658
3271,0.020953165367245674,0.021150704473257065
3272,0.01932665891945362,0.021139532327651978
3273,0.020095573738217354,0.02114265225827694
3274,0.022167857736349106,0.021166205406188965
3275,0.02046448364853859,0.021203836426138878
3276,0.021765200421214104,0.021206852048635483
3277,0.020158709958195686,0.021195080131292343
3278,0.021097587421536446,0.021196285262703896
3279,0.02245800383388996,0.021204888820648193
3280,0.022755730897188187,0.021237337961792946
3281,0.020809249952435493,0.02123233489692211
3282,0.023031892254948616,0.021251177415251732
3283,0.01939365267753601,0.021257512271404266
3284,0.0199116300791502,0.021244268864393234
3285,0.020655186846852303,0.021250128746032715
3286,0.022093525156378746,0.02124706283211708
3287,0.02189353108406067,0.021262243390083313
3288,0.023128362372517586,0.021302275359630585
3289,0.019394945353269577,0.021316571161150932
3290,0.019395465031266212,0.021333608776330948
3291,0.019100455567240715,0.021338550373911858
3292,0.021373525261878967,0.021325016394257545
3293,0.021455103531479836,0.021301543340086937
3294,0.019997570663690567,0.021317509934306145
3295,0.019862981513142586,0.02132428251206875
3296,0.02174384333193302,0.02137763984501362
3297,0.021449541673064232,0.021368857473134995
3298,0.021191470324993134,0.02137739211320877
3299,0.020708134397864342,0.021344566717743874
3300,0.020921682938933372,0.021318918094038963
3301,0.020423682406544685,0.02129630744457245
3302,0.020288456231355667,0.021296193823218346
3303,0.019806914031505585,0.021291179582476616
3304,0.021149642765522003,0.021315274760127068
3305,0.021410616114735603,0.021276386454701424
3306,0.02217671275138855,0.021286725997924805
3307,0.02018771693110466,0.02127503789961338
3308,0.019741082563996315,0.02125968411564827
3309,0.020117715001106262,0.021286102011799812
3310,0.02288719452917576,0.0212857685983181
3311,0.021194549277424812,0.02129748836159706
3312,0.02077587880194187,0.021302616223692894
3313,0.019708829000592232,0.021312296390533447
3314,0.02227286621928215,0.021324438974261284
3315,0.01953621581196785,0.021301262080669403
3316,0.021196376532316208,0.021273743361234665
3317,0.023174278438091278,0.02124226838350296
3318,0.0192833561450243,0.021231506019830704
3319,0.02023964561522007,0.02121557481586933
3320,0.021178876981139183,0.02121720463037491
3321,0.02065468579530716,0.02119165100157261
3322,0.02052587829530239,0.02117452397942543
3323,0.02137986570596695,0.021148107945919037
3324,0.019397346302866936,0.021158238872885704
3325,0.021388091146945953,0.02118624746799469
3326,0.019976768642663956,0.02120025083422661
3327,0.022389112040400505,0.021213844418525696
3328,0.0206307340413332,0.02124098502099514
3329,0.021700549870729446,0.021253641694784164
3330,0.01994147151708603,0.02127186208963394
3331,0.020829571411013603,0.021301139146089554
3332,0.021237188950181007,0.021311450749635696
3333,0.020445285364985466,0.02127292938530445
3334,0.019570274278521538,0.021237142384052277
3335,0.020424149930477142,0.021222645416855812
3336,0.02105247974395752,0.02123132348060608
3337,0.019650064408779144,0.02124064601957798
3338,0.02110328897833824,0.021249931305646896
3339,0.021644875407218933,0.021263493224978447
3340,0.022136690095067024,0.021246356889605522
3341,0.020770767703652382,0.021245094016194344
3342,0.019367268308997154,0.02123468555510044
3343,0.021233681589365005,0.021240713074803352
3344,0.020350292325019836,0.021261541172862053
3345,0.020636629313230515,0.02130451239645481
3346,0.020115597173571587,0.021333666518330574
3347,0.020076235756278038,0.021335944533348083
3348,0.020297303795814514,0.02136629819869995
3349,0.019812896847724915,0.021367717534303665
3350,0.020634744316339493,0.021391702815890312
3351,0.022221969440579414,0.021405121311545372
3352,0.020576132461428642,0.021368766203522682
3353,0.021065648645162582,0.021294202655553818
3354,0.022084403783082962,0.021263891831040382
3355,0.02134198322892189,0.02124466374516487
3356,0.022821681573987007,0.021239090710878372
3357,0.021522721275687218,0.02124626561999321
3358,0.01987340860068798,0.021251313388347626
3359,0.021129854023456573,0.021244099363684654
3360,0.020031264051795006,0.021225832402706146
3361,0.021244630217552185,0.021223103627562523
3362,0.021172545850276947,0.0212263111025095
3363,0.021828481927514076,0.021220119670033455
3364,0.021887395530939102,0.021223535761237144
3365,0.020307693630456924,0.021212171763181686
3366,0.021522440016269684,0.021239887923002243
3367,0.02098563313484192,0.021264908835291862
3368,0.020523041486740112,0.021268734708428383
3369,0.018761588260531425,0.021294672042131424
3370,0.02110348455607891,0.021290192380547523
3371,0.020542830228805542,0.021295122802257538
3372,0.02094252035021782,0.02130327932536602
3373,0.020326444879174232,0.021303359419107437
3374,0.021703030914068222,0.021296510472893715
3375,0.021231001242995262,0.02126787044107914
3376,0.021471746265888214,0.021256983280181885
3377,0.02033129893243313,0.021254336461424828
3378,0.019489841535687447,0.02125142514705658
3379,0.022099312394857407,0.021239547058939934
3380,0.01975415088236332,0.021233083680272102
3381,0.02113654464483261,0.021213775500655174
3382,0.020751796662807465,0.021211795508861542
3383,0.020846232771873474,0.02121829427778721
3384,0.02103651687502861,0.021205617114901543
3385,0.02110866643488407,0.021218810230493546
3386,0.019392866641283035,0.021212037652730942
3387,0.02145550586283207,0.021216481924057007
3388,0.021324656903743744,0.02122725360095501
3389,0.021157627925276756,0.0212685689330101
3390,0.020140016451478004,0.021280838176608086
3391,0.022006932646036148,0.02129516936838627
3392,0.021268054842948914,0.021289972588419914
3393,0.02058418095111847,0.02128141187131405
3394,0.020475666970014572,0.021290555596351624
3395,0.021482951939105988,0.021296048536896706
3396,0.019840113818645477,0.02131466194987297
3397,0.021225228905677795,0.021309131756424904
3398,0.019367028027772903,0.021288542076945305
3399,0.020680800080299377,0.02128133736550808
3400,0.02148255705833435,0.021270180121064186
3401,0.023032013326883316,0.021270375698804855
3402,0.02008594386279583,0.021244939416646957
3403,0.022176329046487808,0.021244147792458534
3404,0.022532979026436806,0.021241189911961555
3405,0.020058222115039825,0.021261263638734818
3406,0.020218627527356148,0.021258467808365822
3407,0.0218062661588192,0.02126064896583557
3408,0.02021203376352787,0.02126479335129261
3409,0.02044413797557354,0.021280109882354736
3410,0.01907516084611416,0.021298207342624664
3411,0.019623849540948868,0.02129739709198475
3412,0.021071312949061394,0.02131788432598114
3413,0.020618051290512085,0.021309761330485344
3414,0.019355788826942444,0.02128623053431511
3415,0.020450808107852936,0.02126488648355007
3416,0.020437369123101234,0.021270528435707092
3417,0.022678852081298828,0.021273354068398476
3418,0.020899908617138863,0.0212699044495821
3419,0.01974554918706417,0.021262727677822113
3420,0.018878787755966187,0.021259458735585213
3421,0.020433194935321808,0.021240530535578728
3422,0.019417954608798027,0.021238334476947784
3423,0.020826619118452072,0.021222030743956566
3424,0.020984910428524017,0.02118709310889244
3425,0.02046833373606205,0.021191459149122238
3426,0.020714757964015007,0.021178441122174263
3427,0.019545018672943115,0.021202122792601585
3428,0.021384960040450096,0.021196769550442696
3429,0.01988971419632435,0.02119404263794422
3430,0.021981535479426384,0.02120792493224144
3431,0.020114604383707047,0.02121715433895588
3432,0.019700409844517708,0.021235883235931396
3433,0.019550208002328873,0.021240301430225372
3434,0.02108878269791603,0.021241409704089165
3435,0.020261304453015327,0.02123510278761387
3436,0.020597847178578377,0.021206021308898926
3437,0.020512601360678673,0.02120329812169075
3438,0.01982482522726059,0.02120375446975231
3439,0.019547877833247185,0.021196870133280754
3440,0.019470445811748505,0.021225789561867714
3441,0.01872345060110092,0.021237201988697052
3442,0.019757019355893135,0.021250572055578232
3443,0.020675549283623695,0.021247269585728645
3444,0.02106313593685627,0.02123352885246277
3445,0.02111033909022808,0.021253200247883797
3446,0.020792286843061447,0.021225541830062866
3447,0.020603911951184273,0.021216118708252907
3448,0.019774703308939934,0.021191373467445374
3449,0.02102787047624588,0.02118331752717495
3450,0.0193483866751194,0.02120121195912361
3451,0.0214246679097414,0.021216142922639847
3452,0.020574122667312622,0.0212116576731205
3453,0.020505134016275406,0.02119266800582409
3454,0.01903378777205944,0.021190516650676727
3455,0.021603016182780266,0.021174665540456772
3456,0.020499538630247116,0.0211653970181942
3457,0.01995363086462021,0.02117498219013214
3458,0.01993667706847191,0.021193573251366615
3459,0.020650390535593033,0.021206412464380264
3460,0.020141862332820892,0.021238764747977257
3461,0.020921368151903152,0.021252570673823357
3462,0.022579839453101158,0.02123863436281681
3463,0.01946469396352768,0.021249137818813324
3464,0.020464671775698662,0.021245142444968224
3465,0.020846931263804436,0.021254336461424828
3466,0.020099084824323654,0.021255463361740112
3467,0.020487036556005478,0.021252736449241638
3468,0.019382551312446594,0.021259168162941933
3469,0.021371912211179733,0.021255703642964363
3470,0.019409380853176117,0.02125207707285881
3471,0.020952798426151276,0.021259300410747528
3472,0.0207529217004776,0.02127107046544552
3473,0.021102817729115486,0.02125614508986473
3474,0.020562749356031418,0.021243592724204063
3475,0.021237961947917938,0.021215315908193588
3476,0.019795607775449753,0.021208947524428368
3477,0.019891878589987755,0.021210163831710815
3478,0.020924044772982597,0.02121979556977749
3479,0.02028152346611023,0.021240204572677612
3480,0.01999051496386528,0.021250154823064804
3481,0.018480965867638588,0.02125302143394947
3482,0.01981404982507229,0.021243030205368996
3483,0.020734241232275963,0.021216191351413727
3484,0.022200053557753563,0.021197110414505005
3485,0.022718898952007294,0.021195106208324432
3486,0.020390775054693222,0.021193645894527435
3487,0.018721092492341995,0.021188825368881226
3488,0.019848298281431198,0.02120029553771019
3489,0.019226010888814926,0.021233506500720978
3490,0.020799845457077026,0.021221227943897247
3491,0.020732704550027847,0.021215252578258514
3492,0.020768459886312485,0.021219845861196518
3493,0.019846748560667038,0.02123061567544937
3494,0.020165083929896355,0.021227048709988594
3495,0.021513620391488075,0.021217556670308113
3496,0.0204993337392807,0.02119198441505432
3497,0.022649098187685013,0.02121688239276409
3498,0.02052180841565132,0.021263886243104935
3499,0.021418962627649307,0.021289950236678123
3500,0.020341169089078903,0.02131461910903454
3501,0.02010013349354267,0.02131841704249382
3502,0.02085292339324951,0.021331671625375748
3503,0.020427968353033066,0.021343110129237175
3504,0.020986299961805344,0.021312301978468895
3505,0.01963738165795803,0.021314924582839012
3506,0.020633639767766,0.021289043128490448
3507,0.01938839815557003,0.02127871848642826
3508,0.020742405205965042,0.021280664950609207
3509,0.02072242647409439,0.021281179040670395
3510,0.019779745489358902,0.021294308826327324
3511,0.019828107208013535,0.0212996918708086
3512,0.020528346300125122,0.021324748173356056
3513,0.020978378131985664,0.021332997828722
3514,0.021063625812530518,0.02133353427052498
3515,0.02062726952135563,0.021343300119042397
3516,0.01986306719481945,0.021343322470784187
3517,0.019463369622826576,0.021348990499973297
3518,0.018655771389603615,0.021350255236029625
3519,0.021589985117316246,0.021349359303712845
3520,0.01982431672513485,0.02134176902472973
3521,0.021790560334920883,0.02133879065513611
3522,0.022360440343618393,0.021313132718205452
3523,0.02069806307554245,0.021277692168951035
3524,0.01912108063697815,0.021302876994013786
3525,0.019623730331659317,0.02132509835064411
3526,0.021278895437717438,0.02133551426231861
3527,0.019219214096665382,0.021329447627067566
3528,0.019577909260988235,0.021348003298044205
3529,0.01954895257949829,0.02134639583528042
3530,0.019934823736548424,0.021345803514122963
3531,0.02024003490805626,0.021341852843761444
3532,0.021019646897912025,0.021357204765081406
3533,0.021969489753246307,0.02134842611849308
3534,0.02221103571355343,0.02131081372499466
3535,0.020716862753033638,0.021310562267899513
3536,0.020267054438591003,0.021293506026268005
3537,0.019925300031900406,0.021306099370121956
3538,0.020898787304759026,0.021322254091501236
3539,0.020632311701774597,0.021340059116482735
3540,0.01935761794447899,0.021324196830391884
3541,0.02146071009337902,0.021311229094862938
3542,0.020705172792077065,0.02129594050347805
3543,0.020478803664445877,0.021280184388160706
3544,0.02057615853846073,0.021262342110276222
3545,0.020184431225061417,0.021255988627672195
3546,0.020767612382769585,0.02125638537108898
3547,0.01937204599380493,0.021248189732432365
3548,0.019963378086686134,0.02124124765396118
3549,0.019919242709875107,0.021229414269328117
3550,0.021747827529907227,0.021220622584223747
3551,0.019719285890460014,0.021212555468082428
3552,0.0219331756234169,0.021205462515354156
3553,0.020019665360450745,0.021229755133390427
3554,0.021785343065857887,0.02124663256108761
3555,0.022256087511777878,0.02127429097890854
3556,0.020987292751669884,0.02126978151500225
3557,0.02080107107758522,0.02125466614961624
3558,0.02230318821966648,0.02127397432923317
3559,0.021024800837039948,0.02124154008924961
3560,0.023493023589253426,0.021211858838796616
3561,0.021602533757686615,0.021198274567723274
3562,0.019901780411601067,0.02121548168361187
3563,0.019588889554142952,0.021214598789811134
3564,0.021138453856110573,0.021237969398498535
3565,0.02025577612221241,0.021300887688994408
3566,0.021118108183145523,0.02136877179145813
3567,0.02133806049823761,0.02139691263437271
3568,0.02039574459195137,0.021390622481703758
3569,0.020968157798051834,0.021395619958639145
3570,0.022638218477368355,0.021376658231019974
3571,0.022963572293519974,0.021338414400815964
3572,0.021653980016708374,0.021348312497138977
3573,0.019951986148953438,0.021346574649214745
3574,0.020496761426329613,0.021358897909522057
3575,0.020332876592874527,0.021333664655685425
3576,0.019597141072154045,0.02134275995194912
3577,0.019364353269338608,0.02132822386920452
3578,0.022108914330601692,0.021319612860679626
3579,0.02115551382303238,0.021323874592781067
3580,0.019538244232535362,0.021338943392038345
3581,0.020444568246603012,0.02133891172707081
3582,0.020995007827878,0.021361306309700012
3583,0.020600011572241783,0.02134823426604271
3584,0.021049221977591515,0.021322334185242653
3585,0.019757375121116638,0.021292276680469513
3586,0.020787090063095093,0.021293893456459045
3587,0.020665686577558517,0.02128562517464161
3588,0.0194548387080431,0.0212683267891407
3589,0.022282900288701057,0.02124503254890442
3590,0.021528763696551323,0.021217171102762222
3591,0.01916155032813549,0.02121364325284958
3592,0.021304061636328697,0.02119659259915352
3593,0.020053068175911903,0.02120800130069256
3594,0.02204872854053974,0.021215146407485008
3595,0.021917738020420074,0.021228773519396782
3596,0.02129070833325386,0.021199584007263184
3597,0.020428132265806198,0.02120748721063137
3598,0.01955142244696617,0.021200746297836304
3599,0.019664185121655464,0.021218111738562584
3600,0.020704425871372223,0.021226957440376282
3601,0.021589141339063644,0.021243568509817123
3602,0.02144302800297737,0.021217985078692436
3603,0.019420331344008446,0.021211005747318268
3604,0.019644713029265404,0.02120208367705345
3605,0.02182699739933014,0.021205490455031395
3606,0.01949438825249672,0.021219944581389427
3607,0.019678017124533653,0.02122301608324051
3608,0.021549127995967865,0.02121557667851448
3609,0.019216280430555344,0.0212034173309803
3610,0.02111322619020939,0.02117379941046238
3611,0.021048758178949356,0.021141573786735535
3612,0.020753907039761543,0.02117517590522766
3613,0.019354818388819695,0.021226268261671066
3614,0.021138431504368782,0.021262697875499725
3615,0.020344141870737076,0.021279003471136093
3616,0.0195247083902359,0.021243030205368996
3617,0.021240614354610443,0.021190552040934563
3618,0.02187427133321762,0.021192744374275208
3619,0.01934685930609703,0.021180812269449234
3620,0.01987385004758835,0.021201014518737793
3621,0.020478876307606697,0.02123842015862465
3622,0.02274041250348091,0.021234113723039627
3623,0.02060117945075035,0.021247686818242073
3624,0.018291186541318893,0.021267075091600418
3625,0.020689379423856735,0.021268585696816444
3626,0.0213312990963459,0.021256916224956512
3627,0.02090063877403736,0.021253027021884918
3628,0.021972976624965668,0.0212616715580225
3629,0.021273372694849968,0.021264929324388504
3630,0.019841566681861877,0.02124244160950184
3631,0.021606627851724625,0.02122153900563717
3632,0.02062104642391205,0.021202946081757545
3633,0.019102826714515686,0.02118796668946743
3634,0.021427825093269348,0.021179212257266045
3635,0.021134112030267715,0.021150870248675346
3636,0.021506140008568764,0.021149471402168274
3637,0.022068515419960022,0.021144861355423927
3638,0.01978704333305359,0.02116517163813114
3639,0.021744737401604652,0.02117200754582882
3640,0.020773883908987045,0.021159213036298752
3641,0.02094026282429695,0.021178878843784332
3642,0.021643836051225662,0.021185779944062233
3643,0.020413100719451904,0.021163439378142357
3644,0.02145679108798504,0.021145464852452278
3645,0.02241622470319271,0.021157190203666687
3646,0.021011242642998695,0.02117954008281231
3647,0.020685885101556778,0.021192150190472603
3648,0.020921770483255386,0.021201858296990395
3649,0.02066364698112011,0.021231504157185555
3650,0.020451420918107033,0.021230438724160194
3651,0.01891406625509262,0.021208148449659348
3652,0.020875075832009315,0.02120945043861866
3653,0.02109713852405548,0.021198198199272156
3654,0.022265873849391937,0.02119806781411171
3655,0.019676392897963524,0.021196985617280006
3656,0.022144971415400505,0.021222226321697235
3657,0.02036944217979908,0.021231217309832573
3658,0.021963894367218018,0.02123207412660122
3659,0.02235013246536255,0.02120521105825901
3660,0.0198905598372221,0.021216126158833504
3661,0.021519608795642853,0.021198907867074013
3662,0.020718079060316086,0.02117844671010971
3663,0.021964000537991524,0.021192066371440887
3664,0.019908670336008072,0.021202895790338516
3665,0.021663643419742584,0.021227864548563957
3666,0.02049349807202816,0.021233975887298584
3667,0.02122895047068596,0.021251555532217026
3668,0.020421328023076057,0.02125309221446514
3669,0.0201449915766716,0.021261196583509445
3670,0.022147685289382935,0.021244417876005173
3671,0.018775874748826027,0.021251773461699486
3672,0.02001767046749592,0.021234769374132156
3673,0.020026588812470436,0.0212286077439785
3674,0.02174934186041355,0.021229350939393044
3675,0.022257987409830093,0.02121618762612343
3676,0.01989115960896015,0.02123527228832245
3677,0.020245732739567757,0.02123279869556427
3678,0.020607806742191315,0.02124781534075737
3679,0.021184267476201057,0.021268973127007484
3680,0.021622179076075554,0.02127804420888424
3681,0.02112722210586071,0.021259574219584465
3682,0.019565273076295853,0.021267302334308624
3683,0.020910214632749557,0.02128024585545063
3684,0.021035505458712578,0.021285371854901314
3685,0.020072080194950104,0.021288152784109116
3686,0.020708465948700905,0.021302880719304085
3687,0.02212919108569622,0.021307529881596565
3688,0.02149643562734127,0.021318428218364716
3689,0.020937485620379448,0.021335581317543983
3690,0.022096484899520874,0.021312817931175232
3691,0.021830374374985695,0.021295566111803055
3692,0.02159050665795803,0.021280286833643913
3693,0.021281970664858818,0.021278904750943184
3694,0.02142094261944294,0.021268703043460846
3695,0.020859021693468094,0.0212313961237669
3696,0.020987439900636673,0.021217992529273033
3697,0.022105403244495392,0.02121998928487301
3698,0.021061278879642487,0.021217096596956253
3699,0.020658893510699272,0.02120981551706791
3700,0.02058338187634945,0.02122153341770172
3701,0.02072642557322979,0.021224817261099815
3702,0.02053074724972248,0.021223586052656174
3703,0.019727133214473724,0.021228035911917686
3704,0.022705718874931335,0.021203892305493355
3705,0.020274361595511436,0.02119702659547329
3706,0.019832175225019455,0.021198954433202744
3707,0.020721780136227608,0.021213024854660034
3708,0.020498070865869522,0.021169301122426987
3709,0.020806722342967987,0.021149689331650734
3710,0.021068023517727852,0.02115579880774021
3711,0.021906206384301186,0.021138977259397507
3712,0.019668029621243477,0.02113538607954979
3713,0.02050931192934513,0.021143421530723572
3714,0.01897316798567772,0.02115834318101406
3715,0.02041589841246605,0.02115752175450325
3716,0.02197296731173992,0.021152863278985023
3717,0.019513381645083427,0.021152889356017113
3718,0.021108565852046013,0.021165160462260246
3719,0.020420214161276817,0.021164212375879288
3720,0.020530017092823982,0.021158073097467422
3721,0.02015044167637825,0.021163804456591606
3722,0.02060314454138279,0.0211352426558733
3723,0.01971450075507164,0.021142322570085526
3724,0.021845659241080284,0.021147942170500755
3725,0.020096629858016968,0.021146314218640327
3726,0.018830806016921997,0.021139858290553093
3727,0.020567284896969795,0.02113097906112671
3728,0.022183211520314217,0.021138569340109825
3729,0.02059018798172474,0.02114838920533657
3730,0.02020685188472271,0.02114930935204029
3731,0.020547829568386078,0.02114301361143589
3732,0.019728947430849075,0.02115367352962494
3733,0.020183270797133446,0.021137550473213196
3734,0.020221559330821037,0.02112947218120098
3735,0.0209171362221241,0.02112453430891037
3736,0.02088310569524765,0.021147219464182854
3737,0.018881477415561676,0.02117384411394596
3738,0.020227795466780663,0.021183792501688004
3739,0.02090545743703842,0.021158751100301743
3740,0.019625138491392136,0.021171776577830315
3741,0.022392529994249344,0.0211618784815073
3742,0.02179073914885521,0.021162020042538643
3743,0.021739758551120758,0.02115270495414734
3744,0.021049316972494125,0.02114614099264145
3745,0.020635658875107765,0.02116917446255684
3746,0.020391294732689857,0.021184666082262993
3747,0.0211858619004488,0.021205995231866837
3748,0.020535025745630264,0.021234523504972458
3749,0.02057071216404438,0.021249759942293167
3750,0.021687742322683334,0.021246496587991714
3751,0.020893314853310585,0.02124384604394436
3752,0.020474905148148537,0.02122591808438301
3753,0.02067510411143303,0.02120044268667698
3754,0.02043655514717102,0.02121526002883911
3755,0.020819276571273804,0.021202968433499336
3756,0.02225007489323616,0.021183520555496216
3757,0.021531127393245697,0.021206563338637352
3758,0.021076735109090805,0.021197937428951263
3759,0.021883249282836914,0.021183669567108154
3760,0.021314572542905807,0.021155480295419693
3761,0.01966913975775242,0.02115326002240181
3762,0.020395861938595772,0.021149257197976112
3763,0.02037939429283142,0.021159563213586807
3764,0.020114870741963387,0.021163858473300934
3765,0.021014323458075523,0.02116011641919613
3766,0.021162595599889755,0.021162457764148712
3767,0.02320031449198723,0.021166721358895302
3768,0.02072278782725334,0.021182024851441383
3769,0.02023642510175705,0.02117578499019146
3770,0.01938985474407673,0.021152421832084656
3771,0.0226291511207819,0.021152116358280182
3772,0.021434126421809196,0.021174531430006027
3773,0.019877828657627106,0.021190738305449486
3774,0.021378541365265846,0.0211917944252491
3775,0.020608315244317055,0.021199192851781845
3776,0.02112160250544548,0.021224364638328552
3777,0.02156047523021698,0.021253591403365135
3778,0.02063855715095997,0.0212392657995224
3779,0.021052420139312744,0.02123953029513359
3780,0.022060634568333626,0.021240511909127235
3781,0.019361300393939018,0.02123212069272995
3782,0.022113768383860588,0.021205060184001923
3783,0.020527349784970284,0.021203387528657913
3784,0.0214750487357378,0.021170927211642265
3785,0.01954958401620388,0.021184800192713737
3786,0.021147387102246284,0.021197769790887833
3787,0.02000207081437111,0.02121266908943653
3788,0.021012039855122566,0.021225785836577415
3789,0.01996280439198017,0.021217945963144302
3790,0.021403737366199493,0.021219098940491676
3791,0.01931515894830227,0.021213725209236145
3792,0.020510053262114525,0.021206703037023544
3793,0.023179437965154648,0.021196167916059494
3794,0.020947782322764397,0.02117307297885418
3795,0.02054869383573532,0.021162036806344986
3796,0.021185725927352905,0.021172795444726944
3797,0.021220024675130844,0.021173181012272835
3798,0.022194404155015945,0.021201230585575104
3799,0.020576724782586098,0.021205535158514977
